mode: count
github.com/crunchydata/postgres-operator/cmd/pgo-wizard/main.go:24.13,25.42 1 0
github.com/crunchydata/postgres-operator/cmd/pgo-wizard/main.go:25.42,28.3 2 0
github.com/crunchydata/postgres-operator/cmd/pgo-wizard/main.go:78.13,98.2 15 0
github.com/crunchydata/postgres-operator/internal/logging/logr.go:20.23,20.48 1 1
github.com/crunchydata/postgres-operator/internal/logging/logr.go:24.36,24.63 1 2
github.com/crunchydata/postgres-operator/internal/logging/logr.go:27.69,29.2 1 1
github.com/crunchydata/postgres-operator/internal/logging/logr.go:33.46,35.16 2 4
github.com/crunchydata/postgres-operator/internal/logging/logr.go:35.16,37.3 1 3
github.com/crunchydata/postgres-operator/internal/logging/logr.go:41.2,41.66 1 4
github.com/crunchydata/postgres-operator/internal/logging/logr.go:41.66,46.3 1 1
github.com/crunchydata/postgres-operator/internal/logging/logr.go:48.2,48.12 1 4
github.com/crunchydata/postgres-operator/internal/logging/logr.go:66.44,66.75 1 6
github.com/crunchydata/postgres-operator/internal/logging/logr.go:67.44,67.72 1 3
github.com/crunchydata/postgres-operator/internal/logging/logr.go:69.47,70.18 1 11
github.com/crunchydata/postgres-operator/internal/logging/logr.go:70.18,72.3 1 9
github.com/crunchydata/postgres-operator/internal/logging/logr.go:73.2,73.31 1 2
github.com/crunchydata/postgres-operator/internal/logging/logr.go:73.31,75.3 1 0
github.com/crunchydata/postgres-operator/internal/logging/logr.go:76.2,76.11 1 2
github.com/crunchydata/postgres-operator/internal/logging/logr.go:79.56,81.2 1 3
github.com/crunchydata/postgres-operator/internal/logging/logr.go:83.55,85.2 1 8
github.com/crunchydata/postgres-operator/internal/logging/logr.go:87.51,92.2 4 0
github.com/crunchydata/postgres-operator/internal/logging/logr.go:94.51,99.2 4 1
github.com/crunchydata/postgres-operator/internal/logging/logrus.go:25.79,41.55 7 1
github.com/crunchydata/postgres-operator/internal/logging/logrus.go:41.55,45.48 3 3
github.com/crunchydata/postgres-operator/internal/logging/logrus.go:45.48,47.5 1 1
github.com/crunchydata/postgres-operator/internal/logging/logrus.go:48.4,51.26 3 3
github.com/crunchydata/postgres-operator/internal/logging/logrus.go:51.26,52.42 1 2
github.com/crunchydata/postgres-operator/internal/logging/logrus.go:52.42,55.6 2 2
github.com/crunchydata/postgres-operator/internal/logging/logrus.go:57.4,57.41 1 3
github.com/crunchydata/postgres-operator/internal/logging/logrus.go:60.54,64.22 3 5
github.com/crunchydata/postgres-operator/internal/logging/logrus.go:64.22,66.5 1 2
github.com/crunchydata/postgres-operator/internal/logging/logrus.go:66.10,68.5 1 3
github.com/crunchydata/postgres-operator/internal/logging/logrus.go:75.65,76.18 1 8
github.com/crunchydata/postgres-operator/internal/logging/logrus.go:76.18,78.3 1 6
github.com/crunchydata/postgres-operator/internal/logging/logrus.go:79.2,79.20 1 2
github.com/crunchydata/postgres-operator/internal/logging/logrus.go:79.20,81.3 1 0
github.com/crunchydata/postgres-operator/internal/logging/logrus.go:83.2,85.34 2 2
github.com/crunchydata/postgres-operator/internal/logging/logrus.go:85.34,87.10 2 8
github.com/crunchydata/postgres-operator/internal/logging/logrus.go:87.10,89.4 1 0
github.com/crunchydata/postgres-operator/internal/logging/logrus.go:90.3,90.19 1 8
github.com/crunchydata/postgres-operator/internal/logging/logrus.go:93.2,93.28 1 2
github.com/crunchydata/postgres-operator/internal/logging/logrus.go:98.75,99.22 1 2
github.com/crunchydata/postgres-operator/internal/logging/logrus.go:99.22,102.38 3 2
github.com/crunchydata/postgres-operator/internal/logging/logrus.go:102.38,104.4 1 1
github.com/crunchydata/postgres-operator/internal/logging/logrus.go:105.3,105.32 1 2
github.com/crunchydata/postgres-operator/internal/logging/logrus.go:107.2,107.26 1 2
github.com/crunchydata/postgres-operator/internal/logging/logrus.go:107.26,109.38 2 2
github.com/crunchydata/postgres-operator/internal/logging/logrus.go:109.38,111.4 1 1
github.com/crunchydata/postgres-operator/internal/logging/logrus.go:112.3,112.32 1 2
github.com/crunchydata/postgres-operator/hack/extract-licenses.go:26.13,28.23 2 0
github.com/crunchydata/postgres-operator/hack/extract-licenses.go:28.23,42.3 1 0
github.com/crunchydata/postgres-operator/hack/extract-licenses.go:43.2,44.34 1 0
github.com/crunchydata/postgres-operator/hack/extract-licenses.go:44.34,44.78 1 0
github.com/crunchydata/postgres-operator/hack/extract-licenses.go:45.4,48.3 2 0
github.com/crunchydata/postgres-operator/hack/extract-licenses.go:50.2,53.12 4 0
github.com/crunchydata/postgres-operator/hack/extract-licenses.go:53.12,53.35 2 0
github.com/crunchydata/postgres-operator/hack/extract-licenses.go:56.2,56.57 1 0
github.com/crunchydata/postgres-operator/hack/extract-licenses.go:56.57,59.3 2 0
github.com/crunchydata/postgres-operator/hack/extract-licenses.go:62.2,76.59 2 0
github.com/crunchydata/postgres-operator/hack/extract-licenses.go:76.59,78.3 1 0
github.com/crunchydata/postgres-operator/hack/extract-licenses.go:81.2,84.45 2 0
github.com/crunchydata/postgres-operator/hack/extract-licenses.go:84.45,85.51 1 0
github.com/crunchydata/postgres-operator/hack/extract-licenses.go:85.51,92.18 5 0
github.com/crunchydata/postgres-operator/hack/extract-licenses.go:92.18,94.5 1 0
github.com/crunchydata/postgres-operator/hack/extract-licenses.go:95.4,95.18 1 0
github.com/crunchydata/postgres-operator/hack/extract-licenses.go:95.18,97.5 1 0
github.com/crunchydata/postgres-operator/hack/extract-licenses.go:98.4,98.18 1 0
github.com/crunchydata/postgres-operator/hack/extract-licenses.go:98.18,102.5 1 0
github.com/crunchydata/postgres-operator/hack/extract-licenses.go:103.4,103.18 1 0
github.com/crunchydata/postgres-operator/hack/extract-licenses.go:103.18,105.5 1 0
github.com/crunchydata/postgres-operator/hack/extract-licenses.go:106.4,106.18 1 0
github.com/crunchydata/postgres-operator/hack/extract-licenses.go:106.18,109.5 2 0
github.com/crunchydata/postgres-operator/hack/extract-licenses.go:114.80,121.20 3 0
github.com/crunchydata/postgres-operator/hack/extract-licenses.go:121.20,123.3 1 0
github.com/crunchydata/postgres-operator/hack/extract-licenses.go:124.2,126.34 3 0
github.com/crunchydata/postgres-operator/hack/extract-licenses.go:126.34,129.3 2 0
github.com/crunchydata/postgres-operator/hack/extract-licenses.go:131.2,138.6 3 0
github.com/crunchydata/postgres-operator/hack/extract-licenses.go:138.6,146.17 3 0
github.com/crunchydata/postgres-operator/hack/extract-licenses.go:146.17,148.12 2 0
github.com/crunchydata/postgres-operator/hack/extract-licenses.go:150.3,150.29 1 0
github.com/crunchydata/postgres-operator/hack/extract-licenses.go:150.29,151.9 1 0
github.com/crunchydata/postgres-operator/hack/extract-licenses.go:154.3,155.13 2 0
github.com/crunchydata/postgres-operator/hack/extract-licenses.go:158.2,158.16 1 0
github.com/crunchydata/postgres-operator/hack/extract-licenses.go:161.46,170.87 2 0
github.com/crunchydata/postgres-operator/hack/extract-licenses.go:170.87,171.42 1 0
github.com/crunchydata/postgres-operator/hack/extract-licenses.go:171.42,173.4 1 0
github.com/crunchydata/postgres-operator/hack/extract-licenses.go:174.3,174.50 1 0
github.com/crunchydata/postgres-operator/hack/extract-licenses.go:174.50,176.4 1 0
github.com/crunchydata/postgres-operator/hack/extract-licenses.go:178.3,179.79 2 0
github.com/crunchydata/postgres-operator/hack/extract-licenses.go:179.79,181.4 1 0
github.com/crunchydata/postgres-operator/hack/extract-licenses.go:183.3,183.13 1 0
github.com/crunchydata/postgres-operator/hack/extract-licenses.go:186.2,186.16 1 0
github.com/crunchydata/postgres-operator/hack/extract-licenses.go:186.16,189.3 2 0
github.com/crunchydata/postgres-operator/hack/extract-licenses.go:191.2,191.16 1 0
github.com/crunchydata/postgres-operator/hack/extract-licenses.go:194.75,201.20 3 0
github.com/crunchydata/postgres-operator/hack/extract-licenses.go:201.20,203.3 1 0
github.com/crunchydata/postgres-operator/hack/extract-licenses.go:204.2,206.34 3 0
github.com/crunchydata/postgres-operator/hack/extract-licenses.go:206.34,209.3 2 0
github.com/crunchydata/postgres-operator/hack/extract-licenses.go:213.2,221.31 7 0
github.com/crunchydata/postgres-operator/hack/extract-licenses.go:221.31,222.44 1 0
github.com/crunchydata/postgres-operator/hack/extract-licenses.go:222.44,224.4 1 0
github.com/crunchydata/postgres-operator/hack/extract-licenses.go:225.3,225.63 1 0
github.com/crunchydata/postgres-operator/hack/extract-licenses.go:225.63,227.4 1 0
github.com/crunchydata/postgres-operator/hack/extract-licenses.go:232.2,232.22 1 0
github.com/crunchydata/postgres-operator/hack/extract-licenses.go:232.22,235.3 2 0
github.com/crunchydata/postgres-operator/hack/extract-licenses.go:237.2,237.15 1 0
github.com/crunchydata/postgres-operator/internal/fips/fips.go:86.27,88.41 1 5
github.com/crunchydata/postgres-operator/internal/fips/fips.go:88.41,90.3 1 1
github.com/crunchydata/postgres-operator/internal/fips/fips.go:93.2,93.75 1 4
github.com/crunchydata/postgres-operator/internal/fips/fips.go:93.75,95.3 1 4
github.com/crunchydata/postgres-operator/internal/fips/fips.go:97.2,97.14 1 0
github.com/crunchydata/postgres-operator/internal/fips/fips.go:101.66,105.61 2 12
github.com/crunchydata/postgres-operator/internal/fips/fips.go:105.61,107.3 1 9
github.com/crunchydata/postgres-operator/internal/fips/fips.go:107.8,110.3 1 3
github.com/crunchydata/postgres-operator/internal/fips/fips.go:112.2,127.15 2 12
github.com/crunchydata/postgres-operator/internal/fips/fips.go:135.9,138.21 2 2
github.com/crunchydata/postgres-operator/internal/fips/fips.go:138.21,141.3 2 1
github.com/crunchydata/postgres-operator/internal/fips/fips.go:143.2,146.67 2 1
github.com/crunchydata/postgres-operator/internal/fips/fips.go:146.67,148.3 1 0
github.com/crunchydata/postgres-operator/internal/fips/fips.go:151.2,151.58 1 1
github.com/crunchydata/postgres-operator/internal/fips/fips.go:151.58,153.3 1 0
github.com/crunchydata/postgres-operator/internal/fips/fips.go:155.2,156.12 2 1
github.com/crunchydata/postgres-operator/internal/fips/fips.go:160.92,161.32 1 1
github.com/crunchydata/postgres-operator/internal/fips/fips.go:161.32,165.3 1 1
github.com/crunchydata/postgres-operator/internal/fips/fips.go:167.2,167.43 1 1
github.com/crunchydata/postgres-operator/internal/fips/fips.go:167.43,169.3 1 0
github.com/crunchydata/postgres-operator/internal/fips/fips.go:171.2,188.12 6 1
github.com/crunchydata/postgres-operator/internal/fips/fips.go:192.83,202.32 1 1
github.com/crunchydata/postgres-operator/internal/fips/fips.go:202.32,204.3 1 1
github.com/crunchydata/postgres-operator/internal/fips/fips.go:205.2,207.12 2 1
github.com/crunchydata/postgres-operator/internal/fips/fips.go:211.84,212.21 1 2
github.com/crunchydata/postgres-operator/internal/fips/fips.go:212.21,214.3 1 1
github.com/crunchydata/postgres-operator/internal/fips/fips.go:217.2,235.47 4 1
github.com/crunchydata/postgres-operator/internal/fips/fips.go:235.47,257.3 5 1
github.com/crunchydata/postgres-operator/internal/fips/fips.go:259.2,259.12 1 1
github.com/crunchydata/postgres-operator/internal/fips/fips.go:263.72,267.21 3 6
github.com/crunchydata/postgres-operator/internal/fips/fips.go:267.21,269.3 1 1
github.com/crunchydata/postgres-operator/internal/fips/fips.go:272.2,272.73 1 5
github.com/crunchydata/postgres-operator/internal/fips/fips.go:272.73,276.91 2 3
github.com/crunchydata/postgres-operator/internal/fips/fips.go:276.91,278.4 1 1
github.com/crunchydata/postgres-operator/internal/fips/fips.go:281.3,281.58 1 3
github.com/crunchydata/postgres-operator/internal/fips/fips.go:281.58,283.4 1 1
github.com/crunchydata/postgres-operator/internal/fips/fips.go:286.3,286.74 1 3
github.com/crunchydata/postgres-operator/internal/fips/fips.go:286.74,288.4 1 1
github.com/crunchydata/postgres-operator/internal/fips/fips.go:292.2,292.39 1 5
github.com/crunchydata/postgres-operator/internal/fips/fips.go:292.39,294.3 1 1
github.com/crunchydata/postgres-operator/internal/fips/fips.go:297.2,297.30 1 5
github.com/crunchydata/postgres-operator/internal/fips/fips.go:297.30,299.106 1 3
github.com/crunchydata/postgres-operator/internal/fips/fips.go:299.106,301.4 1 1
github.com/crunchydata/postgres-operator/internal/fips/fips.go:304.2,304.19 1 5
github.com/crunchydata/postgres-operator/internal/fips/fips.go:308.107,309.21 1 2
github.com/crunchydata/postgres-operator/internal/fips/fips.go:309.21,311.3 1 1
github.com/crunchydata/postgres-operator/internal/fips/fips.go:313.2,353.23 4 1
github.com/crunchydata/postgres-operator/internal/fips/fips.go:357.36,418.2 1 1
github.com/crunchydata/postgres-operator/internal/fips/fips.go:421.66,432.20 7 2
github.com/crunchydata/postgres-operator/internal/fips/fips.go:432.20,435.27 2 1
github.com/crunchydata/postgres-operator/internal/fips/fips.go:435.27,437.4 1 1
github.com/crunchydata/postgres-operator/internal/fips/fips.go:437.9,440.33 3 0
github.com/crunchydata/postgres-operator/internal/fips/fips.go:440.33,442.5 1 0
github.com/crunchydata/postgres-operator/internal/fips/fips.go:443.4,443.28 1 0
github.com/crunchydata/postgres-operator/internal/fips/fips.go:446.3,450.102 5 1
github.com/crunchydata/postgres-operator/internal/fips/fips.go:451.8,455.3 3 1
github.com/crunchydata/postgres-operator/internal/fips/fips.go:457.2,457.24 1 2
github.com/crunchydata/postgres-operator/internal/feature/features.go:104.28,119.17 2 3
github.com/crunchydata/postgres-operator/internal/feature/features.go:119.17,120.13 1 0
github.com/crunchydata/postgres-operator/internal/feature/features.go:123.2,123.13 1 3
github.com/crunchydata/postgres-operator/internal/feature/features.go:130.51,133.2 2 2
github.com/crunchydata/postgres-operator/internal/feature/features.go:136.65,138.2 1 1
github.com/crunchydata/postgres-operator/internal/feature/features.go:141.46,146.9 2 5
github.com/crunchydata/postgres-operator/internal/feature/features.go:146.9,148.30 2 5
github.com/crunchydata/postgres-operator/internal/feature/features.go:148.30,152.29 1 65
github.com/crunchydata/postgres-operator/internal/feature/features.go:152.29,154.5 1 22
github.com/crunchydata/postgres-operator/internal/feature/features.go:157.2,158.43 2 5
github.com/crunchydata/postgres-operator/internal/feature/features.go:163.47,168.9 2 3
github.com/crunchydata/postgres-operator/internal/feature/features.go:168.9,170.3 1 3
github.com/crunchydata/postgres-operator/internal/feature/features.go:171.2,171.25 1 3
github.com/crunchydata/postgres-operator/internal/initialize/metadata.go:12.40,13.53 1 4
github.com/crunchydata/postgres-operator/internal/initialize/metadata.go:13.53,15.3 1 2
github.com/crunchydata/postgres-operator/internal/initialize/metadata.go:19.35,20.48 1 4
github.com/crunchydata/postgres-operator/internal/initialize/metadata.go:20.48,22.3 1 2
github.com/crunchydata/postgres-operator/internal/initialize/primitives.go:8.25,8.38 1 14
github.com/crunchydata/postgres-operator/internal/initialize/primitives.go:12.33,14.14 2 14
github.com/crunchydata/postgres-operator/internal/initialize/primitives.go:14.14,16.3 1 10
github.com/crunchydata/postgres-operator/internal/initialize/primitives.go:17.2,17.10 1 14
github.com/crunchydata/postgres-operator/internal/initialize/primitives.go:21.28,21.41 1 3
github.com/crunchydata/postgres-operator/internal/initialize/primitives.go:24.28,24.41 1 3
github.com/crunchydata/postgres-operator/internal/initialize/primitives.go:27.49,30.27 1 6
github.com/crunchydata/postgres-operator/internal/initialize/primitives.go:30.27,32.3 1 2
github.com/crunchydata/postgres-operator/internal/initialize/primitives.go:36.29,36.42 1 20
github.com/crunchydata/postgres-operator/internal/initialize/primitives.go:39.35,41.19 2 8
github.com/crunchydata/postgres-operator/internal/initialize/primitives.go:41.19,43.3 1 12
github.com/crunchydata/postgres-operator/internal/initialize/primitives.go:44.2,44.10 1 8
github.com/crunchydata/postgres-operator/internal/initialize/primitives.go:48.31,48.44 1 2
github.com/crunchydata/postgres-operator/internal/initialize/security.go:12.54,19.2 2 1
github.com/crunchydata/postgres-operator/internal/initialize/security.go:23.58,48.2 1 3
github.com/crunchydata/postgres-operator/internal/bridge/crunchybridgecluster/crunchybridgecluster_controller.go:58.87,76.103 3 0
github.com/crunchydata/postgres-operator/internal/bridge/crunchybridgecluster/crunchybridgecluster_controller.go:76.103,80.6 3 0
github.com/crunchydata/postgres-operator/internal/bridge/crunchybridgecluster/crunchybridgecluster_controller.go:86.107,88.5 1 0
github.com/crunchydata/postgres-operator/internal/bridge/crunchybridgecluster/crunchybridgecluster_controller.go:105.9,107.2 1 2
github.com/crunchydata/postgres-operator/internal/bridge/crunchybridgecluster/crunchybridgecluster_controller.go:116.146,124.15 6 0
github.com/crunchydata/postgres-operator/internal/bridge/crunchybridgecluster/crunchybridgecluster_controller.go:124.15,125.79 1 0
github.com/crunchydata/postgres-operator/internal/bridge/crunchybridgecluster/crunchybridgecluster_controller.go:125.79,128.35 2 0
github.com/crunchydata/postgres-operator/internal/bridge/crunchybridgecluster/crunchybridgecluster_controller.go:128.35,130.5 1 0
github.com/crunchydata/postgres-operator/internal/bridge/crunchybridgecluster/crunchybridgecluster_controller.go:130.10,130.28 1 0
github.com/crunchydata/postgres-operator/internal/bridge/crunchybridgecluster/crunchybridgecluster_controller.go:130.28,132.5 1 0
github.com/crunchydata/postgres-operator/internal/bridge/crunchybridgecluster/crunchybridgecluster_controller.go:137.2,138.16 2 0
github.com/crunchydata/postgres-operator/internal/bridge/crunchybridgecluster/crunchybridgecluster_controller.go:138.16,145.3 2 0
github.com/crunchydata/postgres-operator/internal/bridge/crunchybridgecluster/crunchybridgecluster_controller.go:150.2,150.79 1 0
github.com/crunchydata/postgres-operator/internal/bridge/crunchybridgecluster/crunchybridgecluster_controller.go:150.79,153.3 2 0
github.com/crunchydata/postgres-operator/internal/bridge/crunchybridgecluster/crunchybridgecluster_controller.go:153.8,153.26 1 0
github.com/crunchydata/postgres-operator/internal/bridge/crunchybridgecluster/crunchybridgecluster_controller.go:153.26,154.37 1 0
github.com/crunchydata/postgres-operator/internal/bridge/crunchybridgecluster/crunchybridgecluster_controller.go:154.37,156.4 1 0
github.com/crunchydata/postgres-operator/internal/bridge/crunchybridgecluster/crunchybridgecluster_controller.go:157.3,157.44 1 0
github.com/crunchydata/postgres-operator/internal/bridge/crunchybridgecluster/crunchybridgecluster_controller.go:164.2,169.70 2 0
github.com/crunchydata/postgres-operator/internal/bridge/crunchybridgecluster/crunchybridgecluster_controller.go:169.70,171.3 1 0
github.com/crunchydata/postgres-operator/internal/bridge/crunchybridgecluster/crunchybridgecluster_controller.go:175.2,180.77 2 0
github.com/crunchydata/postgres-operator/internal/bridge/crunchybridgecluster/crunchybridgecluster_controller.go:180.77,182.3 1 0
github.com/crunchydata/postgres-operator/internal/bridge/crunchybridgecluster/crunchybridgecluster_controller.go:186.2,186.42 1 0
github.com/crunchydata/postgres-operator/internal/bridge/crunchybridgecluster/crunchybridgecluster_controller.go:186.42,189.44 2 0
github.com/crunchydata/postgres-operator/internal/bridge/crunchybridgecluster/crunchybridgecluster_controller.go:189.44,191.4 1 0
github.com/crunchydata/postgres-operator/internal/bridge/crunchybridgecluster/crunchybridgecluster_controller.go:194.3,194.74 1 0
github.com/crunchydata/postgres-operator/internal/bridge/crunchybridgecluster/crunchybridgecluster_controller.go:202.2,203.16 2 0
github.com/crunchydata/postgres-operator/internal/bridge/crunchybridgecluster/crunchybridgecluster_controller.go:203.16,205.3 1 0
github.com/crunchydata/postgres-operator/internal/bridge/crunchybridgecluster/crunchybridgecluster_controller.go:208.2,209.16 2 0
github.com/crunchydata/postgres-operator/internal/bridge/crunchybridgecluster/crunchybridgecluster_controller.go:209.16,211.3 1 0
github.com/crunchydata/postgres-operator/internal/bridge/crunchybridgecluster/crunchybridgecluster_controller.go:214.2,215.16 2 0
github.com/crunchydata/postgres-operator/internal/bridge/crunchybridgecluster/crunchybridgecluster_controller.go:215.16,217.3 1 0
github.com/crunchydata/postgres-operator/internal/bridge/crunchybridgecluster/crunchybridgecluster_controller.go:220.2,221.16 2 0
github.com/crunchydata/postgres-operator/internal/bridge/crunchybridgecluster/crunchybridgecluster_controller.go:221.16,224.3 2 0
github.com/crunchydata/postgres-operator/internal/bridge/crunchybridgecluster/crunchybridgecluster_controller.go:235.2,235.58 1 0
github.com/crunchydata/postgres-operator/internal/bridge/crunchybridgecluster/crunchybridgecluster_controller.go:235.58,237.3 1 0
github.com/crunchydata/postgres-operator/internal/bridge/crunchybridgecluster/crunchybridgecluster_controller.go:242.2,244.89 1 0
github.com/crunchydata/postgres-operator/internal/bridge/crunchybridgecluster/crunchybridgecluster_controller.go:244.89,246.3 1 0
github.com/crunchydata/postgres-operator/internal/bridge/crunchybridgecluster/crunchybridgecluster_controller.go:251.2,251.73 1 0
github.com/crunchydata/postgres-operator/internal/bridge/crunchybridgecluster/crunchybridgecluster_controller.go:251.73,253.3 1 0
github.com/crunchydata/postgres-operator/internal/bridge/crunchybridgecluster/crunchybridgecluster_controller.go:258.2,259.84 1 0
github.com/crunchydata/postgres-operator/internal/bridge/crunchybridgecluster/crunchybridgecluster_controller.go:259.84,261.3 1 0
github.com/crunchydata/postgres-operator/internal/bridge/crunchybridgecluster/crunchybridgecluster_controller.go:263.2,266.60 2 0
github.com/crunchydata/postgres-operator/internal/bridge/crunchybridgecluster/crunchybridgecluster_controller.go:274.27,276.16 2 0
github.com/crunchydata/postgres-operator/internal/bridge/crunchybridgecluster/crunchybridgecluster_controller.go:276.16,296.3 3 0
github.com/crunchydata/postgres-operator/internal/bridge/crunchybridgecluster/crunchybridgecluster_controller.go:298.2,298.23 1 0
github.com/crunchydata/postgres-operator/internal/bridge/crunchybridgecluster/crunchybridgecluster_controller.go:308.25,312.16 3 4
github.com/crunchydata/postgres-operator/internal/bridge/crunchybridgecluster/crunchybridgecluster_controller.go:312.16,322.3 3 1
github.com/crunchydata/postgres-operator/internal/bridge/crunchybridgecluster/crunchybridgecluster_controller.go:324.2,324.35 1 3
github.com/crunchydata/postgres-operator/internal/bridge/crunchybridgecluster/crunchybridgecluster_controller.go:324.35,325.67 1 3
github.com/crunchydata/postgres-operator/internal/bridge/crunchybridgecluster/crunchybridgecluster_controller.go:325.67,328.69 2 2
github.com/crunchydata/postgres-operator/internal/bridge/crunchybridgecluster/crunchybridgecluster_controller.go:328.69,333.5 2 1
github.com/crunchydata/postgres-operator/internal/bridge/crunchybridgecluster/crunchybridgecluster_controller.go:339.4,356.30 3 1
github.com/crunchydata/postgres-operator/internal/bridge/crunchybridgecluster/crunchybridgecluster_controller.go:360.2,360.17 1 1
github.com/crunchydata/postgres-operator/internal/bridge/crunchybridgecluster/crunchybridgecluster_controller.go:366.15,380.16 4 2
github.com/crunchydata/postgres-operator/internal/bridge/crunchybridgecluster/crunchybridgecluster_controller.go:380.16,397.3 3 1
github.com/crunchydata/postgres-operator/internal/bridge/crunchybridgecluster/crunchybridgecluster_controller.go:398.2,416.55 4 1
github.com/crunchydata/postgres-operator/internal/bridge/crunchybridgecluster/crunchybridgecluster_controller.go:423.9,427.16 3 2
github.com/crunchydata/postgres-operator/internal/bridge/crunchybridgecluster/crunchybridgecluster_controller.go:427.16,437.3 3 1
github.com/crunchydata/postgres-operator/internal/bridge/crunchybridgecluster/crunchybridgecluster_controller.go:438.2,440.12 2 1
github.com/crunchydata/postgres-operator/internal/bridge/crunchybridgecluster/crunchybridgecluster_controller.go:447.9,451.16 3 3
github.com/crunchydata/postgres-operator/internal/bridge/crunchybridgecluster/crunchybridgecluster_controller.go:451.16,462.3 4 1
github.com/crunchydata/postgres-operator/internal/bridge/crunchybridgecluster/crunchybridgecluster_controller.go:463.2,465.36 2 2
github.com/crunchydata/postgres-operator/internal/bridge/crunchybridgecluster/crunchybridgecluster_controller.go:465.36,473.3 1 1
github.com/crunchydata/postgres-operator/internal/bridge/crunchybridgecluster/crunchybridgecluster_controller.go:473.8,481.3 1 1
github.com/crunchydata/postgres-operator/internal/bridge/crunchybridgecluster/crunchybridgecluster_controller.go:483.2,483.12 1 2
github.com/crunchydata/postgres-operator/internal/bridge/crunchybridgecluster/crunchybridgecluster_controller.go:491.9,495.16 3 3
github.com/crunchydata/postgres-operator/internal/bridge/crunchybridgecluster/crunchybridgecluster_controller.go:495.16,505.3 3 1
github.com/crunchydata/postgres-operator/internal/bridge/crunchybridgecluster/crunchybridgecluster_controller.go:506.2,508.48 2 2
github.com/crunchydata/postgres-operator/internal/bridge/crunchybridgecluster/crunchybridgecluster_controller.go:508.48,518.3 1 1
github.com/crunchydata/postgres-operator/internal/bridge/crunchybridgecluster/crunchybridgecluster_controller.go:518.8,526.3 1 1
github.com/crunchydata/postgres-operator/internal/bridge/crunchybridgecluster/crunchybridgecluster_controller.go:528.2,528.12 1 2
github.com/crunchydata/postgres-operator/internal/bridge/crunchybridgecluster/crunchybridgecluster_controller.go:535.15,548.16 5 4
github.com/crunchydata/postgres-operator/internal/bridge/crunchybridgecluster/crunchybridgecluster_controller.go:548.16,562.3 3 1
github.com/crunchydata/postgres-operator/internal/bridge/crunchybridgecluster/crunchybridgecluster_controller.go:563.2,565.41 2 3
github.com/crunchydata/postgres-operator/internal/bridge/crunchybridgecluster/crunchybridgecluster_controller.go:565.41,575.3 1 3
github.com/crunchydata/postgres-operator/internal/bridge/crunchybridgecluster/crunchybridgecluster_controller.go:577.2,577.55 1 3
github.com/crunchydata/postgres-operator/internal/bridge/crunchybridgecluster/crunchybridgecluster_controller.go:585.15,591.37 4 3
github.com/crunchydata/postgres-operator/internal/bridge/crunchybridgecluster/crunchybridgecluster_controller.go:591.37,593.3 1 2
github.com/crunchydata/postgres-operator/internal/bridge/crunchybridgecluster/crunchybridgecluster_controller.go:595.2,596.16 2 3
github.com/crunchydata/postgres-operator/internal/bridge/crunchybridgecluster/crunchybridgecluster_controller.go:596.16,610.3 3 1
github.com/crunchydata/postgres-operator/internal/bridge/crunchybridgecluster/crunchybridgecluster_controller.go:611.2,612.41 2 2
github.com/crunchydata/postgres-operator/internal/bridge/crunchybridgecluster/crunchybridgecluster_controller.go:612.41,622.3 1 2
github.com/crunchydata/postgres-operator/internal/bridge/crunchybridgecluster/crunchybridgecluster_controller.go:624.2,624.55 1 2
github.com/crunchydata/postgres-operator/internal/bridge/crunchybridgecluster/crunchybridgecluster_controller.go:631.15,643.16 5 3
github.com/crunchydata/postgres-operator/internal/bridge/crunchybridgecluster/crunchybridgecluster_controller.go:643.16,657.3 3 1
github.com/crunchydata/postgres-operator/internal/bridge/crunchybridgecluster/crunchybridgecluster_controller.go:658.2,669.55 3 2
github.com/crunchydata/postgres-operator/internal/bridge/crunchybridgecluster/crunchybridgecluster_controller.go:676.27,686.16 3 0
github.com/crunchydata/postgres-operator/internal/bridge/crunchybridgecluster/crunchybridgecluster_controller.go:686.16,687.66 1 0
github.com/crunchydata/postgres-operator/internal/bridge/crunchybridgecluster/crunchybridgecluster_controller.go:687.66,689.4 1 0
github.com/crunchydata/postgres-operator/internal/bridge/crunchybridgecluster/crunchybridgecluster_controller.go:690.3,692.33 1 0
github.com/crunchydata/postgres-operator/internal/bridge/crunchybridgecluster/crunchybridgecluster_controller.go:695.2,695.20 1 0
github.com/crunchydata/postgres-operator/internal/bridge/crunchybridgecluster/crunchybridgecluster_controller.go:701.9,702.57 1 0
github.com/crunchydata/postgres-operator/internal/bridge/crunchybridgecluster/crunchybridgecluster_controller.go:702.57,708.3 4 0
github.com/crunchydata/postgres-operator/internal/bridge/crunchybridgecluster/crunchybridgecluster_controller.go:710.2,710.12 1 0
github.com/crunchydata/postgres-operator/internal/bridge/crunchybridgecluster/delete.go:27.25,31.53 2 0
github.com/crunchydata/postgres-operator/internal/bridge/crunchybridgecluster/delete.go:31.53,32.73 1 0
github.com/crunchydata/postgres-operator/internal/bridge/crunchybridgecluster/delete.go:32.73,34.69 2 0
github.com/crunchydata/postgres-operator/internal/bridge/crunchybridgecluster/delete.go:34.69,36.5 1 0
github.com/crunchydata/postgres-operator/internal/bridge/crunchybridgecluster/delete.go:40.8,41.72 1 0
github.com/crunchydata/postgres-operator/internal/bridge/crunchybridgecluster/delete.go:41.72,47.18 3 0
github.com/crunchydata/postgres-operator/internal/bridge/crunchybridgecluster/delete.go:47.18,49.5 1 0
github.com/crunchydata/postgres-operator/internal/bridge/crunchybridgecluster/delete.go:51.4,51.23 1 0
github.com/crunchydata/postgres-operator/internal/bridge/crunchybridgecluster/delete.go:51.23,53.5 1 0
github.com/crunchydata/postgres-operator/internal/bridge/crunchybridgecluster/delete.go:56.4,56.22 1 0
github.com/crunchydata/postgres-operator/internal/bridge/crunchybridgecluster/delete.go:56.22,60.70 3 0
github.com/crunchydata/postgres-operator/internal/bridge/crunchybridgecluster/delete.go:60.70,62.6 1 0
github.com/crunchydata/postgres-operator/internal/bridge/crunchybridgecluster/delete.go:66.3,66.29 1 0
github.com/crunchydata/postgres-operator/internal/bridge/crunchybridgecluster/delete.go:69.2,69.17 1 0
github.com/crunchydata/postgres-operator/internal/bridge/crunchybridgecluster/mock_bridge_api.go:28.125,30.50 1 4
github.com/crunchydata/postgres-operator/internal/bridge/crunchybridgecluster/mock_bridge_api.go:30.50,32.3 1 3
github.com/crunchydata/postgres-operator/internal/bridge/crunchybridgecluster/mock_bridge_api.go:34.2,34.32 1 1
github.com/crunchydata/postgres-operator/internal/bridge/crunchybridgecluster/mock_bridge_api.go:38.46,42.39 3 4
github.com/crunchydata/postgres-operator/internal/bridge/crunchybridgecluster/mock_bridge_api.go:42.39,43.23 1 4
github.com/crunchydata/postgres-operator/internal/bridge/crunchybridgecluster/mock_bridge_api.go:43.23,46.4 2 4
github.com/crunchydata/postgres-operator/internal/bridge/crunchybridgecluster/mock_bridge_api.go:48.2,48.19 1 4
github.com/crunchydata/postgres-operator/internal/bridge/crunchybridgecluster/mock_bridge_api.go:48.19,50.3 1 0
github.com/crunchydata/postgres-operator/internal/bridge/crunchybridgecluster/mock_bridge_api.go:53.2,53.26 1 4
github.com/crunchydata/postgres-operator/internal/bridge/crunchybridgecluster/mock_bridge_api.go:53.26,58.56 2 3
github.com/crunchydata/postgres-operator/internal/bridge/crunchybridgecluster/mock_bridge_api.go:58.56,66.4 1 1
github.com/crunchydata/postgres-operator/internal/bridge/crunchybridgecluster/mock_bridge_api.go:66.9,66.98 1 2
github.com/crunchydata/postgres-operator/internal/bridge/crunchybridgecluster/mock_bridge_api.go:66.98,74.4 1 1
github.com/crunchydata/postgres-operator/internal/bridge/crunchybridgecluster/mock_bridge_api.go:74.9,74.69 1 1
github.com/crunchydata/postgres-operator/internal/bridge/crunchybridgecluster/mock_bridge_api.go:74.69,82.4 1 1
github.com/crunchydata/postgres-operator/internal/bridge/crunchybridgecluster/mock_bridge_api.go:83.3,83.21 1 3
github.com/crunchydata/postgres-operator/internal/bridge/crunchybridgecluster/mock_bridge_api.go:86.2,86.32 1 1
github.com/crunchydata/postgres-operator/internal/bridge/crunchybridgecluster/mock_bridge_api.go:90.46,94.39 3 3
github.com/crunchydata/postgres-operator/internal/bridge/crunchybridgecluster/mock_bridge_api.go:94.39,95.23 1 6
github.com/crunchydata/postgres-operator/internal/bridge/crunchybridgecluster/mock_bridge_api.go:95.23,98.4 2 3
github.com/crunchydata/postgres-operator/internal/bridge/crunchybridgecluster/mock_bridge_api.go:100.2,100.19 1 3
github.com/crunchydata/postgres-operator/internal/bridge/crunchybridgecluster/mock_bridge_api.go:100.19,102.3 1 0
github.com/crunchydata/postgres-operator/internal/bridge/crunchybridgecluster/mock_bridge_api.go:105.2,105.26 1 3
github.com/crunchydata/postgres-operator/internal/bridge/crunchybridgecluster/mock_bridge_api.go:105.26,110.53 2 2
github.com/crunchydata/postgres-operator/internal/bridge/crunchybridgecluster/mock_bridge_api.go:110.53,118.4 1 1
github.com/crunchydata/postgres-operator/internal/bridge/crunchybridgecluster/mock_bridge_api.go:118.9,118.60 1 1
github.com/crunchydata/postgres-operator/internal/bridge/crunchybridgecluster/mock_bridge_api.go:118.60,126.4 1 1
github.com/crunchydata/postgres-operator/internal/bridge/crunchybridgecluster/mock_bridge_api.go:126.9,128.4 1 0
github.com/crunchydata/postgres-operator/internal/bridge/crunchybridgecluster/mock_bridge_api.go:129.3,129.21 1 2
github.com/crunchydata/postgres-operator/internal/bridge/crunchybridgecluster/mock_bridge_api.go:132.2,132.32 1 1
github.com/crunchydata/postgres-operator/internal/bridge/crunchybridgecluster/mock_bridge_api.go:136.39,140.39 3 3
github.com/crunchydata/postgres-operator/internal/bridge/crunchybridgecluster/mock_bridge_api.go:140.39,141.23 1 3
github.com/crunchydata/postgres-operator/internal/bridge/crunchybridgecluster/mock_bridge_api.go:141.23,144.4 2 3
github.com/crunchydata/postgres-operator/internal/bridge/crunchybridgecluster/mock_bridge_api.go:146.2,146.19 1 3
github.com/crunchydata/postgres-operator/internal/bridge/crunchybridgecluster/mock_bridge_api.go:146.19,148.3 1 0
github.com/crunchydata/postgres-operator/internal/bridge/crunchybridgecluster/mock_bridge_api.go:151.2,151.26 1 3
github.com/crunchydata/postgres-operator/internal/bridge/crunchybridgecluster/mock_bridge_api.go:151.26,155.3 3 2
github.com/crunchydata/postgres-operator/internal/bridge/crunchybridgecluster/mock_bridge_api.go:157.2,157.32 1 1
github.com/crunchydata/postgres-operator/internal/bridge/crunchybridgecluster/mock_bridge_api.go:161.96,164.36 1 2
github.com/crunchydata/postgres-operator/internal/bridge/crunchybridgecluster/mock_bridge_api.go:164.36,179.3 3 1
github.com/crunchydata/postgres-operator/internal/bridge/crunchybridgecluster/mock_bridge_api.go:181.2,181.32 1 1
github.com/crunchydata/postgres-operator/internal/bridge/crunchybridgecluster/mock_bridge_api.go:184.117,186.26 1 2
github.com/crunchydata/postgres-operator/internal/bridge/crunchybridgecluster/mock_bridge_api.go:186.26,187.40 1 2
github.com/crunchydata/postgres-operator/internal/bridge/crunchybridgecluster/mock_bridge_api.go:187.40,188.24 1 3
github.com/crunchydata/postgres-operator/internal/bridge/crunchybridgecluster/mock_bridge_api.go:188.24,190.5 1 1
github.com/crunchydata/postgres-operator/internal/bridge/crunchybridgecluster/mock_bridge_api.go:194.2,194.32 1 1
github.com/crunchydata/postgres-operator/internal/bridge/crunchybridgecluster/mock_bridge_api.go:197.129,199.26 1 3
github.com/crunchydata/postgres-operator/internal/bridge/crunchybridgecluster/mock_bridge_api.go:199.26,201.3 1 2
github.com/crunchydata/postgres-operator/internal/bridge/crunchybridgecluster/mock_bridge_api.go:203.2,203.32 1 1
github.com/crunchydata/postgres-operator/internal/bridge/crunchybridgecluster/mock_bridge_api.go:206.131,208.26 1 3
github.com/crunchydata/postgres-operator/internal/bridge/crunchybridgecluster/mock_bridge_api.go:208.26,210.3 1 2
github.com/crunchydata/postgres-operator/internal/bridge/crunchybridgecluster/mock_bridge_api.go:212.2,212.32 1 1
github.com/crunchydata/postgres-operator/internal/bridge/crunchybridgecluster/mock_bridge_api.go:215.142,217.26 1 0
github.com/crunchydata/postgres-operator/internal/bridge/crunchybridgecluster/mock_bridge_api.go:217.26,218.48 1 0
github.com/crunchydata/postgres-operator/internal/bridge/crunchybridgecluster/mock_bridge_api.go:218.48,219.74 1 0
github.com/crunchydata/postgres-operator/internal/bridge/crunchybridgecluster/mock_bridge_api.go:219.74,221.5 1 0
github.com/crunchydata/postgres-operator/internal/bridge/crunchybridgecluster/mock_bridge_api.go:225.2,225.32 1 0
github.com/crunchydata/postgres-operator/internal/bridge/crunchybridgecluster/mock_bridge_api.go:228.133,232.26 3 0
github.com/crunchydata/postgres-operator/internal/bridge/crunchybridgecluster/mock_bridge_api.go:232.26,233.47 1 0
github.com/crunchydata/postgres-operator/internal/bridge/crunchybridgecluster/mock_bridge_api.go:233.47,234.39 1 0
github.com/crunchydata/postgres-operator/internal/bridge/crunchybridgecluster/mock_bridge_api.go:234.39,239.5 4 0
github.com/crunchydata/postgres-operator/internal/bridge/crunchybridgecluster/mock_bridge_api.go:241.8,243.3 1 0
github.com/crunchydata/postgres-operator/internal/bridge/crunchybridgecluster/mock_bridge_api.go:245.2,245.33 1 0
github.com/crunchydata/postgres-operator/internal/bridge/crunchybridgecluster/postgres.go:28.27,54.2 9 2
github.com/crunchydata/postgres-operator/internal/bridge/crunchybridgecluster/postgres.go:60.9,67.2 2 0
github.com/crunchydata/postgres-operator/internal/bridge/crunchybridgecluster/postgres.go:73.3,81.27 5 0
github.com/crunchydata/postgres-operator/internal/bridge/crunchybridgecluster/postgres.go:81.27,82.43 1 0
github.com/crunchydata/postgres-operator/internal/bridge/crunchybridgecluster/postgres.go:82.43,87.4 2 0
github.com/crunchydata/postgres-operator/internal/bridge/crunchybridgecluster/postgres.go:88.3,90.46 2 0
github.com/crunchydata/postgres-operator/internal/bridge/crunchybridgecluster/postgres.go:95.2,97.16 3 0
github.com/crunchydata/postgres-operator/internal/bridge/crunchybridgecluster/postgres.go:97.16,99.3 1 0
github.com/crunchydata/postgres-operator/internal/bridge/crunchybridgecluster/postgres.go:100.2,100.53 1 0
github.com/crunchydata/postgres-operator/internal/bridge/crunchybridgecluster/postgres.go:100.53,101.31 1 0
github.com/crunchydata/postgres-operator/internal/bridge/crunchybridgecluster/postgres.go:101.31,104.91 2 0
github.com/crunchydata/postgres-operator/internal/bridge/crunchybridgecluster/postgres.go:104.91,110.5 2 0
github.com/crunchydata/postgres-operator/internal/bridge/crunchybridgecluster/postgres.go:115.2,117.16 3 0
github.com/crunchydata/postgres-operator/internal/bridge/crunchybridgecluster/postgres.go:117.16,123.3 1 0
github.com/crunchydata/postgres-operator/internal/bridge/crunchybridgecluster/postgres.go:127.2,128.16 2 0
github.com/crunchydata/postgres-operator/internal/bridge/crunchybridgecluster/postgres.go:128.16,129.32 1 0
github.com/crunchydata/postgres-operator/internal/bridge/crunchybridgecluster/postgres.go:129.32,134.55 4 0
github.com/crunchydata/postgres-operator/internal/bridge/crunchybridgecluster/postgres.go:134.55,136.5 1 0
github.com/crunchydata/postgres-operator/internal/bridge/crunchybridgecluster/postgres.go:136.10,136.25 1 0
github.com/crunchydata/postgres-operator/internal/bridge/crunchybridgecluster/postgres.go:136.25,138.5 1 0
github.com/crunchydata/postgres-operator/internal/bridge/crunchybridgecluster/postgres.go:143.2,143.40 1 0
github.com/crunchydata/postgres-operator/internal/bridge/crunchybridgecluster/postgres.go:143.40,147.17 2 0
github.com/crunchydata/postgres-operator/internal/bridge/crunchybridgecluster/postgres.go:147.17,150.12 2 0
github.com/crunchydata/postgres-operator/internal/bridge/crunchybridgecluster/postgres.go:152.3,152.17 1 0
github.com/crunchydata/postgres-operator/internal/bridge/crunchybridgecluster/postgres.go:152.17,154.4 1 0
github.com/crunchydata/postgres-operator/internal/bridge/crunchybridgecluster/postgres.go:155.3,155.17 1 0
github.com/crunchydata/postgres-operator/internal/bridge/crunchybridgecluster/postgres.go:155.17,157.4 1 0
github.com/crunchydata/postgres-operator/internal/bridge/crunchybridgecluster/postgres.go:158.3,158.17 1 0
github.com/crunchydata/postgres-operator/internal/bridge/crunchybridgecluster/postgres.go:158.17,160.4 1 0
github.com/crunchydata/postgres-operator/internal/bridge/crunchybridgecluster/postgres.go:163.2,163.36 1 0
github.com/crunchydata/postgres-operator/internal/bridge/crunchybridgecluster/watches.go:21.35,31.17 3 0
github.com/crunchydata/postgres-operator/internal/bridge/crunchybridgecluster/watches.go:31.17,32.33 1 0
github.com/crunchydata/postgres-operator/internal/bridge/crunchybridgecluster/watches.go:32.33,33.52 1 0
github.com/crunchydata/postgres-operator/internal/bridge/crunchybridgecluster/watches.go:33.52,35.5 1 0
github.com/crunchydata/postgres-operator/internal/bridge/crunchybridgecluster/watches.go:38.2,38.17 1 0
github.com/crunchydata/postgres-operator/internal/config/config.go:15.47,16.17 1 68
github.com/crunchydata/postgres-operator/internal/config/config.go:16.17,18.3 1 61
github.com/crunchydata/postgres-operator/internal/config/config.go:19.2,19.14 1 7
github.com/crunchydata/postgres-operator/internal/config/config.go:24.64,25.42 1 10
github.com/crunchydata/postgres-operator/internal/config/config.go:25.42,26.57 1 3
github.com/crunchydata/postgres-operator/internal/config/config.go:26.57,27.57 1 3
github.com/crunchydata/postgres-operator/internal/config/config.go:27.57,29.5 1 3
github.com/crunchydata/postgres-operator/internal/config/config.go:33.2,33.25 1 7
github.com/crunchydata/postgres-operator/internal/config/config.go:33.25,34.79 1 6
github.com/crunchydata/postgres-operator/internal/config/config.go:34.79,35.74 1 5
github.com/crunchydata/postgres-operator/internal/config/config.go:35.74,36.72 1 4
github.com/crunchydata/postgres-operator/internal/config/config.go:36.72,37.53 1 3
github.com/crunchydata/postgres-operator/internal/config/config.go:37.53,39.7 1 2
github.com/crunchydata/postgres-operator/internal/config/config.go:45.2,45.11 1 5
github.com/crunchydata/postgres-operator/internal/config/config.go:57.72,61.2 2 11
github.com/crunchydata/postgres-operator/internal/config/config.go:64.69,67.45 2 11
github.com/crunchydata/postgres-operator/internal/config/config.go:67.45,69.3 1 4
github.com/crunchydata/postgres-operator/internal/config/config.go:71.2,71.55 1 11
github.com/crunchydata/postgres-operator/internal/config/config.go:75.71,77.31 2 4
github.com/crunchydata/postgres-operator/internal/config/config.go:77.31,79.3 1 1
github.com/crunchydata/postgres-operator/internal/config/config.go:81.2,81.66 1 4
github.com/crunchydata/postgres-operator/internal/config/config.go:85.71,88.39 2 11
github.com/crunchydata/postgres-operator/internal/config/config.go:88.39,90.3 1 5
github.com/crunchydata/postgres-operator/internal/config/config.go:92.2,92.57 1 11
github.com/crunchydata/postgres-operator/internal/config/config.go:97.72,101.53 2 11
github.com/crunchydata/postgres-operator/internal/config/config.go:101.53,103.3 1 3
github.com/crunchydata/postgres-operator/internal/config/config.go:105.2,105.58 1 11
github.com/crunchydata/postgres-operator/internal/config/config.go:110.83,112.28 2 7
github.com/crunchydata/postgres-operator/internal/config/config.go:112.28,114.3 1 0
github.com/crunchydata/postgres-operator/internal/config/config.go:116.2,116.57 1 7
github.com/crunchydata/postgres-operator/internal/config/config.go:120.70,124.59 3 13
github.com/crunchydata/postgres-operator/internal/config/config.go:124.59,126.3 1 8
github.com/crunchydata/postgres-operator/internal/config/config.go:128.2,128.35 1 13
github.com/crunchydata/postgres-operator/internal/config/config.go:134.28,136.2 1 0
github.com/crunchydata/postgres-operator/internal/config/config.go:140.64,144.45 2 7
github.com/crunchydata/postgres-operator/internal/config/config.go:144.45,146.3 1 7
github.com/crunchydata/postgres-operator/internal/config/config.go:147.2,149.45 1 7
github.com/crunchydata/postgres-operator/internal/config/config.go:149.45,151.3 1 3
github.com/crunchydata/postgres-operator/internal/config/config.go:152.2,154.39 1 7
github.com/crunchydata/postgres-operator/internal/config/config.go:154.39,156.3 1 4
github.com/crunchydata/postgres-operator/internal/config/config.go:157.2,160.53 1 7
github.com/crunchydata/postgres-operator/internal/config/config.go:160.53,162.3 1 2
github.com/crunchydata/postgres-operator/internal/config/config.go:163.2,164.39 1 7
github.com/crunchydata/postgres-operator/internal/config/config.go:164.39,166.3 1 0
github.com/crunchydata/postgres-operator/internal/config/config.go:167.2,167.43 1 7
github.com/crunchydata/postgres-operator/internal/config/config.go:167.43,168.40 1 7
github.com/crunchydata/postgres-operator/internal/config/config.go:168.40,170.4 1 6
github.com/crunchydata/postgres-operator/internal/config/config.go:170.9,172.4 1 1
github.com/crunchydata/postgres-operator/internal/config/config.go:175.2,175.21 1 7
github.com/crunchydata/postgres-operator/internal/config/config.go:175.21,177.3 1 7
github.com/crunchydata/postgres-operator/internal/config/config.go:179.2,179.12 1 0
github.com/crunchydata/postgres-operator/internal/dr/drill.go:169.25,172.21 2 6
github.com/crunchydata/postgres-operator/internal/dr/drill.go:172.21,174.3 1 1
github.com/crunchydata/postgres-operator/internal/dr/drill.go:176.2,202.18 9 5
github.com/crunchydata/postgres-operator/internal/dr/drill.go:202.18,204.3 1 4
github.com/crunchydata/postgres-operator/internal/dr/drill.go:205.2,230.31 8 5
github.com/crunchydata/postgres-operator/internal/dr/drill.go:230.31,235.3 1 1
github.com/crunchydata/postgres-operator/internal/dr/drill.go:238.2,280.17 7 5
github.com/crunchydata/postgres-operator/internal/dr/drill.go:284.56,300.26 4 8
github.com/crunchydata/postgres-operator/internal/dr/drill.go:301.28,302.62 1 5
github.com/crunchydata/postgres-operator/internal/dr/drill.go:304.28,305.55 1 2
github.com/crunchydata/postgres-operator/internal/dr/drill.go:307.33,308.67 1 1
github.com/crunchydata/postgres-operator/internal/dr/drill.go:312.2,312.39 1 8
github.com/crunchydata/postgres-operator/internal/dr/drill.go:312.39,317.50 2 2
github.com/crunchydata/postgres-operator/internal/dr/drill.go:317.50,323.4 1 3
github.com/crunchydata/postgres-operator/internal/dr/drill.go:325.3,329.3 1 2
github.com/crunchydata/postgres-operator/internal/dr/drill.go:333.2,356.31 7 8
github.com/crunchydata/postgres-operator/internal/dr/drill.go:356.31,358.3 1 63
github.com/crunchydata/postgres-operator/internal/dr/drill.go:360.2,360.38 1 8
github.com/crunchydata/postgres-operator/internal/dr/drill.go:364.59,429.2 1 6
github.com/crunchydata/postgres-operator/internal/dr/drill.go:432.52,481.2 1 3
github.com/crunchydata/postgres-operator/internal/dr/drill.go:484.64,513.2 1 2
github.com/crunchydata/postgres-operator/internal/dr/drill.go:521.9,524.38 2 2
github.com/crunchydata/postgres-operator/internal/dr/drill.go:524.38,526.3 1 1
github.com/crunchydata/postgres-operator/internal/dr/drill.go:529.2,529.59 1 1
github.com/crunchydata/postgres-operator/internal/dr/drill.go:529.59,533.17 3 0
github.com/crunchydata/postgres-operator/internal/dr/drill.go:533.17,535.4 1 0
github.com/crunchydata/postgres-operator/internal/dr/drill.go:537.3,537.45 1 0
github.com/crunchydata/postgres-operator/internal/dr/drill.go:537.45,539.4 1 0
github.com/crunchydata/postgres-operator/internal/dr/drill.go:542.3,545.52 3 0
github.com/crunchydata/postgres-operator/internal/dr/drill.go:550.2,550.12 1 1
github.com/crunchydata/postgres-operator/internal/dr/drill.go:554.60,558.25 2 5
github.com/crunchydata/postgres-operator/internal/dr/drill.go:558.25,565.3 1 1
github.com/crunchydata/postgres-operator/internal/dr/drill.go:568.2,568.43 1 5
github.com/crunchydata/postgres-operator/internal/dr/drill.go:568.43,574.3 1 1
github.com/crunchydata/postgres-operator/internal/dr/drill.go:577.2,577.56 1 5
github.com/crunchydata/postgres-operator/internal/dr/drill.go:577.56,583.3 1 1
github.com/crunchydata/postgres-operator/internal/dr/drill.go:586.2,587.45 2 5
github.com/crunchydata/postgres-operator/internal/dr/drill.go:587.45,588.16 1 3
github.com/crunchydata/postgres-operator/internal/dr/drill.go:588.16,590.4 1 2
github.com/crunchydata/postgres-operator/internal/dr/drill.go:593.2,593.27 1 5
github.com/crunchydata/postgres-operator/internal/dr/drill.go:593.27,596.3 1 1
github.com/crunchydata/postgres-operator/internal/dr/drill.go:598.2,598.31 1 5
github.com/crunchydata/postgres-operator/internal/dr/drill.go:598.31,602.3 1 1
github.com/crunchydata/postgres-operator/internal/dr/drill.go:604.2,604.24 1 5
github.com/crunchydata/postgres-operator/internal/dr/drill.go:608.53,640.45 2 2
github.com/crunchydata/postgres-operator/internal/dr/drill.go:640.45,643.3 2 2
github.com/crunchydata/postgres-operator/internal/dr/drill.go:645.2,646.45 2 2
github.com/crunchydata/postgres-operator/internal/dr/drill.go:646.45,648.3 1 1
github.com/crunchydata/postgres-operator/internal/dr/drill.go:650.2,650.15 1 2
github.com/crunchydata/postgres-operator/cmd/postgres-operator/main.go:44.22,44.38 1 0
github.com/crunchydata/postgres-operator/cmd/postgres-operator/main.go:45.36,46.16 1 0
github.com/crunchydata/postgres-operator/cmd/postgres-operator/main.go:46.16,47.13 1 0
github.com/crunchydata/postgres-operator/cmd/postgres-operator/main.go:49.2,49.10 1 0
github.com/crunchydata/postgres-operator/cmd/postgres-operator/main.go:52.41,55.35 2 0
github.com/crunchydata/postgres-operator/cmd/postgres-operator/main.go:55.35,57.3 1 0
github.com/crunchydata/postgres-operator/cmd/postgres-operator/main.go:58.2,58.16 1 0
github.com/crunchydata/postgres-operator/cmd/postgres-operator/main.go:58.16,64.99 3 0
github.com/crunchydata/postgres-operator/cmd/postgres-operator/main.go:64.99,65.40 1 0
github.com/crunchydata/postgres-operator/cmd/postgres-operator/main.go:65.40,67.5 1 0
github.com/crunchydata/postgres-operator/cmd/postgres-operator/main.go:69.3,70.45 2 0
github.com/crunchydata/postgres-operator/cmd/postgres-operator/main.go:73.2,73.20 1 0
github.com/crunchydata/postgres-operator/cmd/postgres-operator/main.go:76.20,80.38 3 0
github.com/crunchydata/postgres-operator/cmd/postgres-operator/main.go:80.38,82.3 1 0
github.com/crunchydata/postgres-operator/cmd/postgres-operator/main.go:82.8,82.63 1 0
github.com/crunchydata/postgres-operator/cmd/postgres-operator/main.go:82.63,84.3 1 0
github.com/crunchydata/postgres-operator/cmd/postgres-operator/main.go:87.2,94.64 4 0
github.com/crunchydata/postgres-operator/cmd/postgres-operator/main.go:101.64,113.80 4 9
github.com/crunchydata/postgres-operator/cmd/postgres-operator/main.go:113.80,116.3 2 0
github.com/crunchydata/postgres-operator/cmd/postgres-operator/main.go:119.2,134.69 5 9
github.com/crunchydata/postgres-operator/cmd/postgres-operator/main.go:134.69,135.66 1 2
github.com/crunchydata/postgres-operator/cmd/postgres-operator/main.go:135.66,137.4 1 1
github.com/crunchydata/postgres-operator/cmd/postgres-operator/main.go:139.3,141.63 3 1
github.com/crunchydata/postgres-operator/cmd/postgres-operator/main.go:146.2,153.57 3 8
github.com/crunchydata/postgres-operator/cmd/postgres-operator/main.go:153.57,155.3 1 2
github.com/crunchydata/postgres-operator/cmd/postgres-operator/main.go:157.2,157.30 1 8
github.com/crunchydata/postgres-operator/cmd/postgres-operator/main.go:157.30,159.3 1 1
github.com/crunchydata/postgres-operator/cmd/postgres-operator/main.go:161.2,161.29 1 8
github.com/crunchydata/postgres-operator/cmd/postgres-operator/main.go:161.29,162.82 1 1
github.com/crunchydata/postgres-operator/cmd/postgres-operator/main.go:162.82,164.4 1 21
github.com/crunchydata/postgres-operator/cmd/postgres-operator/main.go:164.6,166.4 1 2
github.com/crunchydata/postgres-operator/cmd/postgres-operator/main.go:169.2,173.44 2 8
github.com/crunchydata/postgres-operator/cmd/postgres-operator/main.go:173.44,174.53 1 4
github.com/crunchydata/postgres-operator/cmd/postgres-operator/main.go:174.53,176.4 1 1
github.com/crunchydata/postgres-operator/cmd/postgres-operator/main.go:176.9,178.4 1 3
github.com/crunchydata/postgres-operator/cmd/postgres-operator/main.go:181.2,181.21 1 8
github.com/crunchydata/postgres-operator/cmd/postgres-operator/main.go:184.13,194.2 7 0
github.com/crunchydata/postgres-operator/cmd/postgres-operator/main.go:194.2,198.13 4 0
github.com/crunchydata/postgres-operator/cmd/postgres-operator/main.go:198.13,207.4 4 0
github.com/crunchydata/postgres-operator/cmd/postgres-operator/main.go:210.2,222.34 6 0
github.com/crunchydata/postgres-operator/cmd/postgres-operator/main.go:222.34,222.57 1 0
github.com/crunchydata/postgres-operator/cmd/postgres-operator/main.go:224.2,236.47 7 0
github.com/crunchydata/postgres-operator/cmd/postgres-operator/main.go:236.47,241.3 4 0
github.com/crunchydata/postgres-operator/cmd/postgres-operator/main.go:243.2,251.40 7 0
github.com/crunchydata/postgres-operator/cmd/postgres-operator/main.go:251.40,255.3 3 0
github.com/crunchydata/postgres-operator/cmd/postgres-operator/main.go:258.2,261.85 4 0
github.com/crunchydata/postgres-operator/cmd/postgres-operator/main.go:261.85,263.3 1 0
github.com/crunchydata/postgres-operator/cmd/postgres-operator/main.go:265.2,265.49 1 0
github.com/crunchydata/postgres-operator/cmd/postgres-operator/main.go:265.49,267.3 1 0
github.com/crunchydata/postgres-operator/cmd/postgres-operator/main.go:270.2,271.30 2 0
github.com/crunchydata/postgres-operator/cmd/postgres-operator/main.go:271.30,275.3 3 0
github.com/crunchydata/postgres-operator/cmd/postgres-operator/main.go:275.8,277.3 1 0
github.com/crunchydata/postgres-operator/cmd/postgres-operator/main.go:280.2,285.12 4 0
github.com/crunchydata/postgres-operator/cmd/postgres-operator/main.go:285.12,285.49 1 0
github.com/crunchydata/postgres-operator/cmd/postgres-operator/main.go:286.2,295.9 6 0
github.com/crunchydata/postgres-operator/cmd/postgres-operator/main.go:296.23,296.23 0 0
github.com/crunchydata/postgres-operator/cmd/postgres-operator/main.go:297.25,298.23 1 0
github.com/crunchydata/postgres-operator/cmd/postgres-operator/main.go:302.2,302.62 1 0
github.com/crunchydata/postgres-operator/cmd/postgres-operator/main.go:302.62,304.3 1 0
github.com/crunchydata/postgres-operator/cmd/postgres-operator/main.go:304.8,306.3 1 0
github.com/crunchydata/postgres-operator/cmd/postgres-operator/open_telemetry.go:24.82,28.49 2 0
github.com/crunchydata/postgres-operator/cmd/postgres-operator/open_telemetry.go:28.49,30.29 2 0
github.com/crunchydata/postgres-operator/cmd/postgres-operator/open_telemetry.go:30.29,32.4 1 0
github.com/crunchydata/postgres-operator/cmd/postgres-operator/open_telemetry.go:33.3,34.13 2 0
github.com/crunchydata/postgres-operator/cmd/postgres-operator/open_telemetry.go:38.2,42.46 2 0
github.com/crunchydata/postgres-operator/cmd/postgres-operator/open_telemetry.go:42.46,44.3 1 0
github.com/crunchydata/postgres-operator/cmd/postgres-operator/open_telemetry.go:46.2,48.61 3 0
github.com/crunchydata/postgres-operator/cmd/postgres-operator/open_telemetry.go:48.61,52.3 1 0
github.com/crunchydata/postgres-operator/cmd/postgres-operator/open_telemetry.go:56.2,65.16 2 0
github.com/crunchydata/postgres-operator/cmd/postgres-operator/open_telemetry.go:65.16,67.3 1 0
github.com/crunchydata/postgres-operator/cmd/postgres-operator/open_telemetry.go:68.2,71.16 1 0
github.com/crunchydata/postgres-operator/cmd/postgres-operator/open_telemetry.go:71.16,73.3 1 0
github.com/crunchydata/postgres-operator/cmd/postgres-operator/open_telemetry.go:77.2,77.45 1 0
github.com/crunchydata/postgres-operator/cmd/postgres-operator/open_telemetry.go:77.45,79.17 2 0
github.com/crunchydata/postgres-operator/cmd/postgres-operator/open_telemetry.go:79.17,81.4 1 0
github.com/crunchydata/postgres-operator/cmd/postgres-operator/open_telemetry.go:85.3,90.35 3 0
github.com/crunchydata/postgres-operator/cmd/postgres-operator/open_telemetry.go:93.2,93.22 1 0
github.com/crunchydata/postgres-operator/cmd/postgres-operator/open_telemetry.go:99.97,100.54 1 0
github.com/crunchydata/postgres-operator/cmd/postgres-operator/open_telemetry.go:100.54,102.3 1 0
github.com/crunchydata/postgres-operator/cmd/postgres-operator/version.go:17.20,19.45 2 0
github.com/crunchydata/postgres-operator/cmd/postgres-operator/version.go:19.45,21.3 1 0
github.com/crunchydata/postgres-operator/cmd/postgres-operator/version.go:22.2,22.28 1 0
github.com/crunchydata/postgres-operator/cmd/postgres-operator/version.go:22.28,24.3 1 0
github.com/crunchydata/postgres-operator/cmd/postgres-operator/version.go:25.2,25.78 1 0
github.com/crunchydata/postgres-operator/internal/controller/pgupgrade/jobs.go:31.65,36.2 1 3
github.com/crunchydata/postgres-operator/internal/controller/pgupgrade/jobs.go:40.87,52.27 6 14
github.com/crunchydata/postgres-operator/internal/controller/pgupgrade/jobs.go:52.27,54.3 1 1
github.com/crunchydata/postgres-operator/internal/controller/pgupgrade/jobs.go:56.2,171.73 3 14
github.com/crunchydata/postgres-operator/internal/controller/pgupgrade/jobs.go:176.67,183.2 1 7
github.com/crunchydata/postgres-operator/internal/controller/pgupgrade/jobs.go:190.16,205.55 7 3
github.com/crunchydata/postgres-operator/internal/controller/pgupgrade/jobs.go:205.55,207.42 2 3
github.com/crunchydata/postgres-operator/internal/controller/pgupgrade/jobs.go:207.42,209.4 1 3
github.com/crunchydata/postgres-operator/internal/controller/pgupgrade/jobs.go:212.2,238.81 8 3
github.com/crunchydata/postgres-operator/internal/controller/pgupgrade/jobs.go:238.81,241.3 2 1
github.com/crunchydata/postgres-operator/internal/controller/pgupgrade/jobs.go:244.2,268.12 8 3
github.com/crunchydata/postgres-operator/internal/controller/pgupgrade/jobs.go:276.61,308.2 4 1
github.com/crunchydata/postgres-operator/internal/controller/pgupgrade/jobs.go:314.16,326.51 7 1
github.com/crunchydata/postgres-operator/internal/controller/pgupgrade/jobs.go:326.51,328.42 2 1
github.com/crunchydata/postgres-operator/internal/controller/pgupgrade/jobs.go:328.42,330.4 1 1
github.com/crunchydata/postgres-operator/internal/controller/pgupgrade/jobs.go:333.2,381.12 14 1
github.com/crunchydata/postgres-operator/internal/controller/pgupgrade/jobs.go:387.65,389.31 2 9
github.com/crunchydata/postgres-operator/internal/controller/pgupgrade/jobs.go:389.31,391.3 1 5
github.com/crunchydata/postgres-operator/internal/controller/pgupgrade/jobs.go:392.2,392.57 1 9
github.com/crunchydata/postgres-operator/internal/controller/pgupgrade/jobs.go:397.64,398.44 1 1
github.com/crunchydata/postgres-operator/internal/controller/pgupgrade/jobs.go:398.44,400.3 1 1
github.com/crunchydata/postgres-operator/internal/controller/pgupgrade/jobs.go:401.2,401.12 1 0
github.com/crunchydata/postgres-operator/internal/controller/pgupgrade/jobs.go:405.39,407.28 2 0
github.com/crunchydata/postgres-operator/internal/controller/pgupgrade/jobs.go:407.28,408.46 1 0
github.com/crunchydata/postgres-operator/internal/controller/pgupgrade/jobs.go:408.46,410.4 1 0
github.com/crunchydata/postgres-operator/internal/controller/pgupgrade/jobs.go:412.2,412.14 1 0
github.com/crunchydata/postgres-operator/internal/controller/pgupgrade/jobs.go:417.42,419.28 2 0
github.com/crunchydata/postgres-operator/internal/controller/pgupgrade/jobs.go:419.28,420.48 1 0
github.com/crunchydata/postgres-operator/internal/controller/pgupgrade/jobs.go:420.48,422.4 1 0
github.com/crunchydata/postgres-operator/internal/controller/pgupgrade/jobs.go:424.2,424.14 1 0
github.com/crunchydata/postgres-operator/internal/controller/pgupgrade/labels.go:36.78,42.2 1 4
github.com/crunchydata/postgres-operator/internal/controller/pgupgrade/pgupgrade_controller.go:58.75,75.108 4 0
github.com/crunchydata/postgres-operator/internal/controller/pgupgrade/pgupgrade_controller.go:75.108,77.5 1 0
github.com/crunchydata/postgres-operator/internal/controller/pgupgrade/pgupgrade_controller.go:87.24,97.12 3 0
github.com/crunchydata/postgres-operator/internal/controller/pgupgrade/pgupgrade_controller.go:97.12,98.33 1 0
github.com/crunchydata/postgres-operator/internal/controller/pgupgrade/pgupgrade_controller.go:98.33,99.66 1 0
github.com/crunchydata/postgres-operator/internal/controller/pgupgrade/pgupgrade_controller.go:99.66,101.5 1 0
github.com/crunchydata/postgres-operator/internal/controller/pgupgrade/pgupgrade_controller.go:104.2,104.17 1 0
github.com/crunchydata/postgres-operator/internal/controller/pgupgrade/pgupgrade_controller.go:118.122,122.29 4 0
github.com/crunchydata/postgres-operator/internal/controller/pgupgrade/pgupgrade_controller.go:122.29,122.59 1 0
github.com/crunchydata/postgres-operator/internal/controller/pgupgrade/pgupgrade_controller.go:125.2,126.15 2 0
github.com/crunchydata/postgres-operator/internal/controller/pgupgrade/pgupgrade_controller.go:126.15,127.66 1 0
github.com/crunchydata/postgres-operator/internal/controller/pgupgrade/pgupgrade_controller.go:127.66,130.35 2 0
github.com/crunchydata/postgres-operator/internal/controller/pgupgrade/pgupgrade_controller.go:130.35,132.5 1 0
github.com/crunchydata/postgres-operator/internal/controller/pgupgrade/pgupgrade_controller.go:132.10,132.28 1 0
github.com/crunchydata/postgres-operator/internal/controller/pgupgrade/pgupgrade_controller.go:132.28,134.5 1 0
github.com/crunchydata/postgres-operator/internal/controller/pgupgrade/pgupgrade_controller.go:147.2,149.66 2 0
github.com/crunchydata/postgres-operator/internal/controller/pgupgrade/pgupgrade_controller.go:149.66,151.3 1 0
github.com/crunchydata/postgres-operator/internal/controller/pgupgrade/pgupgrade_controller.go:153.2,153.35 1 0
github.com/crunchydata/postgres-operator/internal/controller/pgupgrade/pgupgrade_controller.go:153.35,155.3 1 0
github.com/crunchydata/postgres-operator/internal/controller/pgupgrade/pgupgrade_controller.go:158.2,163.72 2 0
github.com/crunchydata/postgres-operator/internal/controller/pgupgrade/pgupgrade_controller.go:163.72,176.3 2 0
github.com/crunchydata/postgres-operator/internal/controller/pgupgrade/pgupgrade_controller.go:178.2,178.56 1 0
github.com/crunchydata/postgres-operator/internal/controller/pgupgrade/pgupgrade_controller.go:178.56,189.3 2 0
github.com/crunchydata/postgres-operator/internal/controller/pgupgrade/pgupgrade_controller.go:191.2,200.16 3 0
github.com/crunchydata/postgres-operator/internal/controller/pgupgrade/pgupgrade_controller.go:200.16,210.3 2 0
github.com/crunchydata/postgres-operator/internal/controller/pgupgrade/pgupgrade_controller.go:212.2,217.34 2 0
github.com/crunchydata/postgres-operator/internal/controller/pgupgrade/pgupgrade_controller.go:217.34,228.3 2 0
github.com/crunchydata/postgres-operator/internal/controller/pgupgrade/pgupgrade_controller.go:230.2,245.33 9 0
github.com/crunchydata/postgres-operator/internal/controller/pgupgrade/pgupgrade_controller.go:245.33,246.47 1 0
github.com/crunchydata/postgres-operator/internal/controller/pgupgrade/pgupgrade_controller.go:246.47,247.25 1 0
github.com/crunchydata/postgres-operator/internal/controller/pgupgrade/pgupgrade_controller.go:247.25,249.5 1 0
github.com/crunchydata/postgres-operator/internal/controller/pgupgrade/pgupgrade_controller.go:249.10,249.29 1 0
github.com/crunchydata/postgres-operator/internal/controller/pgupgrade/pgupgrade_controller.go:249.29,251.10 2 0
github.com/crunchydata/postgres-operator/internal/controller/pgupgrade/pgupgrade_controller.go:255.2,262.77 2 0
github.com/crunchydata/postgres-operator/internal/controller/pgupgrade/pgupgrade_controller.go:262.77,274.3 2 0
github.com/crunchydata/postgres-operator/internal/controller/pgupgrade/pgupgrade_controller.go:277.2,279.60 2 0
github.com/crunchydata/postgres-operator/internal/controller/pgupgrade/pgupgrade_controller.go:279.60,290.51 2 0
github.com/crunchydata/postgres-operator/internal/controller/pgupgrade/pgupgrade_controller.go:290.51,300.4 1 0
github.com/crunchydata/postgres-operator/internal/controller/pgupgrade/pgupgrade_controller.go:302.3,302.28 1 0
github.com/crunchydata/postgres-operator/internal/controller/pgupgrade/pgupgrade_controller.go:311.2,311.28 1 0
github.com/crunchydata/postgres-operator/internal/controller/pgupgrade/pgupgrade_controller.go:311.28,321.3 2 0
github.com/crunchydata/postgres-operator/internal/controller/pgupgrade/pgupgrade_controller.go:323.2,327.33 2 0
github.com/crunchydata/postgres-operator/internal/controller/pgupgrade/pgupgrade_controller.go:327.33,337.3 2 0
github.com/crunchydata/postgres-operator/internal/controller/pgupgrade/pgupgrade_controller.go:339.2,342.58 2 0
github.com/crunchydata/postgres-operator/internal/controller/pgupgrade/pgupgrade_controller.go:342.58,354.3 2 0
github.com/crunchydata/postgres-operator/internal/controller/pgupgrade/pgupgrade_controller.go:356.2,366.97 2 0
github.com/crunchydata/postgres-operator/internal/controller/pgupgrade/pgupgrade_controller.go:366.97,378.3 2 0
github.com/crunchydata/postgres-operator/internal/controller/pgupgrade/pgupgrade_controller.go:380.2,384.46 2 0
github.com/crunchydata/postgres-operator/internal/controller/pgupgrade/pgupgrade_controller.go:384.46,394.3 2 0
github.com/crunchydata/postgres-operator/internal/controller/pgupgrade/pgupgrade_controller.go:400.2,401.58 1 0
github.com/crunchydata/postgres-operator/internal/controller/pgupgrade/pgupgrade_controller.go:401.58,405.37 1 0
github.com/crunchydata/postgres-operator/internal/controller/pgupgrade/pgupgrade_controller.go:405.37,407.29 1 0
github.com/crunchydata/postgres-operator/internal/controller/pgupgrade/pgupgrade_controller.go:407.29,418.5 5 0
github.com/crunchydata/postgres-operator/internal/controller/pgupgrade/pgupgrade_controller.go:421.3,421.17 1 0
github.com/crunchydata/postgres-operator/internal/controller/pgupgrade/pgupgrade_controller.go:421.17,433.4 4 0
github.com/crunchydata/postgres-operator/internal/controller/pgupgrade/pgupgrade_controller.go:435.3,435.28 1 0
github.com/crunchydata/postgres-operator/internal/controller/pgupgrade/pgupgrade_controller.go:439.2,439.39 1 0
github.com/crunchydata/postgres-operator/internal/controller/pgupgrade/pgupgrade_controller.go:439.39,442.3 1 0
github.com/crunchydata/postgres-operator/internal/controller/pgupgrade/pgupgrade_controller.go:448.2,448.65 1 0
github.com/crunchydata/postgres-operator/internal/controller/pgupgrade/pgupgrade_controller.go:448.65,449.45 1 0
github.com/crunchydata/postgres-operator/internal/controller/pgupgrade/pgupgrade_controller.go:449.45,450.18 1 0
github.com/crunchydata/postgres-operator/internal/controller/pgupgrade/pgupgrade_controller.go:450.18,452.5 1 0
github.com/crunchydata/postgres-operator/internal/controller/pgupgrade/pgupgrade_controller.go:464.2,464.37 1 0
github.com/crunchydata/postgres-operator/internal/controller/pgupgrade/pgupgrade_controller.go:464.37,465.49 1 0
github.com/crunchydata/postgres-operator/internal/controller/pgupgrade/pgupgrade_controller.go:465.49,470.4 4 0
github.com/crunchydata/postgres-operator/internal/controller/pgupgrade/pgupgrade_controller.go:473.3,473.43 1 0
github.com/crunchydata/postgres-operator/internal/controller/pgupgrade/pgupgrade_controller.go:481.2,482.8 2 0
github.com/crunchydata/postgres-operator/internal/controller/pgupgrade/pgupgrade_controller.go:485.83,488.80 2 0
github.com/crunchydata/postgres-operator/internal/controller/pgupgrade/pgupgrade_controller.go:488.80,498.3 1 0
github.com/crunchydata/postgres-operator/internal/controller/pgupgrade/registration.go:14.82,21.30 3 4
github.com/crunchydata/postgres-operator/internal/controller/pgupgrade/registration.go:21.30,24.3 2 1
github.com/crunchydata/postgres-operator/internal/controller/pgupgrade/registration.go:26.2,26.13 1 3
github.com/crunchydata/postgres-operator/internal/controller/pgupgrade/utils.go:31.3,32.47 1 4
github.com/crunchydata/postgres-operator/internal/controller/pgupgrade/utils.go:32.47,33.82 1 0
github.com/crunchydata/postgres-operator/internal/controller/pgupgrade/utils.go:36.2,46.4 1 4
github.com/crunchydata/postgres-operator/internal/controller/pgupgrade/utils.go:51.50,53.27 2 7
github.com/crunchydata/postgres-operator/internal/controller/pgupgrade/utils.go:53.27,55.3 1 17
github.com/crunchydata/postgres-operator/internal/controller/pgupgrade/utils.go:56.2,56.15 1 7
github.com/crunchydata/postgres-operator/internal/controller/pgupgrade/utils.go:60.47,61.17 1 9
github.com/crunchydata/postgres-operator/internal/controller/pgupgrade/utils.go:61.17,63.3 1 4
github.com/crunchydata/postgres-operator/internal/controller/pgupgrade/utils.go:64.2,64.14 1 5
github.com/crunchydata/postgres-operator/internal/controller/pgupgrade/world.go:32.19,48.16 7 0
github.com/crunchydata/postgres-operator/internal/controller/pgupgrade/world.go:48.16,56.3 3 0
github.com/crunchydata/postgres-operator/internal/controller/pgupgrade/world.go:58.2,58.16 1 0
github.com/crunchydata/postgres-operator/internal/controller/pgupgrade/world.go:58.16,65.29 3 0
github.com/crunchydata/postgres-operator/internal/controller/pgupgrade/world.go:65.29,67.4 1 0
github.com/crunchydata/postgres-operator/internal/controller/pgupgrade/world.go:70.2,70.16 1 0
github.com/crunchydata/postgres-operator/internal/controller/pgupgrade/world.go:70.16,78.3 3 0
github.com/crunchydata/postgres-operator/internal/controller/pgupgrade/world.go:80.2,80.16 1 0
github.com/crunchydata/postgres-operator/internal/controller/pgupgrade/world.go:80.16,82.3 1 0
github.com/crunchydata/postgres-operator/internal/controller/pgupgrade/world.go:84.2,84.19 1 0
github.com/crunchydata/postgres-operator/internal/controller/pgupgrade/world.go:87.84,88.16 1 3
github.com/crunchydata/postgres-operator/internal/controller/pgupgrade/world.go:88.16,92.3 2 1
github.com/crunchydata/postgres-operator/internal/controller/pgupgrade/world.go:92.8,92.38 1 2
github.com/crunchydata/postgres-operator/internal/controller/pgupgrade/world.go:92.38,96.3 3 1
github.com/crunchydata/postgres-operator/internal/controller/pgupgrade/world.go:97.2,97.12 1 3
github.com/crunchydata/postgres-operator/internal/controller/pgupgrade/world.go:100.72,101.41 1 1
github.com/crunchydata/postgres-operator/internal/controller/pgupgrade/world.go:101.41,102.42 1 3
github.com/crunchydata/postgres-operator/internal/controller/pgupgrade/world.go:102.42,104.4 1 2
github.com/crunchydata/postgres-operator/internal/controller/pgupgrade/world.go:113.73,115.22 2 2
github.com/crunchydata/postgres-operator/internal/controller/pgupgrade/world.go:115.22,117.40 2 2
github.com/crunchydata/postgres-operator/internal/controller/pgupgrade/world.go:117.40,118.39 1 6
github.com/crunchydata/postgres-operator/internal/controller/pgupgrade/world.go:118.39,120.22 2 4
github.com/crunchydata/postgres-operator/internal/controller/pgupgrade/world.go:120.22,121.22 1 2
github.com/crunchydata/postgres-operator/internal/controller/pgupgrade/world.go:122.19,123.46 1 1
github.com/crunchydata/postgres-operator/internal/controller/pgupgrade/world.go:124.14,125.74 1 1
github.com/crunchydata/postgres-operator/internal/controller/pgupgrade/world.go:133.36,134.22 1 5
github.com/crunchydata/postgres-operator/internal/controller/pgupgrade/world.go:134.22,141.27 4 4
github.com/crunchydata/postgres-operator/internal/controller/pgupgrade/world.go:141.27,143.4 1 4
github.com/crunchydata/postgres-operator/internal/controller/pgupgrade/world.go:143.9,145.4 1 0
github.com/crunchydata/postgres-operator/internal/controller/pgupgrade/world.go:146.3,149.28 3 4
github.com/crunchydata/postgres-operator/internal/controller/pgupgrade/world.go:149.28,150.33 1 2
github.com/crunchydata/postgres-operator/internal/controller/pgupgrade/world.go:150.33,152.5 1 1
github.com/crunchydata/postgres-operator/internal/controller/pgupgrade/world.go:171.24,175.2 1 11
github.com/crunchydata/postgres-operator/internal/controller/standalone_pgadmin/configmap.go:35.30,37.16 2 0
github.com/crunchydata/postgres-operator/internal/controller/standalone_pgadmin/configmap.go:37.16,39.3 1 0
github.com/crunchydata/postgres-operator/internal/controller/standalone_pgadmin/configmap.go:41.2,43.16 2 0
github.com/crunchydata/postgres-operator/internal/controller/standalone_pgadmin/configmap.go:43.16,45.3 1 0
github.com/crunchydata/postgres-operator/internal/controller/standalone_pgadmin/configmap.go:46.2,46.16 1 0
github.com/crunchydata/postgres-operator/internal/controller/standalone_pgadmin/configmap.go:46.16,48.3 1 0
github.com/crunchydata/postgres-operator/internal/controller/standalone_pgadmin/configmap.go:50.2,50.23 1 0
github.com/crunchydata/postgres-operator/internal/controller/standalone_pgadmin/configmap.go:56.30,76.54 7 2
github.com/crunchydata/postgres-operator/internal/controller/standalone_pgadmin/configmap.go:76.54,82.61 2 0
github.com/crunchydata/postgres-operator/internal/controller/standalone_pgadmin/configmap.go:82.61,90.26 3 0
github.com/crunchydata/postgres-operator/internal/controller/standalone_pgadmin/configmap.go:90.26,95.5 2 0
github.com/crunchydata/postgres-operator/internal/controller/standalone_pgadmin/configmap.go:98.2,99.16 2 2
github.com/crunchydata/postgres-operator/internal/controller/standalone_pgadmin/configmap.go:99.16,101.3 1 2
github.com/crunchydata/postgres-operator/internal/controller/standalone_pgadmin/configmap.go:103.2,104.16 2 2
github.com/crunchydata/postgres-operator/internal/controller/standalone_pgadmin/configmap.go:104.16,106.3 1 2
github.com/crunchydata/postgres-operator/internal/controller/standalone_pgadmin/configmap.go:108.2,110.16 2 2
github.com/crunchydata/postgres-operator/internal/controller/standalone_pgadmin/configmap.go:110.16,112.3 1 2
github.com/crunchydata/postgres-operator/internal/controller/standalone_pgadmin/configmap.go:114.2,114.23 1 2
github.com/crunchydata/postgres-operator/internal/controller/standalone_pgadmin/configmap.go:120.17,141.18 9 6
github.com/crunchydata/postgres-operator/internal/controller/standalone_pgadmin/configmap.go:141.18,153.3 6 1
github.com/crunchydata/postgres-operator/internal/controller/standalone_pgadmin/configmap.go:159.2,165.29 6 6
github.com/crunchydata/postgres-operator/internal/controller/standalone_pgadmin/configmap.go:188.19,203.28 6 3
github.com/crunchydata/postgres-operator/internal/controller/standalone_pgadmin/configmap.go:203.28,205.3 1 3
github.com/crunchydata/postgres-operator/internal/controller/standalone_pgadmin/configmap.go:206.2,209.39 3 3
github.com/crunchydata/postgres-operator/internal/controller/standalone_pgadmin/configmap.go:209.39,210.86 1 3
github.com/crunchydata/postgres-operator/internal/controller/standalone_pgadmin/configmap.go:210.86,212.4 1 3
github.com/crunchydata/postgres-operator/internal/controller/standalone_pgadmin/configmap.go:213.3,213.53 1 3
github.com/crunchydata/postgres-operator/internal/controller/standalone_pgadmin/configmap.go:213.53,226.4 2 6
github.com/crunchydata/postgres-operator/internal/controller/standalone_pgadmin/configmap.go:228.2,232.29 3 3
github.com/crunchydata/postgres-operator/internal/controller/standalone_pgadmin/configmap.go:239.19,258.18 5 7
github.com/crunchydata/postgres-operator/internal/controller/standalone_pgadmin/configmap.go:258.18,315.3 1 1
github.com/crunchydata/postgres-operator/internal/controller/standalone_pgadmin/configmap.go:316.2,328.29 7 7
github.com/crunchydata/postgres-operator/internal/controller/standalone_pgadmin/controller.go:61.49,83.108 5 0
github.com/crunchydata/postgres-operator/internal/controller/standalone_pgadmin/controller.go:83.108,85.5 1 0
github.com/crunchydata/postgres-operator/internal/controller/standalone_pgadmin/controller.go:89.107,91.5 1 0
github.com/crunchydata/postgres-operator/internal/controller/standalone_pgadmin/controller.go:99.112,108.15 6 0
github.com/crunchydata/postgres-operator/internal/controller/standalone_pgadmin/controller.go:108.15,109.66 1 0
github.com/crunchydata/postgres-operator/internal/controller/standalone_pgadmin/controller.go:109.66,111.24 2 0
github.com/crunchydata/postgres-operator/internal/controller/standalone_pgadmin/controller.go:111.24,113.5 1 0
github.com/crunchydata/postgres-operator/internal/controller/standalone_pgadmin/controller.go:114.4,114.18 1 0
github.com/crunchydata/postgres-operator/internal/controller/standalone_pgadmin/controller.go:114.18,116.5 1 0
github.com/crunchydata/postgres-operator/internal/controller/standalone_pgadmin/controller.go:120.2,132.16 4 0
github.com/crunchydata/postgres-operator/internal/controller/standalone_pgadmin/controller.go:132.16,134.3 1 0
github.com/crunchydata/postgres-operator/internal/controller/standalone_pgadmin/controller.go:135.2,135.16 1 0
github.com/crunchydata/postgres-operator/internal/controller/standalone_pgadmin/controller.go:135.16,137.3 1 0
github.com/crunchydata/postgres-operator/internal/controller/standalone_pgadmin/controller.go:138.2,138.16 1 0
github.com/crunchydata/postgres-operator/internal/controller/standalone_pgadmin/controller.go:138.16,140.3 1 0
github.com/crunchydata/postgres-operator/internal/controller/standalone_pgadmin/controller.go:141.2,141.16 1 0
github.com/crunchydata/postgres-operator/internal/controller/standalone_pgadmin/controller.go:141.16,143.3 1 0
github.com/crunchydata/postgres-operator/internal/controller/standalone_pgadmin/controller.go:144.2,144.16 1 0
github.com/crunchydata/postgres-operator/internal/controller/standalone_pgadmin/controller.go:144.16,146.3 1 0
github.com/crunchydata/postgres-operator/internal/controller/standalone_pgadmin/controller.go:147.2,147.16 1 0
github.com/crunchydata/postgres-operator/internal/controller/standalone_pgadmin/controller.go:147.16,149.3 1 0
github.com/crunchydata/postgres-operator/internal/controller/standalone_pgadmin/controller.go:151.2,151.16 1 0
github.com/crunchydata/postgres-operator/internal/controller/standalone_pgadmin/controller.go:151.16,156.3 2 0
github.com/crunchydata/postgres-operator/internal/controller/standalone_pgadmin/controller.go:158.2,158.54 1 0
github.com/crunchydata/postgres-operator/internal/controller/standalone_pgadmin/controller.go:175.9,177.2 1 0
github.com/crunchydata/postgres-operator/internal/controller/standalone_pgadmin/controller.go:182.9,183.44 1 0
github.com/crunchydata/postgres-operator/internal/controller/standalone_pgadmin/controller.go:183.44,189.3 4 0
github.com/crunchydata/postgres-operator/internal/controller/standalone_pgadmin/controller.go:191.2,191.12 1 0
github.com/crunchydata/postgres-operator/internal/controller/standalone_pgadmin/pod.go:53.3,152.93 10 3
github.com/crunchydata/postgres-operator/internal/controller/standalone_pgadmin/pod.go:152.93,154.3 1 0
github.com/crunchydata/postgres-operator/internal/controller/standalone_pgadmin/pod.go:155.2,185.53 5 3
github.com/crunchydata/postgres-operator/internal/controller/standalone_pgadmin/pod.go:190.101,217.64 2 4
github.com/crunchydata/postgres-operator/internal/controller/standalone_pgadmin/pod.go:217.64,226.3 2 0
github.com/crunchydata/postgres-operator/internal/controller/standalone_pgadmin/pod.go:228.2,228.50 1 4
github.com/crunchydata/postgres-operator/internal/controller/standalone_pgadmin/pod.go:228.50,234.3 1 0
github.com/crunchydata/postgres-operator/internal/controller/standalone_pgadmin/pod.go:244.2,244.49 1 4
github.com/crunchydata/postgres-operator/internal/controller/standalone_pgadmin/pod.go:244.49,250.3 1 0
github.com/crunchydata/postgres-operator/internal/controller/standalone_pgadmin/pod.go:252.2,252.15 1 4
github.com/crunchydata/postgres-operator/internal/controller/standalone_pgadmin/pod.go:255.55,358.2 10 3
github.com/crunchydata/postgres-operator/internal/controller/standalone_pgadmin/pod.go:361.32,456.2 4 3
github.com/crunchydata/postgres-operator/internal/controller/standalone_pgadmin/pod.go:460.73,473.5 2 2
github.com/crunchydata/postgres-operator/internal/controller/standalone_pgadmin/pod.go:473.5,475.3 1 1
github.com/crunchydata/postgres-operator/internal/controller/standalone_pgadmin/pod.go:477.2,477.12 1 2
github.com/crunchydata/postgres-operator/internal/controller/standalone_pgadmin/related.go:23.22,35.12 2 0
github.com/crunchydata/postgres-operator/internal/controller/standalone_pgadmin/related.go:35.12,36.33 1 0
github.com/crunchydata/postgres-operator/internal/controller/standalone_pgadmin/related.go:36.33,37.68 1 0
github.com/crunchydata/postgres-operator/internal/controller/standalone_pgadmin/related.go:37.68,38.61 1 0
github.com/crunchydata/postgres-operator/internal/controller/standalone_pgadmin/related.go:38.61,40.14 2 0
github.com/crunchydata/postgres-operator/internal/controller/standalone_pgadmin/related.go:42.5,42.92 1 0
github.com/crunchydata/postgres-operator/internal/controller/standalone_pgadmin/related.go:42.92,43.59 1 0
github.com/crunchydata/postgres-operator/internal/controller/standalone_pgadmin/related.go:43.59,45.7 1 0
github.com/crunchydata/postgres-operator/internal/controller/standalone_pgadmin/related.go:50.2,50.17 1 0
github.com/crunchydata/postgres-operator/internal/controller/standalone_pgadmin/related.go:59.22,69.17 3 0
github.com/crunchydata/postgres-operator/internal/controller/standalone_pgadmin/related.go:69.17,70.33 1 0
github.com/crunchydata/postgres-operator/internal/controller/standalone_pgadmin/related.go:70.33,71.48 1 0
github.com/crunchydata/postgres-operator/internal/controller/standalone_pgadmin/related.go:71.48,72.72 1 0
github.com/crunchydata/postgres-operator/internal/controller/standalone_pgadmin/related.go:72.72,74.11 2 0
github.com/crunchydata/postgres-operator/internal/controller/standalone_pgadmin/related.go:79.2,79.17 1 0
github.com/crunchydata/postgres-operator/internal/controller/standalone_pgadmin/related.go:88.50,93.56 4 0
github.com/crunchydata/postgres-operator/internal/controller/standalone_pgadmin/related.go:93.56,95.44 2 0
github.com/crunchydata/postgres-operator/internal/controller/standalone_pgadmin/related.go:95.44,100.18 2 0
github.com/crunchydata/postgres-operator/internal/controller/standalone_pgadmin/related.go:100.18,102.5 1 0
github.com/crunchydata/postgres-operator/internal/controller/standalone_pgadmin/related.go:103.4,103.12 1 0
github.com/crunchydata/postgres-operator/internal/controller/standalone_pgadmin/related.go:105.3,105.89 1 0
github.com/crunchydata/postgres-operator/internal/controller/standalone_pgadmin/related.go:105.89,111.18 3 0
github.com/crunchydata/postgres-operator/internal/controller/standalone_pgadmin/related.go:111.18,113.5 1 0
github.com/crunchydata/postgres-operator/internal/controller/standalone_pgadmin/related.go:117.2,117.22 1 0
github.com/crunchydata/postgres-operator/internal/controller/standalone_pgadmin/service.go:32.9,45.18 3 0
github.com/crunchydata/postgres-operator/internal/controller/standalone_pgadmin/service.go:45.18,47.3 1 0
github.com/crunchydata/postgres-operator/internal/controller/standalone_pgadmin/service.go:50.2,50.32 1 0
github.com/crunchydata/postgres-operator/internal/controller/standalone_pgadmin/service.go:50.32,51.57 1 0
github.com/crunchydata/postgres-operator/internal/controller/standalone_pgadmin/service.go:51.57,55.79 2 0
github.com/crunchydata/postgres-operator/internal/controller/standalone_pgadmin/service.go:55.79,57.5 1 0
github.com/crunchydata/postgres-operator/internal/controller/standalone_pgadmin/service.go:63.2,63.36 1 0
github.com/crunchydata/postgres-operator/internal/controller/standalone_pgadmin/service.go:63.36,70.40 3 0
github.com/crunchydata/postgres-operator/internal/controller/standalone_pgadmin/service.go:70.40,72.4 1 0
github.com/crunchydata/postgres-operator/internal/controller/standalone_pgadmin/service.go:75.3,75.33 1 0
github.com/crunchydata/postgres-operator/internal/controller/standalone_pgadmin/service.go:75.33,80.49 1 0
github.com/crunchydata/postgres-operator/internal/controller/standalone_pgadmin/service.go:80.49,83.57 1 0
github.com/crunchydata/postgres-operator/internal/controller/standalone_pgadmin/service.go:83.57,92.6 4 0
github.com/crunchydata/postgres-operator/internal/controller/standalone_pgadmin/service.go:97.3,100.86 2 0
github.com/crunchydata/postgres-operator/internal/controller/standalone_pgadmin/service.go:100.86,102.4 1 0
github.com/crunchydata/postgres-operator/internal/controller/standalone_pgadmin/service.go:104.3,104.65 1 0
github.com/crunchydata/postgres-operator/internal/controller/standalone_pgadmin/service.go:108.2,108.12 1 0
github.com/crunchydata/postgres-operator/internal/controller/standalone_pgadmin/service.go:112.56,139.2 9 1
github.com/crunchydata/postgres-operator/internal/controller/standalone_pgadmin/statefulset.go:30.9,39.103 3 0
github.com/crunchydata/postgres-operator/internal/controller/standalone_pgadmin/statefulset.go:39.103,40.33 1 0
github.com/crunchydata/postgres-operator/internal/controller/standalone_pgadmin/statefulset.go:40.33,42.4 1 0
github.com/crunchydata/postgres-operator/internal/controller/standalone_pgadmin/statefulset.go:43.8,44.72 1 0
github.com/crunchydata/postgres-operator/internal/controller/standalone_pgadmin/statefulset.go:44.72,53.4 5 0
github.com/crunchydata/postgres-operator/internal/controller/standalone_pgadmin/statefulset.go:56.2,56.81 1 0
github.com/crunchydata/postgres-operator/internal/controller/standalone_pgadmin/statefulset.go:56.81,58.3 1 0
github.com/crunchydata/postgres-operator/internal/controller/standalone_pgadmin/statefulset.go:59.2,59.60 1 0
github.com/crunchydata/postgres-operator/internal/controller/standalone_pgadmin/statefulset.go:68.23,125.54 20 0
github.com/crunchydata/postgres-operator/internal/controller/standalone_pgadmin/statefulset.go:125.54,139.3 3 0
github.com/crunchydata/postgres-operator/internal/controller/standalone_pgadmin/statefulset.go:141.2,144.77 2 0
github.com/crunchydata/postgres-operator/internal/controller/standalone_pgadmin/statefulset.go:144.77,147.33 2 0
github.com/crunchydata/postgres-operator/internal/controller/standalone_pgadmin/statefulset.go:147.33,150.4 1 0
github.com/crunchydata/postgres-operator/internal/controller/standalone_pgadmin/statefulset.go:153.2,153.12 1 0
github.com/crunchydata/postgres-operator/internal/controller/standalone_pgadmin/users.go:48.104,58.16 7 7
github.com/crunchydata/postgres-operator/internal/controller/standalone_pgadmin/users.go:58.16,60.3 1 1
github.com/crunchydata/postgres-operator/internal/controller/standalone_pgadmin/users.go:62.2,64.54 3 6
github.com/crunchydata/postgres-operator/internal/controller/standalone_pgadmin/users.go:64.54,65.31 1 5
github.com/crunchydata/postgres-operator/internal/controller/standalone_pgadmin/users.go:65.31,68.4 2 5
github.com/crunchydata/postgres-operator/internal/controller/standalone_pgadmin/users.go:70.2,70.74 1 6
github.com/crunchydata/postgres-operator/internal/controller/standalone_pgadmin/users.go:70.74,75.11 2 4
github.com/crunchydata/postgres-operator/internal/controller/standalone_pgadmin/users.go:75.11,77.4 1 4
github.com/crunchydata/postgres-operator/internal/controller/standalone_pgadmin/users.go:79.2,79.24 1 6
github.com/crunchydata/postgres-operator/internal/controller/standalone_pgadmin/users.go:79.24,81.3 1 2
github.com/crunchydata/postgres-operator/internal/controller/standalone_pgadmin/users.go:85.2,87.46 2 4
github.com/crunchydata/postgres-operator/internal/controller/standalone_pgadmin/users.go:87.46,98.59 3 4
github.com/crunchydata/postgres-operator/internal/controller/standalone_pgadmin/users.go:98.59,100.4 1 1
github.com/crunchydata/postgres-operator/internal/controller/standalone_pgadmin/users.go:102.3,106.17 3 3
github.com/crunchydata/postgres-operator/internal/controller/standalone_pgadmin/users.go:106.17,108.4 1 1
github.com/crunchydata/postgres-operator/internal/controller/standalone_pgadmin/users.go:113.3,117.44 4 2
github.com/crunchydata/postgres-operator/internal/controller/standalone_pgadmin/users.go:118.8,120.3 1 0
github.com/crunchydata/postgres-operator/internal/controller/standalone_pgadmin/users.go:124.2,124.29 1 2
github.com/crunchydata/postgres-operator/internal/controller/standalone_pgadmin/users.go:124.29,127.34 1 2
github.com/crunchydata/postgres-operator/internal/controller/standalone_pgadmin/users.go:127.34,130.4 1 2
github.com/crunchydata/postgres-operator/internal/controller/standalone_pgadmin/users.go:131.3,131.13 1 2
github.com/crunchydata/postgres-operator/internal/controller/standalone_pgadmin/users.go:134.2,134.55 1 0
github.com/crunchydata/postgres-operator/internal/controller/standalone_pgadmin/users.go:141.23,147.39 4 0
github.com/crunchydata/postgres-operator/internal/controller/standalone_pgadmin/users.go:147.39,149.3 1 0
github.com/crunchydata/postgres-operator/internal/controller/standalone_pgadmin/users.go:151.2,170.50 8 0
github.com/crunchydata/postgres-operator/internal/controller/standalone_pgadmin/users.go:170.50,172.17 2 0
github.com/crunchydata/postgres-operator/internal/controller/standalone_pgadmin/users.go:172.17,174.4 1 0
github.com/crunchydata/postgres-operator/internal/controller/standalone_pgadmin/users.go:176.2,177.40 2 0
github.com/crunchydata/postgres-operator/internal/controller/standalone_pgadmin/users.go:177.40,179.3 1 0
github.com/crunchydata/postgres-operator/internal/controller/standalone_pgadmin/users.go:181.2,183.16 3 0
github.com/crunchydata/postgres-operator/internal/controller/standalone_pgadmin/users.go:183.16,185.3 1 0
github.com/crunchydata/postgres-operator/internal/controller/standalone_pgadmin/users.go:186.2,186.24 1 0
github.com/crunchydata/postgres-operator/internal/controller/standalone_pgadmin/users.go:186.24,188.3 1 0
github.com/crunchydata/postgres-operator/internal/controller/standalone_pgadmin/users.go:190.2,191.42 2 0
github.com/crunchydata/postgres-operator/internal/controller/standalone_pgadmin/users.go:191.42,196.19 3 0
github.com/crunchydata/postgres-operator/internal/controller/standalone_pgadmin/users.go:196.19,198.4 1 0
github.com/crunchydata/postgres-operator/internal/controller/standalone_pgadmin/users.go:199.3,200.35 2 0
github.com/crunchydata/postgres-operator/internal/controller/standalone_pgadmin/users.go:200.35,203.4 2 0
github.com/crunchydata/postgres-operator/internal/controller/standalone_pgadmin/users.go:206.3,212.17 3 0
github.com/crunchydata/postgres-operator/internal/controller/standalone_pgadmin/users.go:212.17,214.12 2 0
github.com/crunchydata/postgres-operator/internal/controller/standalone_pgadmin/users.go:218.3,219.22 2 0
github.com/crunchydata/postgres-operator/internal/controller/standalone_pgadmin/users.go:219.22,221.12 2 0
github.com/crunchydata/postgres-operator/internal/controller/standalone_pgadmin/users.go:223.3,223.25 1 0
github.com/crunchydata/postgres-operator/internal/controller/standalone_pgadmin/users.go:223.25,225.12 2 0
github.com/crunchydata/postgres-operator/internal/controller/standalone_pgadmin/users.go:230.3,239.72 2 0
github.com/crunchydata/postgres-operator/internal/controller/standalone_pgadmin/users.go:239.72,241.98 1 0
github.com/crunchydata/postgres-operator/internal/controller/standalone_pgadmin/users.go:241.98,250.19 3 0
github.com/crunchydata/postgres-operator/internal/controller/standalone_pgadmin/users.go:250.19,253.14 3 0
github.com/crunchydata/postgres-operator/internal/controller/standalone_pgadmin/users.go:255.11,255.122 1 0
github.com/crunchydata/postgres-operator/internal/controller/standalone_pgadmin/users.go:255.122,259.6 1 0
github.com/crunchydata/postgres-operator/internal/controller/standalone_pgadmin/users.go:259.11,259.56 1 0
github.com/crunchydata/postgres-operator/internal/controller/standalone_pgadmin/users.go:259.56,263.14 3 0
github.com/crunchydata/postgres-operator/internal/controller/standalone_pgadmin/users.go:268.5,269.60 1 0
github.com/crunchydata/postgres-operator/internal/controller/standalone_pgadmin/users.go:269.60,277.14 4 0
github.com/crunchydata/postgres-operator/internal/controller/standalone_pgadmin/users.go:280.9,289.18 3 0
github.com/crunchydata/postgres-operator/internal/controller/standalone_pgadmin/users.go:289.18,291.13 2 0
github.com/crunchydata/postgres-operator/internal/controller/standalone_pgadmin/users.go:293.4,293.114 1 0
github.com/crunchydata/postgres-operator/internal/controller/standalone_pgadmin/users.go:293.114,297.5 1 0
github.com/crunchydata/postgres-operator/internal/controller/standalone_pgadmin/users.go:297.10,297.55 1 0
github.com/crunchydata/postgres-operator/internal/controller/standalone_pgadmin/users.go:297.55,300.13 2 0
github.com/crunchydata/postgres-operator/internal/controller/standalone_pgadmin/users.go:305.4,306.59 1 0
github.com/crunchydata/postgres-operator/internal/controller/standalone_pgadmin/users.go:306.59,314.13 3 0
github.com/crunchydata/postgres-operator/internal/controller/standalone_pgadmin/users.go:320.3,320.48 1 0
github.com/crunchydata/postgres-operator/internal/controller/standalone_pgadmin/users.go:327.2,330.16 3 0
github.com/crunchydata/postgres-operator/internal/controller/standalone_pgadmin/users.go:330.16,332.3 1 0
github.com/crunchydata/postgres-operator/internal/controller/standalone_pgadmin/users.go:334.2,334.12 1 0
github.com/crunchydata/postgres-operator/internal/controller/standalone_pgadmin/volume.go:28.42,34.16 3 0
github.com/crunchydata/postgres-operator/internal/controller/standalone_pgadmin/volume.go:34.16,37.3 1 0
github.com/crunchydata/postgres-operator/internal/controller/standalone_pgadmin/volume.go:39.2,39.17 1 0
github.com/crunchydata/postgres-operator/internal/controller/standalone_pgadmin/volume.go:43.66,57.2 6 0
github.com/crunchydata/postgres-operator/internal/controller/standalone_pgadmin/volume.go:66.9,68.59 2 6
github.com/crunchydata/postgres-operator/internal/controller/standalone_pgadmin/volume.go:68.59,70.3 1 5
github.com/crunchydata/postgres-operator/internal/controller/standalone_pgadmin/volume.go:72.2,72.34 1 6
github.com/crunchydata/postgres-operator/internal/controller/standalone_pgadmin/volume.go:72.34,81.3 1 3
github.com/crunchydata/postgres-operator/internal/controller/standalone_pgadmin/volume.go:83.2,83.33 1 6
github.com/crunchydata/postgres-operator/internal/controller/standalone_pgadmin/volume.go:83.33,86.3 1 5
github.com/crunchydata/postgres-operator/internal/controller/standalone_pgadmin/volume.go:92.2,92.32 1 6
github.com/crunchydata/postgres-operator/internal/controller/standalone_pgadmin/volume.go:92.32,96.3 3 1
github.com/crunchydata/postgres-operator/internal/controller/standalone_pgadmin/volume.go:98.2,98.55 1 5
github.com/crunchydata/postgres-operator/internal/controller/standalone_pgadmin/volume.go:98.55,100.47 2 4
github.com/crunchydata/postgres-operator/internal/controller/standalone_pgadmin/volume.go:100.47,101.11 1 5
github.com/crunchydata/postgres-operator/internal/controller/standalone_pgadmin/volume.go:112.28,113.21 1 2
github.com/crunchydata/postgres-operator/internal/controller/standalone_pgadmin/volume.go:120.55,122.21 2 2
github.com/crunchydata/postgres-operator/internal/controller/standalone_pgadmin/volume.go:124.12,125.24 1 1
github.com/crunchydata/postgres-operator/internal/controller/standalone_pgadmin/volume.go:129.3,129.54 1 4
github.com/crunchydata/postgres-operator/internal/controller/standalone_pgadmin/volume.go:129.54,132.4 1 3
github.com/crunchydata/postgres-operator/internal/controller/standalone_pgadmin/volume.go:135.2,135.12 1 2
github.com/crunchydata/postgres-operator/internal/kubernetes/apis.go:31.35,36.21 2 5
github.com/crunchydata/postgres-operator/internal/kubernetes/apis.go:36.21,42.3 1 5
github.com/crunchydata/postgres-operator/internal/kubernetes/apis.go:44.2,44.10 1 5
github.com/crunchydata/postgres-operator/internal/kubernetes/apis.go:50.45,51.74 1 5
github.com/crunchydata/postgres-operator/internal/kubernetes/apis.go:51.74,53.3 1 3
github.com/crunchydata/postgres-operator/internal/kubernetes/apis.go:54.2,54.14 1 2
github.com/crunchydata/postgres-operator/internal/kubernetes/apis.go:58.68,60.2 1 3
github.com/crunchydata/postgres-operator/internal/kubernetes/discovery.go:51.72,76.2 3 0
github.com/crunchydata/postgres-operator/internal/kubernetes/discovery.go:79.45,79.69 1 1
github.com/crunchydata/postgres-operator/internal/kubernetes/discovery.go:82.51,86.2 3 0
github.com/crunchydata/postgres-operator/internal/kubernetes/discovery.go:89.51,93.2 3 1
github.com/crunchydata/postgres-operator/internal/kubernetes/discovery.go:97.46,99.2 1 1
github.com/crunchydata/postgres-operator/internal/kubernetes/discovery.go:103.53,103.69 1 1
github.com/crunchydata/postgres-operator/internal/kubernetes/discovery.go:106.59,108.2 1 0
github.com/crunchydata/postgres-operator/internal/kubernetes/discovery.go:110.63,113.34 2 0
github.com/crunchydata/postgres-operator/internal/kubernetes/discovery.go:113.34,114.34 1 0
github.com/crunchydata/postgres-operator/internal/kubernetes/discovery.go:114.34,116.4 1 0
github.com/crunchydata/postgres-operator/internal/kubernetes/discovery.go:117.3,117.48 1 0
github.com/crunchydata/postgres-operator/internal/kubernetes/discovery.go:117.48,119.4 1 0
github.com/crunchydata/postgres-operator/internal/kubernetes/discovery.go:120.3,120.22 1 0
github.com/crunchydata/postgres-operator/internal/kubernetes/discovery.go:120.22,122.4 1 0
github.com/crunchydata/postgres-operator/internal/kubernetes/discovery.go:126.2,127.16 2 0
github.com/crunchydata/postgres-operator/internal/kubernetes/discovery.go:127.16,129.3 1 0
github.com/crunchydata/postgres-operator/internal/kubernetes/discovery.go:133.2,134.37 2 0
github.com/crunchydata/postgres-operator/internal/kubernetes/discovery.go:134.37,138.39 3 0
github.com/crunchydata/postgres-operator/internal/kubernetes/discovery.go:138.39,143.75 3 0
github.com/crunchydata/postgres-operator/internal/kubernetes/discovery.go:143.75,144.13 1 0
github.com/crunchydata/postgres-operator/internal/kubernetes/discovery.go:147.4,148.18 2 0
github.com/crunchydata/postgres-operator/internal/kubernetes/discovery.go:148.18,150.5 1 0
github.com/crunchydata/postgres-operator/internal/kubernetes/discovery.go:152.4,152.48 1 0
github.com/crunchydata/postgres-operator/internal/kubernetes/discovery.go:152.48,158.5 2 0
github.com/crunchydata/postgres-operator/internal/kubernetes/discovery.go:162.2,170.12 7 0
github.com/crunchydata/postgres-operator/internal/kubernetes/discovery.go:173.47,176.31 2 0
github.com/crunchydata/postgres-operator/internal/kubernetes/discovery.go:176.31,180.3 3 0
github.com/crunchydata/postgres-operator/internal/kubernetes/discovery.go:182.2,182.12 1 0
github.com/crunchydata/postgres-operator/internal/kubernetes/discovery.go:186.60,193.6 5 0
github.com/crunchydata/postgres-operator/internal/kubernetes/discovery.go:193.6,194.10 1 0
github.com/crunchydata/postgres-operator/internal/kubernetes/discovery.go:195.19,196.38 1 0
github.com/crunchydata/postgres-operator/internal/kubernetes/discovery.go:196.38,198.5 1 0
github.com/crunchydata/postgres-operator/internal/kubernetes/discovery.go:199.21,200.20 1 0
github.com/crunchydata/postgres-operator/internal/kubernetes/discovery.go:206.45,210.2 3 1
github.com/crunchydata/postgres-operator/internal/kubernetes/discovery.go:215.44,216.79 1 2
github.com/crunchydata/postgres-operator/internal/kubernetes/discovery.go:216.79,218.3 1 1
github.com/crunchydata/postgres-operator/internal/kubernetes/discovery.go:219.2,219.14 1 1
github.com/crunchydata/postgres-operator/internal/kubernetes/discovery.go:224.48,225.78 1 2
github.com/crunchydata/postgres-operator/internal/kubernetes/discovery.go:225.78,227.3 1 1
github.com/crunchydata/postgres-operator/internal/kubernetes/discovery.go:228.2,228.11 1 1
github.com/crunchydata/postgres-operator/internal/collector/config.go:68.43,76.33 4 21
github.com/crunchydata/postgres-operator/internal/collector/config.go:76.33,83.3 2 20
github.com/crunchydata/postgres-operator/internal/collector/config.go:85.2,95.64 2 21
github.com/crunchydata/postgres-operator/internal/collector/config.go:99.59,120.2 2 21
github.com/crunchydata/postgres-operator/internal/collector/config.go:120.2,122.66 2 21
github.com/crunchydata/postgres-operator/internal/collector/config.go:122.66,124.4 1 2
github.com/crunchydata/postgres-operator/internal/collector/config.go:125.3,129.30 3 21
github.com/crunchydata/postgres-operator/internal/collector/config.go:129.30,131.4 1 21
github.com/crunchydata/postgres-operator/internal/collector/config.go:132.3,132.32 1 21
github.com/crunchydata/postgres-operator/internal/collector/config.go:132.32,134.4 1 1
github.com/crunchydata/postgres-operator/internal/collector/config.go:135.3,135.32 1 21
github.com/crunchydata/postgres-operator/internal/collector/config.go:135.32,137.4 1 21
github.com/crunchydata/postgres-operator/internal/collector/config.go:138.3,138.52 1 21
github.com/crunchydata/postgres-operator/internal/collector/config.go:143.2,147.40 2 21
github.com/crunchydata/postgres-operator/internal/collector/config.go:147.40,149.51 2 10
github.com/crunchydata/postgres-operator/internal/collector/config.go:149.51,152.37 2 2
github.com/crunchydata/postgres-operator/internal/collector/config.go:152.37,154.44 2 1
github.com/crunchydata/postgres-operator/internal/collector/config.go:154.44,156.7 1 1
github.com/crunchydata/postgres-operator/internal/collector/config.go:157.6,159.7 1 1
github.com/crunchydata/postgres-operator/internal/collector/config.go:162.4,162.34 1 10
github.com/crunchydata/postgres-operator/internal/collector/config.go:163.9,165.4 1 11
github.com/crunchydata/postgres-operator/internal/collector/config.go:167.3,167.60 1 21
github.com/crunchydata/postgres-operator/internal/collector/config.go:171.2,171.71 1 21
github.com/crunchydata/postgres-operator/internal/collector/config.go:171.71,173.3 1 9
github.com/crunchydata/postgres-operator/internal/collector/config.go:175.2,175.15 1 21
github.com/crunchydata/postgres-operator/internal/collector/config.go:182.3,183.38 1 0
github.com/crunchydata/postgres-operator/internal/collector/config.go:183.38,185.3 1 0
github.com/crunchydata/postgres-operator/internal/collector/config.go:189.2,190.73 2 0
github.com/crunchydata/postgres-operator/internal/collector/config.go:190.73,192.3 1 0
github.com/crunchydata/postgres-operator/internal/collector/config.go:194.2,195.33 2 0
github.com/crunchydata/postgres-operator/internal/collector/config.go:195.33,197.3 1 0
github.com/crunchydata/postgres-operator/internal/collector/config.go:199.2,199.63 1 0
github.com/crunchydata/postgres-operator/internal/collector/config.go:206.10,216.2 2 3
github.com/crunchydata/postgres-operator/internal/collector/config.go:223.79,225.16 2 13
github.com/crunchydata/postgres-operator/internal/collector/config.go:225.16,227.3 1 3
github.com/crunchydata/postgres-operator/internal/collector/config.go:228.2,228.44 1 10
github.com/crunchydata/postgres-operator/internal/collector/instance.go:28.9,30.38 2 0
github.com/crunchydata/postgres-operator/internal/collector/instance.go:30.38,32.3 1 0
github.com/crunchydata/postgres-operator/internal/collector/instance.go:34.2,36.12 2 0
github.com/crunchydata/postgres-operator/internal/collector/instance.go:51.3,52.51 1 0
github.com/crunchydata/postgres-operator/internal/collector/instance.go:52.51,54.3 1 0
github.com/crunchydata/postgres-operator/internal/collector/instance.go:59.2,84.52 5 0
github.com/crunchydata/postgres-operator/internal/collector/instance.go:84.52,87.3 1 0
github.com/crunchydata/postgres-operator/internal/collector/instance.go:90.2,119.67 2 0
github.com/crunchydata/postgres-operator/internal/collector/instance.go:119.67,121.3 1 0
github.com/crunchydata/postgres-operator/internal/collector/instance.go:125.2,125.80 1 0
github.com/crunchydata/postgres-operator/internal/collector/instance.go:125.80,135.42 2 0
github.com/crunchydata/postgres-operator/internal/collector/instance.go:135.42,136.60 1 0
github.com/crunchydata/postgres-operator/internal/collector/instance.go:136.60,141.5 2 0
github.com/crunchydata/postgres-operator/internal/collector/instance.go:147.2,147.22 1 0
github.com/crunchydata/postgres-operator/internal/collector/instance.go:147.22,169.3 5 0
github.com/crunchydata/postgres-operator/internal/collector/instance.go:173.2,178.58 4 0
github.com/crunchydata/postgres-operator/internal/collector/instance.go:182.76,184.40 2 0
github.com/crunchydata/postgres-operator/internal/collector/instance.go:184.40,186.3 1 0
github.com/crunchydata/postgres-operator/internal/collector/instance.go:188.2,189.22 2 0
github.com/crunchydata/postgres-operator/internal/collector/instance.go:189.22,191.3 1 0
github.com/crunchydata/postgres-operator/internal/collector/instance.go:193.2,222.78 3 0
github.com/crunchydata/postgres-operator/internal/collector/patroni.go:19.3,21.63 2 2
github.com/crunchydata/postgres-operator/internal/collector/patroni.go:21.63,23.3 1 2
github.com/crunchydata/postgres-operator/internal/collector/patroni.go:25.2,25.46 1 2
github.com/crunchydata/postgres-operator/internal/collector/patroni.go:25.46,120.43 7 2
github.com/crunchydata/postgres-operator/internal/collector/patroni.go:120.43,122.4 1 1
github.com/crunchydata/postgres-operator/internal/collector/patroni.go:124.3,135.4 1 2
github.com/crunchydata/postgres-operator/internal/collector/patroni.go:142.3,143.49 1 2
github.com/crunchydata/postgres-operator/internal/collector/patroni.go:143.49,176.60 4 2
github.com/crunchydata/postgres-operator/internal/collector/patroni.go:176.60,178.4 1 1
github.com/crunchydata/postgres-operator/internal/collector/patroni.go:181.3,188.4 1 2
github.com/crunchydata/postgres-operator/internal/collector/pgadmin.go:19.9,20.42 1 2
github.com/crunchydata/postgres-operator/internal/collector/pgadmin.go:20.42,22.3 1 0
github.com/crunchydata/postgres-operator/internal/collector/pgadmin.go:24.2,99.67 8 2
github.com/crunchydata/postgres-operator/internal/collector/pgadmin.go:99.67,101.3 1 1
github.com/crunchydata/postgres-operator/internal/collector/pgadmin.go:103.2,130.16 4 2
github.com/crunchydata/postgres-operator/internal/collector/pgadmin.go:130.16,132.3 1 2
github.com/crunchydata/postgres-operator/internal/collector/pgadmin.go:134.2,134.12 1 2
github.com/crunchydata/postgres-operator/internal/collector/pgbackrest.go:28.11,31.41 2 2
github.com/crunchydata/postgres-operator/internal/collector/pgbackrest.go:31.41,35.22 1 2
github.com/crunchydata/postgres-operator/internal/collector/pgbackrest.go:35.22,37.4 1 0
github.com/crunchydata/postgres-operator/internal/collector/pgbackrest.go:41.3,94.68 6 2
github.com/crunchydata/postgres-operator/internal/collector/pgbackrest.go:94.68,96.4 1 1
github.com/crunchydata/postgres-operator/internal/collector/pgbackrest.go:98.3,109.4 1 2
github.com/crunchydata/postgres-operator/internal/collector/pgbackrest.go:111.2,111.15 1 2
github.com/crunchydata/postgres-operator/internal/collector/pgbouncer.go:34.11,35.70 1 0
github.com/crunchydata/postgres-operator/internal/collector/pgbouncer.go:35.70,38.3 1 0
github.com/crunchydata/postgres-operator/internal/collector/pgbouncer.go:40.2,45.15 4 0
github.com/crunchydata/postgres-operator/internal/collector/pgbouncer.go:54.3,56.63 2 2
github.com/crunchydata/postgres-operator/internal/collector/pgbouncer.go:56.63,58.3 1 2
github.com/crunchydata/postgres-operator/internal/collector/pgbouncer.go:60.2,60.46 1 2
github.com/crunchydata/postgres-operator/internal/collector/pgbouncer.go:60.46,154.43 7 2
github.com/crunchydata/postgres-operator/internal/collector/pgbouncer.go:154.43,156.4 1 1
github.com/crunchydata/postgres-operator/internal/collector/pgbouncer.go:158.3,169.4 1 2
github.com/crunchydata/postgres-operator/internal/collector/pgbouncer.go:176.43,178.49 1 2
github.com/crunchydata/postgres-operator/internal/collector/pgbouncer.go:178.49,197.60 4 2
github.com/crunchydata/postgres-operator/internal/collector/pgbouncer.go:197.60,199.4 1 1
github.com/crunchydata/postgres-operator/internal/collector/pgbouncer.go:202.3,209.4 1 2
github.com/crunchydata/postgres-operator/internal/collector/postgres.go:26.3,29.46 2 0
github.com/crunchydata/postgres-operator/internal/collector/postgres.go:29.46,31.64 2 0
github.com/crunchydata/postgres-operator/internal/collector/postgres.go:31.64,33.4 1 0
github.com/crunchydata/postgres-operator/internal/collector/postgres.go:36.3,37.49 2 0
github.com/crunchydata/postgres-operator/internal/collector/postgres.go:37.49,39.4 1 0
github.com/crunchydata/postgres-operator/internal/collector/postgres.go:47.3,47.76 1 0
github.com/crunchydata/postgres-operator/internal/collector/postgres.go:47.76,49.4 1 0
github.com/crunchydata/postgres-operator/internal/collector/postgres.go:55.3,60.20 2 0
github.com/crunchydata/postgres-operator/internal/collector/postgres.go:60.20,62.4 1 0
github.com/crunchydata/postgres-operator/internal/collector/postgres.go:62.9,64.4 1 0
github.com/crunchydata/postgres-operator/internal/collector/postgres.go:67.3,67.53 1 0
github.com/crunchydata/postgres-operator/internal/collector/postgres.go:74.11,86.2 6 0
github.com/crunchydata/postgres-operator/internal/collector/postgres.go:95.45,108.18 2 2
github.com/crunchydata/postgres-operator/internal/collector/postgres.go:108.18,110.3 1 2
github.com/crunchydata/postgres-operator/internal/collector/postgres.go:113.2,113.19 1 2
github.com/crunchydata/postgres-operator/internal/collector/postgres.go:113.19,115.3 1 2
github.com/crunchydata/postgres-operator/internal/collector/postgres.go:118.2,118.19 1 2
github.com/crunchydata/postgres-operator/internal/collector/postgres.go:118.19,120.3 1 2
github.com/crunchydata/postgres-operator/internal/collector/postgres.go:122.2,122.14 1 2
github.com/crunchydata/postgres-operator/internal/collector/postgres.go:130.3,132.63 2 2
github.com/crunchydata/postgres-operator/internal/collector/postgres.go:132.63,134.3 1 2
github.com/crunchydata/postgres-operator/internal/collector/postgres.go:136.2,136.46 1 2
github.com/crunchydata/postgres-operator/internal/collector/postgres.go:136.46,226.43 9 2
github.com/crunchydata/postgres-operator/internal/collector/postgres.go:226.43,228.4 1 1
github.com/crunchydata/postgres-operator/internal/collector/postgres.go:230.3,311.4 7 2
github.com/crunchydata/postgres-operator/internal/collector/postgres_metrics.go:62.101,63.49 1 2
github.com/crunchydata/postgres-operator/internal/collector/postgres_metrics.go:63.49,73.43 6 2
github.com/crunchydata/postgres-operator/internal/collector/postgres_metrics.go:73.43,75.18 2 2
github.com/crunchydata/postgres-operator/internal/collector/postgres_metrics.go:75.18,77.5 1 0
github.com/crunchydata/postgres-operator/internal/collector/postgres_metrics.go:78.9,80.18 2 0
github.com/crunchydata/postgres-operator/internal/collector/postgres_metrics.go:80.18,82.5 1 0
github.com/crunchydata/postgres-operator/internal/collector/postgres_metrics.go:85.3,85.43 1 2
github.com/crunchydata/postgres-operator/internal/collector/postgres_metrics.go:85.43,87.4 1 0
github.com/crunchydata/postgres-operator/internal/collector/postgres_metrics.go:88.3,88.17 1 2
github.com/crunchydata/postgres-operator/internal/collector/postgres_metrics.go:88.17,90.4 1 0
github.com/crunchydata/postgres-operator/internal/collector/postgres_metrics.go:92.3,92.42 1 2
github.com/crunchydata/postgres-operator/internal/collector/postgres_metrics.go:92.42,94.18 2 0
github.com/crunchydata/postgres-operator/internal/collector/postgres_metrics.go:94.18,96.5 1 0
github.com/crunchydata/postgres-operator/internal/collector/postgres_metrics.go:100.3,103.71 1 2
github.com/crunchydata/postgres-operator/internal/collector/postgres_metrics.go:103.71,108.18 3 0
github.com/crunchydata/postgres-operator/internal/collector/postgres_metrics.go:108.18,110.5 1 0
github.com/crunchydata/postgres-operator/internal/collector/postgres_metrics.go:113.4,119.18 4 0
github.com/crunchydata/postgres-operator/internal/collector/postgres_metrics.go:119.18,121.5 1 0
github.com/crunchydata/postgres-operator/internal/collector/postgres_metrics.go:124.4,130.18 4 0
github.com/crunchydata/postgres-operator/internal/collector/postgres_metrics.go:130.18,132.5 1 0
github.com/crunchydata/postgres-operator/internal/collector/postgres_metrics.go:135.4,144.76 4 0
github.com/crunchydata/postgres-operator/internal/collector/postgres_metrics.go:148.3,178.60 5 2
github.com/crunchydata/postgres-operator/internal/collector/postgres_metrics.go:178.60,180.4 1 1
github.com/crunchydata/postgres-operator/internal/collector/postgres_metrics.go:183.3,194.50 2 2
github.com/crunchydata/postgres-operator/internal/collector/postgres_metrics.go:194.50,197.69 1 1
github.com/crunchydata/postgres-operator/internal/collector/postgres_metrics.go:197.69,199.87 1 0
github.com/crunchydata/postgres-operator/internal/collector/postgres_metrics.go:199.87,203.38 2 0
github.com/crunchydata/postgres-operator/internal/collector/postgres_metrics.go:203.38,205.7 1 0
github.com/crunchydata/postgres-operator/internal/collector/postgres_metrics.go:206.6,206.29 1 0
github.com/crunchydata/postgres-operator/internal/collector/postgres_metrics.go:206.29,226.7 5 0
github.com/crunchydata/postgres-operator/internal/collector/postgres_metrics.go:229.4,229.72 1 1
github.com/crunchydata/postgres-operator/internal/collector/postgres_metrics.go:229.72,231.82 1 0
github.com/crunchydata/postgres-operator/internal/collector/postgres_metrics.go:231.82,250.6 5 0
github.com/crunchydata/postgres-operator/internal/collector/postgres_metrics.go:258.73,260.50 2 2
github.com/crunchydata/postgres-operator/internal/collector/postgres_metrics.go:260.50,262.3 1 0
github.com/crunchydata/postgres-operator/internal/collector/postgres_metrics.go:264.2,265.50 2 2
github.com/crunchydata/postgres-operator/internal/collector/postgres_metrics.go:265.50,267.3 1 0
github.com/crunchydata/postgres-operator/internal/collector/postgres_metrics.go:269.2,272.16 3 2
github.com/crunchydata/postgres-operator/internal/collector/postgres_metrics.go:272.16,274.3 1 0
github.com/crunchydata/postgres-operator/internal/collector/postgres_metrics.go:276.2,276.20 1 2
github.com/crunchydata/postgres-operator/internal/collector/postgres_metrics.go:281.18,284.49 1 3
github.com/crunchydata/postgres-operator/internal/collector/postgres_metrics.go:284.49,286.51 1 4
github.com/crunchydata/postgres-operator/internal/collector/postgres_metrics.go:286.51,289.38 2 7
github.com/crunchydata/postgres-operator/internal/collector/postgres_metrics.go:289.38,291.44 1 7
github.com/crunchydata/postgres-operator/internal/collector/postgres_metrics.go:291.44,302.30 4 4
github.com/crunchydata/postgres-operator/internal/collector/postgres_metrics.go:302.30,305.7 2 2
github.com/crunchydata/postgres-operator/internal/collector/postgres_metrics.go:309.6,309.20 1 4
github.com/crunchydata/postgres-operator/internal/collector/postgres_metrics.go:315.2,315.24 1 3
github.com/crunchydata/postgres-operator/internal/collector/util.go:18.60,20.33 1 16
github.com/crunchydata/postgres-operator/internal/collector/util.go:21.36,22.18 1 4
github.com/crunchydata/postgres-operator/internal/collector/util.go:23.32,24.39 1 12
github.com/crunchydata/postgres-operator/internal/collector/util.go:25.24,26.39 1 0
github.com/crunchydata/postgres-operator/internal/collector/util.go:27.10,28.15 1 0
github.com/crunchydata/postgres-operator/internal/collector/util.go:36.8,40.2 1 0
github.com/crunchydata/postgres-operator/internal/collector/util.go:45.8,48.2 1 10
github.com/crunchydata/postgres-operator/internal/collector/util.go:53.8,56.2 1 6
github.com/crunchydata/postgres-operator/internal/naming/dns.go:20.86,36.2 2 1
github.com/crunchydata/postgres-operator/internal/naming/dns.go:40.86,56.2 2 0
github.com/crunchydata/postgres-operator/internal/naming/dns.go:60.77,69.2 2 1
github.com/crunchydata/postgres-operator/internal/naming/dns.go:72.58,82.30 5 2
github.com/crunchydata/postgres-operator/internal/naming/dns.go:82.30,84.3 1 0
github.com/crunchydata/postgres-operator/internal/naming/dns.go:88.2,88.25 1 2
github.com/crunchydata/postgres-operator/internal/naming/labels.go:163.50,165.27 2 7
github.com/crunchydata/postgres-operator/internal/naming/labels.go:165.27,167.3 1 13
github.com/crunchydata/postgres-operator/internal/naming/labels.go:168.2,168.15 1 7
github.com/crunchydata/postgres-operator/internal/naming/labels.go:172.60,178.2 2 1
github.com/crunchydata/postgres-operator/internal/naming/labels.go:181.54,186.2 1 13
github.com/crunchydata/postgres-operator/internal/naming/labels.go:190.39,197.2 3 2
github.com/crunchydata/postgres-operator/internal/naming/labels.go:202.44,204.2 1 1
github.com/crunchydata/postgres-operator/internal/naming/labels.go:211.67,217.2 3 2
github.com/crunchydata/postgres-operator/internal/naming/labels.go:221.74,223.2 1 1
github.com/crunchydata/postgres-operator/internal/naming/labels.go:227.64,233.2 3 1
github.com/crunchydata/postgres-operator/internal/naming/labels.go:236.71,238.2 1 0
github.com/crunchydata/postgres-operator/internal/naming/labels.go:242.68,248.2 3 2
github.com/crunchydata/postgres-operator/internal/naming/labels.go:252.61,254.2 1 1
github.com/crunchydata/postgres-operator/internal/naming/labels.go:258.60,264.2 3 1
github.com/crunchydata/postgres-operator/internal/naming/labels.go:267.83,275.2 3 1
github.com/crunchydata/postgres-operator/internal/naming/labels.go:278.63,284.2 3 2
github.com/crunchydata/postgres-operator/internal/naming/labels.go:288.70,290.2 1 1
github.com/crunchydata/postgres-operator/internal/naming/labels.go:293.74,300.2 3 1
github.com/crunchydata/postgres-operator/internal/naming/labels.go:303.61,308.2 1 0
github.com/crunchydata/postgres-operator/internal/naming/labels.go:311.68,313.2 1 0
github.com/crunchydata/postgres-operator/internal/naming/labels.go:317.65,324.2 1 0
github.com/crunchydata/postgres-operator/internal/naming/labels.go:328.71,330.2 1 0
github.com/crunchydata/postgres-operator/internal/naming/names.go:178.56,180.2 1 1
github.com/crunchydata/postgres-operator/internal/naming/names.go:184.75,189.2 1 1
github.com/crunchydata/postgres-operator/internal/naming/names.go:193.78,198.2 1 3
github.com/crunchydata/postgres-operator/internal/naming/names.go:202.73,207.2 1 4
github.com/crunchydata/postgres-operator/internal/naming/names.go:212.75,217.2 1 5
github.com/crunchydata/postgres-operator/internal/naming/names.go:221.76,230.2 1 1
github.com/crunchydata/postgres-operator/internal/naming/names.go:234.80,239.2 1 1
github.com/crunchydata/postgres-operator/internal/naming/names.go:243.80,248.2 1 1
github.com/crunchydata/postgres-operator/internal/naming/names.go:252.89,257.2 1 0
github.com/crunchydata/postgres-operator/internal/naming/names.go:261.80,266.2 1 1
github.com/crunchydata/postgres-operator/internal/naming/names.go:271.21,276.2 1 1
github.com/crunchydata/postgres-operator/internal/naming/names.go:283.21,294.2 4 2
github.com/crunchydata/postgres-operator/internal/naming/names.go:298.66,303.2 1 1
github.com/crunchydata/postgres-operator/internal/naming/names.go:307.69,312.2 1 1
github.com/crunchydata/postgres-operator/internal/naming/names.go:317.58,322.2 1 1
github.com/crunchydata/postgres-operator/internal/naming/names.go:326.81,331.2 1 1
github.com/crunchydata/postgres-operator/internal/naming/names.go:335.106,342.2 1 0
github.com/crunchydata/postgres-operator/internal/naming/names.go:346.80,351.2 1 1
github.com/crunchydata/postgres-operator/internal/naming/names.go:355.79,360.2 1 1
github.com/crunchydata/postgres-operator/internal/naming/names.go:365.79,370.2 1 0
github.com/crunchydata/postgres-operator/internal/naming/names.go:375.83,380.2 1 0
github.com/crunchydata/postgres-operator/internal/naming/names.go:384.54,389.2 1 2
github.com/crunchydata/postgres-operator/internal/naming/names.go:393.86,398.2 1 1
github.com/crunchydata/postgres-operator/internal/naming/names.go:403.90,408.2 1 2
github.com/crunchydata/postgres-operator/internal/naming/names.go:413.81,418.2 1 1
github.com/crunchydata/postgres-operator/internal/naming/names.go:423.81,428.2 1 1
github.com/crunchydata/postgres-operator/internal/naming/names.go:431.60,433.2 1 8
github.com/crunchydata/postgres-operator/internal/naming/names.go:438.73,443.2 1 2
github.com/crunchydata/postgres-operator/internal/naming/names.go:446.75,451.2 1 1
github.com/crunchydata/postgres-operator/internal/naming/names.go:455.78,460.2 1 1
github.com/crunchydata/postgres-operator/internal/naming/names.go:463.105,468.2 1 4
github.com/crunchydata/postgres-operator/internal/naming/names.go:471.79,476.2 1 1
github.com/crunchydata/postgres-operator/internal/naming/names.go:480.73,485.2 1 3
github.com/crunchydata/postgres-operator/internal/naming/names.go:489.71,494.2 1 0
github.com/crunchydata/postgres-operator/internal/naming/names.go:498.37,503.2 1 1
github.com/crunchydata/postgres-operator/internal/naming/names.go:506.75,511.2 1 0
github.com/crunchydata/postgres-operator/internal/naming/names.go:516.87,521.2 1 1
github.com/crunchydata/postgres-operator/internal/naming/names.go:525.94,530.2 1 2
github.com/crunchydata/postgres-operator/internal/naming/names.go:534.76,539.2 1 1
github.com/crunchydata/postgres-operator/internal/naming/names.go:542.75,547.2 1 0
github.com/crunchydata/postgres-operator/internal/naming/names.go:550.74,555.2 1 0
github.com/crunchydata/postgres-operator/internal/naming/names.go:558.83,563.2 1 0
github.com/crunchydata/postgres-operator/internal/naming/names.go:567.68,572.2 1 0
github.com/crunchydata/postgres-operator/internal/naming/names.go:575.48,580.2 1 0
github.com/crunchydata/postgres-operator/internal/naming/selectors.go:16.66,18.2 1 24
github.com/crunchydata/postgres-operator/internal/naming/selectors.go:21.40,27.2 1 1
github.com/crunchydata/postgres-operator/internal/naming/selectors.go:30.51,36.2 1 3
github.com/crunchydata/postgres-operator/internal/naming/selectors.go:39.62,48.2 1 0
github.com/crunchydata/postgres-operator/internal/naming/selectors.go:51.61,60.2 1 1
github.com/crunchydata/postgres-operator/internal/naming/selectors.go:64.79,75.2 1 2
github.com/crunchydata/postgres-operator/internal/naming/selectors.go:78.69,85.2 1 2
github.com/crunchydata/postgres-operator/internal/naming/selectors.go:88.60,97.2 1 3
github.com/crunchydata/postgres-operator/internal/naming/selectors.go:100.67,107.2 1 2
github.com/crunchydata/postgres-operator/internal/naming/selectors.go:110.63,119.2 1 2
github.com/crunchydata/postgres-operator/internal/naming/selectors.go:122.77,129.2 1 2
github.com/crunchydata/postgres-operator/internal/naming/selectors.go:132.86,139.2 1 2
github.com/crunchydata/postgres-operator/internal/naming/selectors.go:142.64,153.2 1 2
github.com/crunchydata/postgres-operator/internal/naming/selectors.go:156.58,160.2 3 1
github.com/crunchydata/postgres-operator/internal/naming/selectors.go:164.81,171.2 1 2
github.com/crunchydata/postgres-operator/internal/controller/postgrescluster/apply.go:20.77,22.2 1 0
github.com/crunchydata/postgres-operator/internal/controller/postgrescluster/autogrow.go:25.10,32.26 5 17
github.com/crunchydata/postgres-operator/internal/controller/postgrescluster/autogrow.go:32.26,34.17 2 17
github.com/crunchydata/postgres-operator/internal/controller/postgrescluster/autogrow.go:34.17,41.4 3 6
github.com/crunchydata/postgres-operator/internal/controller/postgrescluster/autogrow.go:45.2,45.32 1 17
github.com/crunchydata/postgres-operator/internal/controller/postgrescluster/autogrow.go:45.32,47.17 2 6
github.com/crunchydata/postgres-operator/internal/controller/postgrescluster/autogrow.go:47.17,54.4 3 3
github.com/crunchydata/postgres-operator/internal/controller/postgrescluster/autogrow.go:58.2,61.15 2 17
github.com/crunchydata/postgres-operator/internal/controller/postgrescluster/autogrow.go:61.15,63.3 1 5
github.com/crunchydata/postgres-operator/internal/controller/postgrescluster/autogrow.go:65.2,65.52 1 12
github.com/crunchydata/postgres-operator/internal/controller/postgrescluster/autogrow.go:65.52,67.28 2 6
github.com/crunchydata/postgres-operator/internal/controller/postgrescluster/autogrow.go:67.28,69.4 1 2
github.com/crunchydata/postgres-operator/internal/controller/postgrescluster/autogrow.go:70.3,72.53 1 6
github.com/crunchydata/postgres-operator/internal/controller/postgrescluster/autogrow.go:78.2,78.26 1 12
github.com/crunchydata/postgres-operator/internal/controller/postgrescluster/autogrow.go:78.26,80.3 1 6
github.com/crunchydata/postgres-operator/internal/controller/postgrescluster/autogrow.go:82.2,82.23 1 12
github.com/crunchydata/postgres-operator/internal/controller/postgrescluster/autogrow.go:87.92,89.9 1 28
github.com/crunchydata/postgres-operator/internal/controller/postgrescluster/autogrow.go:93.30,94.58 1 8
github.com/crunchydata/postgres-operator/internal/controller/postgrescluster/autogrow.go:94.58,95.44 1 12
github.com/crunchydata/postgres-operator/internal/controller/postgrescluster/autogrow.go:95.44,97.5 1 7
github.com/crunchydata/postgres-operator/internal/controller/postgrescluster/autogrow.go:99.29,100.58 1 10
github.com/crunchydata/postgres-operator/internal/controller/postgrescluster/autogrow.go:100.58,102.86 1 18
github.com/crunchydata/postgres-operator/internal/controller/postgrescluster/autogrow.go:102.86,104.5 1 2
github.com/crunchydata/postgres-operator/internal/controller/postgrescluster/autogrow.go:105.4,105.86 1 16
github.com/crunchydata/postgres-operator/internal/controller/postgrescluster/autogrow.go:105.86,107.5 1 7
github.com/crunchydata/postgres-operator/internal/controller/postgrescluster/autogrow.go:112.45,113.66 1 10
github.com/crunchydata/postgres-operator/internal/controller/postgrescluster/autogrow.go:113.66,115.61 1 18
github.com/crunchydata/postgres-operator/internal/controller/postgrescluster/autogrow.go:115.61,117.5 1 2
github.com/crunchydata/postgres-operator/internal/controller/postgrescluster/autogrow.go:118.4,118.61 1 16
github.com/crunchydata/postgres-operator/internal/controller/postgrescluster/autogrow.go:118.61,120.5 1 7
github.com/crunchydata/postgres-operator/internal/controller/postgrescluster/autogrow.go:124.2,124.14 1 3
github.com/crunchydata/postgres-operator/internal/controller/postgrescluster/autogrow.go:131.67,142.34 4 10
github.com/crunchydata/postgres-operator/internal/controller/postgrescluster/autogrow.go:142.34,144.3 1 1
github.com/crunchydata/postgres-operator/internal/controller/postgrescluster/autogrow.go:148.2,148.61 1 9
github.com/crunchydata/postgres-operator/internal/controller/postgrescluster/autogrow.go:148.61,157.3 2 1
github.com/crunchydata/postgres-operator/internal/controller/postgrescluster/autogrow.go:157.8,157.58 1 8
github.com/crunchydata/postgres-operator/internal/controller/postgrescluster/autogrow.go:157.58,163.17 1 7
github.com/crunchydata/postgres-operator/internal/controller/postgrescluster/autogrow.go:163.17,166.4 1 1
github.com/crunchydata/postgres-operator/internal/controller/postgrescluster/autogrow.go:172.3,172.63 1 7
github.com/crunchydata/postgres-operator/internal/controller/postgrescluster/autogrow.go:172.63,174.29 2 4
github.com/crunchydata/postgres-operator/internal/controller/postgrescluster/autogrow.go:174.29,176.5 1 1
github.com/crunchydata/postgres-operator/internal/controller/postgrescluster/autogrow.go:177.4,183.63 2 4
github.com/crunchydata/postgres-operator/internal/controller/postgrescluster/autogrow.go:183.63,187.5 1 1
github.com/crunchydata/postgres-operator/internal/controller/postgrescluster/autogrow.go:189.4,189.43 1 4
github.com/crunchydata/postgres-operator/internal/controller/postgrescluster/autogrow.go:191.3,193.4 1 7
github.com/crunchydata/postgres-operator/internal/controller/postgrescluster/autogrow.go:201.56,203.9 1 24
github.com/crunchydata/postgres-operator/internal/controller/postgrescluster/autogrow.go:204.30,205.46 1 10
github.com/crunchydata/postgres-operator/internal/controller/postgrescluster/autogrow.go:205.46,206.63 1 13
github.com/crunchydata/postgres-operator/internal/controller/postgrescluster/autogrow.go:206.63,207.93 1 8
github.com/crunchydata/postgres-operator/internal/controller/postgrescluster/autogrow.go:207.93,208.36 1 8
github.com/crunchydata/postgres-operator/internal/controller/postgrescluster/autogrow.go:208.36,210.21 2 8
github.com/crunchydata/postgres-operator/internal/controller/postgrescluster/autogrow.go:210.21,211.62 1 6
github.com/crunchydata/postgres-operator/internal/controller/postgrescluster/autogrow.go:211.62,213.9 1 4
github.com/crunchydata/postgres-operator/internal/controller/postgrescluster/autogrow.go:214.13,216.8 1 2
github.com/crunchydata/postgres-operator/internal/controller/postgrescluster/autogrow.go:222.29,223.46 1 7
github.com/crunchydata/postgres-operator/internal/controller/postgrescluster/autogrow.go:223.46,224.63 1 12
github.com/crunchydata/postgres-operator/internal/controller/postgrescluster/autogrow.go:224.63,225.92 1 6
github.com/crunchydata/postgres-operator/internal/controller/postgrescluster/autogrow.go:225.92,226.36 1 5
github.com/crunchydata/postgres-operator/internal/controller/postgrescluster/autogrow.go:226.36,228.21 2 5
github.com/crunchydata/postgres-operator/internal/controller/postgrescluster/autogrow.go:228.21,229.62 1 4
github.com/crunchydata/postgres-operator/internal/controller/postgrescluster/autogrow.go:229.62,231.9 1 2
github.com/crunchydata/postgres-operator/internal/controller/postgrescluster/autogrow.go:232.13,234.8 1 1
github.com/crunchydata/postgres-operator/internal/controller/postgrescluster/autogrow.go:243.45,244.39 1 7
github.com/crunchydata/postgres-operator/internal/controller/postgrescluster/autogrow.go:244.39,246.4 1 1
github.com/crunchydata/postgres-operator/internal/controller/postgrescluster/autogrow.go:247.3,247.50 1 6
github.com/crunchydata/postgres-operator/internal/controller/postgrescluster/autogrow.go:247.50,248.61 1 6
github.com/crunchydata/postgres-operator/internal/controller/postgrescluster/autogrow.go:248.61,250.35 2 5
github.com/crunchydata/postgres-operator/internal/controller/postgrescluster/autogrow.go:250.35,252.20 2 5
github.com/crunchydata/postgres-operator/internal/controller/postgrescluster/autogrow.go:252.20,253.61 1 4
github.com/crunchydata/postgres-operator/internal/controller/postgrescluster/autogrow.go:253.61,255.8 1 2
github.com/crunchydata/postgres-operator/internal/controller/postgrescluster/autogrow.go:256.12,258.7 1 1
github.com/crunchydata/postgres-operator/internal/controller/postgrescluster/autogrow.go:263.2,263.16 1 19
github.com/crunchydata/postgres-operator/internal/controller/postgrescluster/autoscaling.go:124.80,126.24 2 10
github.com/crunchydata/postgres-operator/internal/controller/postgrescluster/autoscaling.go:126.24,128.3 1 1
github.com/crunchydata/postgres-operator/internal/controller/postgrescluster/autoscaling.go:130.2,130.55 1 9
github.com/crunchydata/postgres-operator/internal/controller/postgrescluster/autoscaling.go:130.55,132.3 1 1
github.com/crunchydata/postgres-operator/internal/controller/postgrescluster/autoscaling.go:134.2,142.59 2 8
github.com/crunchydata/postgres-operator/internal/controller/postgrescluster/autoscaling.go:142.59,143.49 1 1
github.com/crunchydata/postgres-operator/internal/controller/postgrescluster/autoscaling.go:143.49,145.4 1 1
github.com/crunchydata/postgres-operator/internal/controller/postgrescluster/autoscaling.go:149.2,149.59 1 8
github.com/crunchydata/postgres-operator/internal/controller/postgrescluster/autoscaling.go:149.59,150.49 1 1
github.com/crunchydata/postgres-operator/internal/controller/postgrescluster/autoscaling.go:150.49,152.4 1 1
github.com/crunchydata/postgres-operator/internal/controller/postgrescluster/autoscaling.go:156.2,156.65 1 8
github.com/crunchydata/postgres-operator/internal/controller/postgrescluster/autoscaling.go:156.65,157.49 1 2
github.com/crunchydata/postgres-operator/internal/controller/postgrescluster/autoscaling.go:157.49,164.4 1 2
github.com/crunchydata/postgres-operator/internal/controller/postgrescluster/autoscaling.go:168.2,168.68 1 8
github.com/crunchydata/postgres-operator/internal/controller/postgrescluster/autoscaling.go:168.68,169.49 1 2
github.com/crunchydata/postgres-operator/internal/controller/postgrescluster/autoscaling.go:169.49,176.4 1 2
github.com/crunchydata/postgres-operator/internal/controller/postgrescluster/autoscaling.go:180.2,180.74 1 8
github.com/crunchydata/postgres-operator/internal/controller/postgrescluster/autoscaling.go:180.74,181.51 1 2
github.com/crunchydata/postgres-operator/internal/controller/postgrescluster/autoscaling.go:181.51,188.4 1 2
github.com/crunchydata/postgres-operator/internal/controller/postgrescluster/autoscaling.go:192.2,192.76 1 8
github.com/crunchydata/postgres-operator/internal/controller/postgrescluster/autoscaling.go:192.76,193.49 1 2
github.com/crunchydata/postgres-operator/internal/controller/postgrescluster/autoscaling.go:193.49,200.4 1 2
github.com/crunchydata/postgres-operator/internal/controller/postgrescluster/autoscaling.go:204.2,237.15 2 8
github.com/crunchydata/postgres-operator/internal/controller/postgrescluster/autoscaling.go:244.9,249.38 3 0
github.com/crunchydata/postgres-operator/internal/controller/postgrescluster/autoscaling.go:249.38,252.3 1 0
github.com/crunchydata/postgres-operator/internal/controller/postgrescluster/autoscaling.go:254.2,258.16 3 0
github.com/crunchydata/postgres-operator/internal/controller/postgrescluster/autoscaling.go:258.16,260.3 1 0
github.com/crunchydata/postgres-operator/internal/controller/postgrescluster/autoscaling.go:263.2,263.126 1 0
github.com/crunchydata/postgres-operator/internal/controller/postgrescluster/autoscaling.go:263.126,265.3 1 0
github.com/crunchydata/postgres-operator/internal/controller/postgrescluster/autoscaling.go:267.2,268.12 2 0
github.com/crunchydata/postgres-operator/internal/controller/postgrescluster/autoscaling.go:272.125,308.40 8 4
github.com/crunchydata/postgres-operator/internal/controller/postgrescluster/autoscaling.go:308.40,309.22 1 5
github.com/crunchydata/postgres-operator/internal/controller/postgrescluster/autoscaling.go:310.19,321.45 2 4
github.com/crunchydata/postgres-operator/internal/controller/postgrescluster/autoscaling.go:323.15,336.41 2 1
github.com/crunchydata/postgres-operator/internal/controller/postgrescluster/autoscaling.go:338.19,353.45 2 0
github.com/crunchydata/postgres-operator/internal/controller/postgrescluster/autoscaling.go:357.2,360.28 2 4
github.com/crunchydata/postgres-operator/internal/controller/postgrescluster/autoscaling.go:360.28,363.37 2 1
github.com/crunchydata/postgres-operator/internal/controller/postgrescluster/autoscaling.go:363.37,368.60 4 1
github.com/crunchydata/postgres-operator/internal/controller/postgrescluster/autoscaling.go:368.60,370.33 2 1
github.com/crunchydata/postgres-operator/internal/controller/postgrescluster/autoscaling.go:370.33,372.6 1 0
github.com/crunchydata/postgres-operator/internal/controller/postgrescluster/autoscaling.go:374.5,379.7 2 1
github.com/crunchydata/postgres-operator/internal/controller/postgrescluster/autoscaling.go:382.4,382.30 1 1
github.com/crunchydata/postgres-operator/internal/controller/postgrescluster/autoscaling.go:385.3,385.39 1 1
github.com/crunchydata/postgres-operator/internal/controller/postgrescluster/autoscaling.go:385.39,390.62 4 1
github.com/crunchydata/postgres-operator/internal/controller/postgrescluster/autoscaling.go:390.62,392.33 2 1
github.com/crunchydata/postgres-operator/internal/controller/postgrescluster/autoscaling.go:392.33,394.6 1 0
github.com/crunchydata/postgres-operator/internal/controller/postgrescluster/autoscaling.go:396.5,401.7 2 1
github.com/crunchydata/postgres-operator/internal/controller/postgrescluster/autoscaling.go:404.4,404.34 1 1
github.com/crunchydata/postgres-operator/internal/controller/postgrescluster/autoscaling.go:407.3,407.31 1 1
github.com/crunchydata/postgres-operator/internal/controller/postgrescluster/autoscaling.go:410.2,410.17 1 4
github.com/crunchydata/postgres-operator/internal/controller/postgrescluster/autoscaling.go:414.93,422.73 2 0
github.com/crunchydata/postgres-operator/internal/controller/postgrescluster/autoscaling.go:422.73,424.3 1 0
github.com/crunchydata/postgres-operator/internal/controller/postgrescluster/autoscaling.go:426.2,426.12 1 0
github.com/crunchydata/postgres-operator/internal/controller/postgrescluster/autoscaling.go:434.31,441.22 3 0
github.com/crunchydata/postgres-operator/internal/controller/postgrescluster/autoscaling.go:441.22,442.40 1 0
github.com/crunchydata/postgres-operator/internal/controller/postgrescluster/autoscaling.go:442.40,445.4 1 0
github.com/crunchydata/postgres-operator/internal/controller/postgrescluster/autoscaling.go:446.3,446.55 1 0
github.com/crunchydata/postgres-operator/internal/controller/postgrescluster/autoscaling.go:449.2,461.51 2 0
github.com/crunchydata/postgres-operator/internal/controller/postgrescluster/autoscaling.go:461.51,462.22 1 0
github.com/crunchydata/postgres-operator/internal/controller/postgrescluster/autoscaling.go:463.47,464.30 1 0
github.com/crunchydata/postgres-operator/internal/controller/postgrescluster/autoscaling.go:464.30,470.58 2 0
github.com/crunchydata/postgres-operator/internal/controller/postgrescluster/autoscaling.go:470.58,472.6 1 0
github.com/crunchydata/postgres-operator/internal/controller/postgrescluster/autoscaling.go:473.5,473.72 1 0
github.com/crunchydata/postgres-operator/internal/controller/postgrescluster/autoscaling.go:476.43,477.26 1 0
github.com/crunchydata/postgres-operator/internal/controller/postgrescluster/autoscaling.go:477.26,484.5 2 0
github.com/crunchydata/postgres-operator/internal/controller/postgrescluster/autoscaling.go:489.2,489.50 1 0
github.com/crunchydata/postgres-operator/internal/controller/postgrescluster/autoscaling.go:489.50,490.95 1 0
github.com/crunchydata/postgres-operator/internal/controller/postgrescluster/autoscaling.go:490.95,492.4 1 0
github.com/crunchydata/postgres-operator/internal/controller/postgrescluster/autoscaling.go:495.2,495.20 1 0
github.com/crunchydata/postgres-operator/internal/controller/postgrescluster/autoscaling.go:534.42,538.2 3 5
github.com/crunchydata/postgres-operator/internal/controller/postgrescluster/autoscaling.go:540.42,544.2 3 10
github.com/crunchydata/postgres-operator/internal/controller/postgrescluster/autoscaling.go:546.31,548.2 1 4
github.com/crunchydata/postgres-operator/internal/controller/postgrescluster/autoscaling.go:551.93,552.21 1 6
github.com/crunchydata/postgres-operator/internal/controller/postgrescluster/autoscaling.go:552.21,554.3 1 1
github.com/crunchydata/postgres-operator/internal/controller/postgrescluster/autoscaling.go:556.2,573.33 2 5
github.com/crunchydata/postgres-operator/internal/controller/postgrescluster/autoscaling.go:573.33,576.3 2 1
github.com/crunchydata/postgres-operator/internal/controller/postgrescluster/autoscaling.go:578.2,579.47 2 5
github.com/crunchydata/postgres-operator/internal/controller/postgrescluster/autoscaling.go:579.47,581.3 1 1
github.com/crunchydata/postgres-operator/internal/controller/postgrescluster/autoscaling.go:583.2,583.43 1 5
github.com/crunchydata/postgres-operator/internal/controller/postgrescluster/autoscaling.go:583.43,585.55 2 1
github.com/crunchydata/postgres-operator/internal/controller/postgrescluster/autoscaling.go:585.55,587.4 1 2
github.com/crunchydata/postgres-operator/internal/controller/postgrescluster/autoscaling.go:591.2,593.50 2 5
github.com/crunchydata/postgres-operator/internal/controller/postgrescluster/autoscaling.go:593.50,595.3 1 1
github.com/crunchydata/postgres-operator/internal/controller/postgrescluster/autoscaling.go:597.2,597.101 1 5
github.com/crunchydata/postgres-operator/internal/controller/postgrescluster/autoscaling.go:597.101,599.3 1 1
github.com/crunchydata/postgres-operator/internal/controller/postgrescluster/autoscaling.go:601.2,601.53 1 5
github.com/crunchydata/postgres-operator/internal/controller/postgrescluster/autoscaling.go:601.53,603.3 1 1
github.com/crunchydata/postgres-operator/internal/controller/postgrescluster/autoscaling.go:605.2,605.15 1 5
github.com/crunchydata/postgres-operator/internal/controller/postgrescluster/cluster.go:34.30,46.16 6 0
github.com/crunchydata/postgres-operator/internal/controller/postgrescluster/cluster.go:46.16,49.3 1 0
github.com/crunchydata/postgres-operator/internal/controller/postgrescluster/cluster.go:50.2,50.16 1 0
github.com/crunchydata/postgres-operator/internal/controller/postgrescluster/cluster.go:50.16,52.3 1 0
github.com/crunchydata/postgres-operator/internal/controller/postgrescluster/cluster.go:54.2,54.30 1 0
github.com/crunchydata/postgres-operator/internal/controller/postgrescluster/cluster.go:63.98,65.52 1 6
github.com/crunchydata/postgres-operator/internal/controller/postgrescluster/cluster.go:65.52,69.29 2 3
github.com/crunchydata/postgres-operator/internal/controller/postgrescluster/cluster.go:69.29,76.4 2 1
github.com/crunchydata/postgres-operator/internal/controller/postgrescluster/cluster.go:77.3,77.21 1 3
github.com/crunchydata/postgres-operator/internal/controller/postgrescluster/cluster.go:78.8,78.61 1 3
github.com/crunchydata/postgres-operator/internal/controller/postgrescluster/cluster.go:78.61,80.3 1 1
github.com/crunchydata/postgres-operator/internal/controller/postgrescluster/cluster.go:81.2,81.10 1 2
github.com/crunchydata/postgres-operator/internal/controller/postgrescluster/cluster.go:90.28,113.16 9 0
github.com/crunchydata/postgres-operator/internal/controller/postgrescluster/cluster.go:113.16,115.3 1 0
github.com/crunchydata/postgres-operator/internal/controller/postgrescluster/cluster.go:117.2,117.31 1 0
github.com/crunchydata/postgres-operator/internal/controller/postgrescluster/cluster.go:124.47,153.19 9 3
github.com/crunchydata/postgres-operator/internal/controller/postgrescluster/cluster.go:153.19,156.3 1 1
github.com/crunchydata/postgres-operator/internal/controller/postgrescluster/cluster.go:161.2,177.40 5 2
github.com/crunchydata/postgres-operator/internal/controller/postgrescluster/cluster.go:177.40,184.3 1 2
github.com/crunchydata/postgres-operator/internal/controller/postgrescluster/cluster.go:186.2,186.32 1 2
github.com/crunchydata/postgres-operator/internal/controller/postgrescluster/cluster.go:201.28,204.16 2 0
github.com/crunchydata/postgres-operator/internal/controller/postgrescluster/cluster.go:204.16,206.3 1 0
github.com/crunchydata/postgres-operator/internal/controller/postgrescluster/cluster.go:207.2,207.16 1 0
github.com/crunchydata/postgres-operator/internal/controller/postgrescluster/cluster.go:207.16,209.3 1 0
github.com/crunchydata/postgres-operator/internal/controller/postgrescluster/cluster.go:210.2,210.21 1 0
github.com/crunchydata/postgres-operator/internal/controller/postgrescluster/cluster.go:217.3,224.54 5 5
github.com/crunchydata/postgres-operator/internal/controller/postgrescluster/cluster.go:224.54,229.3 2 3
github.com/crunchydata/postgres-operator/internal/controller/postgrescluster/cluster.go:232.2,253.54 4 5
github.com/crunchydata/postgres-operator/internal/controller/postgrescluster/cluster.go:253.54,255.27 2 3
github.com/crunchydata/postgres-operator/internal/controller/postgrescluster/cluster.go:255.27,256.56 1 0
github.com/crunchydata/postgres-operator/internal/controller/postgrescluster/cluster.go:256.56,266.5 2 0
github.com/crunchydata/postgres-operator/internal/controller/postgrescluster/cluster.go:267.4,267.41 1 0
github.com/crunchydata/postgres-operator/internal/controller/postgrescluster/cluster.go:269.3,273.33 3 3
github.com/crunchydata/postgres-operator/internal/controller/postgrescluster/cluster.go:273.33,275.4 1 0
github.com/crunchydata/postgres-operator/internal/controller/postgrescluster/cluster.go:276.3,276.31 1 3
github.com/crunchydata/postgres-operator/internal/controller/postgrescluster/cluster.go:276.31,278.4 1 0
github.com/crunchydata/postgres-operator/internal/controller/postgrescluster/cluster.go:281.2,293.21 4 5
github.com/crunchydata/postgres-operator/internal/controller/postgrescluster/cluster.go:302.28,305.16 2 0
github.com/crunchydata/postgres-operator/internal/controller/postgrescluster/cluster.go:305.16,307.3 1 0
github.com/crunchydata/postgres-operator/internal/controller/postgrescluster/cluster.go:308.2,308.21 1 0
github.com/crunchydata/postgres-operator/internal/controller/postgrescluster/cluster.go:324.17,327.56 1 0
github.com/crunchydata/postgres-operator/internal/controller/postgrescluster/cluster.go:327.56,328.51 1 0
github.com/crunchydata/postgres-operator/internal/controller/postgrescluster/cluster.go:328.51,329.33 1 0
github.com/crunchydata/postgres-operator/internal/controller/postgrescluster/cluster.go:329.33,331.5 1 0
github.com/crunchydata/postgres-operator/internal/controller/postgrescluster/cluster.go:332.4,332.10 1 0
github.com/crunchydata/postgres-operator/internal/controller/postgrescluster/cluster.go:338.2,339.16 2 0
github.com/crunchydata/postgres-operator/internal/controller/postgrescluster/cluster.go:339.16,341.3 1 0
github.com/crunchydata/postgres-operator/internal/controller/postgrescluster/cluster.go:344.2,360.9 6 0
github.com/crunchydata/postgres-operator/internal/controller/postgrescluster/cluster.go:361.31,362.81 1 0
github.com/crunchydata/postgres-operator/internal/controller/postgrescluster/cluster.go:363.33,368.24 3 0
github.com/crunchydata/postgres-operator/internal/controller/postgrescluster/cluster.go:368.24,370.4 1 0
github.com/crunchydata/postgres-operator/internal/controller/postgrescluster/cluster.go:371.10,372.20 1 0
github.com/crunchydata/postgres-operator/internal/controller/postgrescluster/cluster.go:377.2,396.82 7 0
github.com/crunchydata/postgres-operator/internal/controller/postgrescluster/cluster.go:396.82,398.3 1 0
github.com/crunchydata/postgres-operator/internal/controller/postgrescluster/cluster.go:399.2,404.9 3 0
github.com/crunchydata/postgres-operator/internal/controller/postgrescluster/cluster.go:405.25,407.51 2 0
github.com/crunchydata/postgres-operator/internal/controller/postgrescluster/cluster.go:408.30,410.56 2 0
github.com/crunchydata/postgres-operator/internal/controller/postgrescluster/cluster.go:412.2,413.16 2 0
github.com/crunchydata/postgres-operator/internal/controller/postgrescluster/cluster.go:413.16,415.3 1 0
github.com/crunchydata/postgres-operator/internal/controller/postgrescluster/cluster.go:416.2,417.23 2 0
github.com/crunchydata/postgres-operator/internal/controller/postgrescluster/cluster.go:417.23,420.3 1 0
github.com/crunchydata/postgres-operator/internal/controller/postgrescluster/cluster.go:428.2,428.83 1 0
github.com/crunchydata/postgres-operator/internal/controller/postgrescluster/cluster.go:428.83,430.39 1 0
github.com/crunchydata/postgres-operator/internal/controller/postgrescluster/cluster.go:430.39,432.4 1 0
github.com/crunchydata/postgres-operator/internal/controller/postgrescluster/cluster.go:435.3,435.19 1 0
github.com/crunchydata/postgres-operator/internal/controller/postgrescluster/cluster.go:439.2,439.29 1 0
github.com/crunchydata/postgres-operator/internal/controller/postgrescluster/cluster.go:439.29,441.3 1 0
github.com/crunchydata/postgres-operator/internal/controller/postgrescluster/cluster.go:444.2,444.9 1 0
github.com/crunchydata/postgres-operator/internal/controller/postgrescluster/cluster.go:445.25,448.34 1 0
github.com/crunchydata/postgres-operator/internal/controller/postgrescluster/cluster.go:448.34,450.4 1 0
github.com/crunchydata/postgres-operator/internal/controller/postgrescluster/cluster.go:451.30,453.44 1 0
github.com/crunchydata/postgres-operator/internal/controller/postgrescluster/cluster.go:453.44,455.4 1 0
github.com/crunchydata/postgres-operator/internal/controller/postgrescluster/cluster.go:458.2,458.18 1 0
github.com/crunchydata/postgres-operator/internal/controller/postgrescluster/controller.go:76.3,87.35 5 0
github.com/crunchydata/postgres-operator/internal/controller/postgrescluster/controller.go:87.35,89.3 1 0
github.com/crunchydata/postgres-operator/internal/controller/postgrescluster/controller.go:92.2,102.61 2 0
github.com/crunchydata/postgres-operator/internal/controller/postgrescluster/controller.go:102.61,106.3 2 0
github.com/crunchydata/postgres-operator/internal/controller/postgrescluster/controller.go:106.8,106.26 1 0
github.com/crunchydata/postgres-operator/internal/controller/postgrescluster/controller.go:106.26,107.37 1 0
github.com/crunchydata/postgres-operator/internal/controller/postgrescluster/controller.go:107.37,109.4 1 0
github.com/crunchydata/postgres-operator/internal/controller/postgrescluster/controller.go:110.3,110.22 1 0
github.com/crunchydata/postgres-operator/internal/controller/postgrescluster/controller.go:118.2,118.58 1 0
github.com/crunchydata/postgres-operator/internal/controller/postgrescluster/controller.go:118.58,124.53 2 0
github.com/crunchydata/postgres-operator/internal/controller/postgrescluster/controller.go:124.53,126.4 1 0
github.com/crunchydata/postgres-operator/internal/controller/postgrescluster/controller.go:130.2,131.72 2 0
github.com/crunchydata/postgres-operator/internal/controller/postgrescluster/controller.go:131.72,137.3 1 0
github.com/crunchydata/postgres-operator/internal/controller/postgrescluster/controller.go:139.2,142.39 1 0
github.com/crunchydata/postgres-operator/internal/controller/postgrescluster/controller.go:142.39,150.3 4 0
github.com/crunchydata/postgres-operator/internal/controller/postgrescluster/controller.go:152.2,173.37 2 0
github.com/crunchydata/postgres-operator/internal/controller/postgrescluster/controller.go:173.37,174.66 1 0
github.com/crunchydata/postgres-operator/internal/controller/postgrescluster/controller.go:174.66,177.87 1 0
github.com/crunchydata/postgres-operator/internal/controller/postgrescluster/controller.go:177.87,180.5 2 0
github.com/crunchydata/postgres-operator/internal/controller/postgrescluster/controller.go:181.4,181.43 1 0
github.com/crunchydata/postgres-operator/internal/controller/postgrescluster/controller.go:183.3,183.13 1 0
github.com/crunchydata/postgres-operator/internal/controller/postgrescluster/controller.go:186.2,186.103 1 0
github.com/crunchydata/postgres-operator/internal/controller/postgrescluster/controller.go:186.103,188.3 1 0
github.com/crunchydata/postgres-operator/internal/controller/postgrescluster/controller.go:189.2,193.56 3 0
github.com/crunchydata/postgres-operator/internal/controller/postgrescluster/controller.go:193.56,203.3 2 0
github.com/crunchydata/postgres-operator/internal/controller/postgrescluster/controller.go:203.8,205.3 1 0
github.com/crunchydata/postgres-operator/internal/controller/postgrescluster/controller.go:207.2,207.16 1 0
github.com/crunchydata/postgres-operator/internal/controller/postgrescluster/controller.go:207.16,211.36 2 0
github.com/crunchydata/postgres-operator/internal/controller/postgrescluster/controller.go:211.36,223.4 2 0
github.com/crunchydata/postgres-operator/internal/controller/postgrescluster/controller.go:223.9,225.4 1 0
github.com/crunchydata/postgres-operator/internal/controller/postgrescluster/controller.go:228.2,233.16 4 0
github.com/crunchydata/postgres-operator/internal/controller/postgrescluster/controller.go:233.16,235.3 1 0
github.com/crunchydata/postgres-operator/internal/controller/postgrescluster/controller.go:237.2,237.16 1 0
github.com/crunchydata/postgres-operator/internal/controller/postgrescluster/controller.go:237.16,245.32 2 0
github.com/crunchydata/postgres-operator/internal/controller/postgrescluster/controller.go:245.32,248.4 1 0
github.com/crunchydata/postgres-operator/internal/controller/postgrescluster/controller.go:250.2,250.16 1 0
github.com/crunchydata/postgres-operator/internal/controller/postgrescluster/controller.go:250.16,252.3 1 0
github.com/crunchydata/postgres-operator/internal/controller/postgrescluster/controller.go:253.2,253.16 1 0
github.com/crunchydata/postgres-operator/internal/controller/postgrescluster/controller.go:253.16,255.3 1 0
github.com/crunchydata/postgres-operator/internal/controller/postgrescluster/controller.go:256.2,256.16 1 0
github.com/crunchydata/postgres-operator/internal/controller/postgrescluster/controller.go:256.16,258.3 1 0
github.com/crunchydata/postgres-operator/internal/controller/postgrescluster/controller.go:260.2,262.16 2 0
github.com/crunchydata/postgres-operator/internal/controller/postgrescluster/controller.go:262.16,264.98 2 0
github.com/crunchydata/postgres-operator/internal/controller/postgrescluster/controller.go:264.98,266.4 1 0
github.com/crunchydata/postgres-operator/internal/controller/postgrescluster/controller.go:268.2,268.16 1 0
github.com/crunchydata/postgres-operator/internal/controller/postgrescluster/controller.go:268.16,270.3 1 0
github.com/crunchydata/postgres-operator/internal/controller/postgrescluster/controller.go:275.2,275.16 1 0
github.com/crunchydata/postgres-operator/internal/controller/postgrescluster/controller.go:275.16,277.3 1 0
github.com/crunchydata/postgres-operator/internal/controller/postgrescluster/controller.go:282.2,282.16 1 0
github.com/crunchydata/postgres-operator/internal/controller/postgrescluster/controller.go:282.16,284.3 1 0
github.com/crunchydata/postgres-operator/internal/controller/postgrescluster/controller.go:288.2,288.16 1 0
github.com/crunchydata/postgres-operator/internal/controller/postgrescluster/controller.go:288.16,296.32 2 0
github.com/crunchydata/postgres-operator/internal/controller/postgrescluster/controller.go:296.32,298.4 1 0
github.com/crunchydata/postgres-operator/internal/controller/postgrescluster/controller.go:300.2,300.16 1 0
github.com/crunchydata/postgres-operator/internal/controller/postgrescluster/controller.go:300.16,302.3 1 0
github.com/crunchydata/postgres-operator/internal/controller/postgrescluster/controller.go:303.2,303.16 1 0
github.com/crunchydata/postgres-operator/internal/controller/postgrescluster/controller.go:303.16,305.3 1 0
github.com/crunchydata/postgres-operator/internal/controller/postgrescluster/controller.go:306.2,306.16 1 0
github.com/crunchydata/postgres-operator/internal/controller/postgrescluster/controller.go:306.16,308.3 1 0
github.com/crunchydata/postgres-operator/internal/controller/postgrescluster/controller.go:309.2,309.16 1 0
github.com/crunchydata/postgres-operator/internal/controller/postgrescluster/controller.go:309.16,311.3 1 0
github.com/crunchydata/postgres-operator/internal/controller/postgrescluster/controller.go:312.2,312.16 1 0
github.com/crunchydata/postgres-operator/internal/controller/postgrescluster/controller.go:312.16,314.3 1 0
github.com/crunchydata/postgres-operator/internal/controller/postgrescluster/controller.go:315.2,315.16 1 0
github.com/crunchydata/postgres-operator/internal/controller/postgrescluster/controller.go:315.16,317.3 1 0
github.com/crunchydata/postgres-operator/internal/controller/postgrescluster/controller.go:318.2,318.16 1 0
github.com/crunchydata/postgres-operator/internal/controller/postgrescluster/controller.go:318.16,320.3 1 0
github.com/crunchydata/postgres-operator/internal/controller/postgrescluster/controller.go:321.2,321.16 1 0
github.com/crunchydata/postgres-operator/internal/controller/postgrescluster/controller.go:321.16,323.3 1 0
github.com/crunchydata/postgres-operator/internal/controller/postgrescluster/controller.go:324.2,324.16 1 0
github.com/crunchydata/postgres-operator/internal/controller/postgrescluster/controller.go:324.16,326.3 1 0
github.com/crunchydata/postgres-operator/internal/controller/postgrescluster/controller.go:327.2,327.16 1 0
github.com/crunchydata/postgres-operator/internal/controller/postgrescluster/controller.go:327.16,329.3 1 0
github.com/crunchydata/postgres-operator/internal/controller/postgrescluster/controller.go:330.2,330.16 1 0
github.com/crunchydata/postgres-operator/internal/controller/postgrescluster/controller.go:330.16,332.3 1 0
github.com/crunchydata/postgres-operator/internal/controller/postgrescluster/controller.go:333.2,333.16 1 0
github.com/crunchydata/postgres-operator/internal/controller/postgrescluster/controller.go:333.16,340.3 1 0
github.com/crunchydata/postgres-operator/internal/controller/postgrescluster/controller.go:342.2,342.16 1 0
github.com/crunchydata/postgres-operator/internal/controller/postgrescluster/controller.go:342.16,344.3 1 0
github.com/crunchydata/postgres-operator/internal/controller/postgrescluster/controller.go:345.2,345.16 1 0
github.com/crunchydata/postgres-operator/internal/controller/postgrescluster/controller.go:345.16,347.3 1 0
github.com/crunchydata/postgres-operator/internal/controller/postgrescluster/controller.go:349.2,349.16 1 0
github.com/crunchydata/postgres-operator/internal/controller/postgrescluster/controller.go:349.16,352.71 2 0
github.com/crunchydata/postgres-operator/internal/controller/postgrescluster/controller.go:352.71,354.29 2 0
github.com/crunchydata/postgres-operator/internal/controller/postgrescluster/controller.go:354.29,356.5 1 0
github.com/crunchydata/postgres-operator/internal/controller/postgrescluster/controller.go:359.2,359.16 1 0
github.com/crunchydata/postgres-operator/internal/controller/postgrescluster/controller.go:359.16,361.3 1 0
github.com/crunchydata/postgres-operator/internal/controller/postgrescluster/controller.go:362.2,362.16 1 0
github.com/crunchydata/postgres-operator/internal/controller/postgrescluster/controller.go:362.16,364.3 1 0
github.com/crunchydata/postgres-operator/internal/controller/postgrescluster/controller.go:365.2,365.16 1 0
github.com/crunchydata/postgres-operator/internal/controller/postgrescluster/controller.go:365.16,367.3 1 0
github.com/crunchydata/postgres-operator/internal/controller/postgrescluster/controller.go:368.2,368.16 1 0
github.com/crunchydata/postgres-operator/internal/controller/postgrescluster/controller.go:368.16,370.3 1 0
github.com/crunchydata/postgres-operator/internal/controller/postgrescluster/controller.go:371.2,371.16 1 0
github.com/crunchydata/postgres-operator/internal/controller/postgrescluster/controller.go:371.16,373.3 1 0
github.com/crunchydata/postgres-operator/internal/controller/postgrescluster/controller.go:374.2,374.16 1 0
github.com/crunchydata/postgres-operator/internal/controller/postgrescluster/controller.go:374.16,376.3 1 0
github.com/crunchydata/postgres-operator/internal/controller/postgrescluster/controller.go:377.2,377.16 1 0
github.com/crunchydata/postgres-operator/internal/controller/postgrescluster/controller.go:377.16,381.3 1 0
github.com/crunchydata/postgres-operator/internal/controller/postgrescluster/controller.go:385.2,389.77 3 0
github.com/crunchydata/postgres-operator/internal/controller/postgrescluster/controller.go:395.9,396.44 1 0
github.com/crunchydata/postgres-operator/internal/controller/postgrescluster/controller.go:396.44,402.3 4 0
github.com/crunchydata/postgres-operator/internal/controller/postgrescluster/controller.go:404.2,404.12 1 0
github.com/crunchydata/postgres-operator/internal/controller/postgrescluster/controller.go:419.9,421.2 1 61
github.com/crunchydata/postgres-operator/internal/controller/postgrescluster/controller.go:427.9,429.2 1 0
github.com/crunchydata/postgres-operator/internal/controller/postgrescluster/controller.go:447.78,480.2 5 0
github.com/crunchydata/postgres-operator/internal/controller/postgrescluster/controller_ref_manager.go:28.27,30.71 1 0
github.com/crunchydata/postgres-operator/internal/controller/postgrescluster/controller_ref_manager.go:30.71,32.3 1 0
github.com/crunchydata/postgres-operator/internal/controller/postgrescluster/controller_ref_manager.go:34.2,36.16 2 0
github.com/crunchydata/postgres-operator/internal/controller/postgrescluster/controller_ref_manager.go:36.16,38.3 1 0
github.com/crunchydata/postgres-operator/internal/controller/postgrescluster/controller_ref_manager.go:40.2,40.93 1 0
github.com/crunchydata/postgres-operator/internal/controller/postgrescluster/controller_ref_manager.go:53.27,56.26 2 0
github.com/crunchydata/postgres-operator/internal/controller/postgrescluster/controller_ref_manager.go:56.26,58.52 1 0
github.com/crunchydata/postgres-operator/internal/controller/postgrescluster/controller_ref_manager.go:58.52,60.4 1 0
github.com/crunchydata/postgres-operator/internal/controller/postgrescluster/controller_ref_manager.go:65.3,65.56 1 0
github.com/crunchydata/postgres-operator/internal/controller/postgrescluster/controller_ref_manager.go:65.56,67.4 1 0
github.com/crunchydata/postgres-operator/internal/controller/postgrescluster/controller_ref_manager.go:71.3,71.52 1 0
github.com/crunchydata/postgres-operator/internal/controller/postgrescluster/controller_ref_manager.go:71.52,73.4 1 0
github.com/crunchydata/postgres-operator/internal/controller/postgrescluster/controller_ref_manager.go:75.3,76.44 1 0
github.com/crunchydata/postgres-operator/internal/controller/postgrescluster/controller_ref_manager.go:76.44,78.4 1 0
github.com/crunchydata/postgres-operator/internal/controller/postgrescluster/controller_ref_manager.go:81.3,81.13 1 0
github.com/crunchydata/postgres-operator/internal/controller/postgrescluster/controller_ref_manager.go:87.2,88.73 2 0
github.com/crunchydata/postgres-operator/internal/controller/postgrescluster/controller_ref_manager.go:88.73,90.3 1 0
github.com/crunchydata/postgres-operator/internal/controller/postgrescluster/controller_ref_manager.go:91.2,91.39 1 0
github.com/crunchydata/postgres-operator/internal/controller/postgrescluster/controller_ref_manager.go:91.39,93.3 1 0
github.com/crunchydata/postgres-operator/internal/controller/postgrescluster/controller_ref_manager.go:94.2,94.65 1 0
github.com/crunchydata/postgres-operator/internal/controller/postgrescluster/controller_ref_manager.go:94.65,97.32 1 0
github.com/crunchydata/postgres-operator/internal/controller/postgrescluster/controller_ref_manager.go:97.32,99.4 1 0
github.com/crunchydata/postgres-operator/internal/controller/postgrescluster/controller_ref_manager.go:100.3,100.13 1 0
github.com/crunchydata/postgres-operator/internal/controller/postgrescluster/controller_ref_manager.go:104.2,104.12 1 0
github.com/crunchydata/postgres-operator/internal/controller/postgrescluster/controller_ref_manager.go:110.61,116.69 3 0
github.com/crunchydata/postgres-operator/internal/controller/postgrescluster/controller_ref_manager.go:116.69,118.3 1 0
github.com/crunchydata/postgres-operator/internal/controller/postgrescluster/controller_ref_manager.go:118.8,118.62 1 0
github.com/crunchydata/postgres-operator/internal/controller/postgrescluster/controller_ref_manager.go:118.62,120.3 1 0
github.com/crunchydata/postgres-operator/internal/controller/postgrescluster/controller_ref_manager.go:122.2,122.23 1 0
github.com/crunchydata/postgres-operator/internal/controller/postgrescluster/controller_ref_manager.go:122.23,124.3 1 0
github.com/crunchydata/postgres-operator/internal/controller/postgrescluster/controller_ref_manager.go:126.2,130.34 2 0
github.com/crunchydata/postgres-operator/internal/controller/postgrescluster/controller_ref_manager.go:130.34,131.32 1 0
github.com/crunchydata/postgres-operator/internal/controller/postgrescluster/controller_ref_manager.go:131.32,133.4 1 0
github.com/crunchydata/postgres-operator/internal/controller/postgrescluster/controller_ref_manager.go:134.3,134.25 1 0
github.com/crunchydata/postgres-operator/internal/controller/postgrescluster/controller_ref_manager.go:137.2,137.35 1 0
github.com/crunchydata/postgres-operator/internal/controller/postgrescluster/controller_ref_manager.go:144.27,147.16 2 0
github.com/crunchydata/postgres-operator/internal/controller/postgrescluster/controller_ref_manager.go:147.16,149.3 1 0
github.com/crunchydata/postgres-operator/internal/controller/postgrescluster/controller_ref_manager.go:150.2,150.12 1 0
github.com/crunchydata/postgres-operator/internal/controller/postgrescluster/controller_ref_manager.go:150.12,152.3 1 0
github.com/crunchydata/postgres-operator/internal/controller/postgrescluster/controller_ref_manager.go:154.2,154.49 1 0
github.com/crunchydata/postgres-operator/internal/controller/postgrescluster/controller_ref_manager.go:161.69,169.16 2 0
github.com/crunchydata/postgres-operator/internal/controller/postgrescluster/controller_ref_manager.go:169.16,171.3 1 0
github.com/crunchydata/postgres-operator/internal/controller/postgrescluster/controller_ref_manager.go:173.2,173.88 1 0
github.com/crunchydata/postgres-operator/internal/controller/postgrescluster/controller_ref_manager.go:178.65,184.139 3 0
github.com/crunchydata/postgres-operator/internal/controller/postgrescluster/controller_ref_manager.go:184.139,185.74 1 0
github.com/crunchydata/postgres-operator/internal/controller/postgrescluster/controller_ref_manager.go:185.74,187.5 1 0
github.com/crunchydata/postgres-operator/internal/controller/postgrescluster/controller_ref_manager.go:189.139,190.77 1 0
github.com/crunchydata/postgres-operator/internal/controller/postgrescluster/controller_ref_manager.go:190.77,192.5 1 0
github.com/crunchydata/postgres-operator/internal/controller/postgrescluster/controller_ref_manager.go:194.139,195.74 1 0
github.com/crunchydata/postgres-operator/internal/controller/postgrescluster/controller_ref_manager.go:195.74,197.5 1 0
github.com/crunchydata/postgres-operator/internal/controller/postgrescluster/delete.go:27.30,42.40 2 0
github.com/crunchydata/postgres-operator/internal/controller/postgrescluster/delete.go:42.40,43.39 1 0
github.com/crunchydata/postgres-operator/internal/controller/postgrescluster/delete.go:43.39,47.4 1 0
github.com/crunchydata/postgres-operator/internal/controller/postgrescluster/delete.go:57.3,65.18 5 0
github.com/crunchydata/postgres-operator/internal/controller/postgrescluster/delete.go:68.2,68.39 1 0
github.com/crunchydata/postgres-operator/internal/controller/postgrescluster/delete.go:68.39,72.3 1 0
github.com/crunchydata/postgres-operator/internal/controller/postgrescluster/delete.go:77.2,77.64 1 0
github.com/crunchydata/postgres-operator/internal/controller/postgrescluster/delete.go:77.64,79.3 1 0
github.com/crunchydata/postgres-operator/internal/controller/postgrescluster/delete.go:79.8,79.26 1 0
github.com/crunchydata/postgres-operator/internal/controller/postgrescluster/delete.go:79.26,81.3 1 0
github.com/crunchydata/postgres-operator/internal/controller/postgrescluster/delete.go:84.2,84.63 1 0
github.com/crunchydata/postgres-operator/internal/controller/postgrescluster/delete.go:84.63,86.3 1 0
github.com/crunchydata/postgres-operator/internal/controller/postgrescluster/delete.go:95.2,103.33 5 0
github.com/crunchydata/postgres-operator/internal/controller/postgrescluster/instance.go:54.62,62.2 3 22
github.com/crunchydata/postgres-operator/internal/controller/postgrescluster/instance.go:65.58,66.22 1 9
github.com/crunchydata/postgres-operator/internal/controller/postgrescluster/instance.go:66.22,68.3 1 0
github.com/crunchydata/postgres-operator/internal/controller/postgrescluster/instance.go:70.2,70.77 1 9
github.com/crunchydata/postgres-operator/internal/controller/postgrescluster/instance.go:75.54,76.22 1 22
github.com/crunchydata/postgres-operator/internal/controller/postgrescluster/instance.go:76.22,77.57 1 22
github.com/crunchydata/postgres-operator/internal/controller/postgrescluster/instance.go:77.57,78.41 1 22
github.com/crunchydata/postgres-operator/internal/controller/postgrescluster/instance.go:78.41,80.5 1 22
github.com/crunchydata/postgres-operator/internal/controller/postgrescluster/instance.go:84.2,84.21 1 0
github.com/crunchydata/postgres-operator/internal/controller/postgrescluster/instance.go:88.74,89.22 1 24
github.com/crunchydata/postgres-operator/internal/controller/postgrescluster/instance.go:89.22,90.61 1 22
github.com/crunchydata/postgres-operator/internal/controller/postgrescluster/instance.go:90.61,91.32 1 21
github.com/crunchydata/postgres-operator/internal/controller/postgrescluster/instance.go:91.32,93.5 1 18
github.com/crunchydata/postgres-operator/internal/controller/postgrescluster/instance.go:95.3,95.65 1 4
github.com/crunchydata/postgres-operator/internal/controller/postgrescluster/instance.go:95.65,96.32 1 1
github.com/crunchydata/postgres-operator/internal/controller/postgrescluster/instance.go:96.32,98.5 1 1
github.com/crunchydata/postgres-operator/internal/controller/postgrescluster/instance.go:102.2,102.21 1 5
github.com/crunchydata/postgres-operator/internal/controller/postgrescluster/instance.go:107.66,108.22 1 40
github.com/crunchydata/postgres-operator/internal/controller/postgrescluster/instance.go:108.22,110.3 1 0
github.com/crunchydata/postgres-operator/internal/controller/postgrescluster/instance.go:118.2,118.49 1 40
github.com/crunchydata/postgres-operator/internal/controller/postgrescluster/instance.go:123.55,124.22 1 12
github.com/crunchydata/postgres-operator/internal/controller/postgrescluster/instance.go:124.22,126.3 1 1
github.com/crunchydata/postgres-operator/internal/controller/postgrescluster/instance.go:128.2,131.14 3 11
github.com/crunchydata/postgres-operator/internal/controller/postgrescluster/instance.go:131.14,133.3 1 2
github.com/crunchydata/postgres-operator/internal/controller/postgrescluster/instance.go:137.2,138.61 1 9
github.com/crunchydata/postgres-operator/internal/controller/postgrescluster/instance.go:144.70,145.41 1 10
github.com/crunchydata/postgres-operator/internal/controller/postgrescluster/instance.go:145.41,147.3 1 0
github.com/crunchydata/postgres-operator/internal/controller/postgrescluster/instance.go:149.2,149.63 1 10
github.com/crunchydata/postgres-operator/internal/controller/postgrescluster/instance.go:149.63,151.3 1 0
github.com/crunchydata/postgres-operator/internal/controller/postgrescluster/instance.go:155.2,156.60 2 10
github.com/crunchydata/postgres-operator/internal/controller/postgrescluster/instance.go:165.36,167.2 1 3
github.com/crunchydata/postgres-operator/internal/controller/postgrescluster/instance.go:168.46,170.2 1 3
github.com/crunchydata/postgres-operator/internal/controller/postgrescluster/instance.go:171.41,173.2 1 2
github.com/crunchydata/postgres-operator/internal/controller/postgrescluster/instance.go:178.55,179.79 1 3
github.com/crunchydata/postgres-operator/internal/controller/postgrescluster/instance.go:179.79,181.56 1 3
github.com/crunchydata/postgres-operator/internal/controller/postgrescluster/instance.go:181.56,183.4 1 0
github.com/crunchydata/postgres-operator/internal/controller/postgrescluster/instance.go:184.3,184.56 1 3
github.com/crunchydata/postgres-operator/internal/controller/postgrescluster/instance.go:184.56,186.4 1 1
github.com/crunchydata/postgres-operator/internal/controller/postgrescluster/instance.go:189.3,189.62 1 2
github.com/crunchydata/postgres-operator/internal/controller/postgrescluster/instance.go:189.62,191.4 1 1
github.com/crunchydata/postgres-operator/internal/controller/postgrescluster/instance.go:192.3,192.62 1 1
github.com/crunchydata/postgres-operator/internal/controller/postgrescluster/instance.go:192.62,194.4 1 1
github.com/crunchydata/postgres-operator/internal/controller/postgrescluster/instance.go:196.3,196.25 1 0
github.com/crunchydata/postgres-operator/internal/controller/postgrescluster/instance.go:213.22,221.43 3 13
github.com/crunchydata/postgres-operator/internal/controller/postgrescluster/instance.go:221.43,225.3 3 10
github.com/crunchydata/postgres-operator/internal/controller/postgrescluster/instance.go:226.2,226.25 1 13
github.com/crunchydata/postgres-operator/internal/controller/postgrescluster/instance.go:226.25,240.3 7 8
github.com/crunchydata/postgres-operator/internal/controller/postgrescluster/instance.go:241.2,241.22 1 13
github.com/crunchydata/postgres-operator/internal/controller/postgrescluster/instance.go:241.22,246.22 4 2
github.com/crunchydata/postgres-operator/internal/controller/postgrescluster/instance.go:246.22,255.4 5 1
github.com/crunchydata/postgres-operator/internal/controller/postgrescluster/instance.go:256.3,256.50 1 2
github.com/crunchydata/postgres-operator/internal/controller/postgrescluster/instance.go:259.2,259.18 1 13
github.com/crunchydata/postgres-operator/internal/controller/postgrescluster/instance.go:266.91,267.21 1 6
github.com/crunchydata/postgres-operator/internal/controller/postgrescluster/instance.go:267.21,269.3 1 0
github.com/crunchydata/postgres-operator/internal/controller/postgrescluster/instance.go:271.2,271.47 1 6
github.com/crunchydata/postgres-operator/internal/controller/postgrescluster/instance.go:271.47,272.76 1 5
github.com/crunchydata/postgres-operator/internal/controller/postgrescluster/instance.go:272.76,273.12 1 1
github.com/crunchydata/postgres-operator/internal/controller/postgrescluster/instance.go:275.3,275.68 1 4
github.com/crunchydata/postgres-operator/internal/controller/postgrescluster/instance.go:275.68,276.12 1 1
github.com/crunchydata/postgres-operator/internal/controller/postgrescluster/instance.go:278.3,279.49 2 3
github.com/crunchydata/postgres-operator/internal/controller/postgrescluster/instance.go:279.49,281.4 1 2
github.com/crunchydata/postgres-operator/internal/controller/postgrescluster/instance.go:284.2,284.17 1 4
github.com/crunchydata/postgres-operator/internal/controller/postgrescluster/instance.go:294.31,301.16 5 0
github.com/crunchydata/postgres-operator/internal/controller/postgrescluster/instance.go:301.16,307.3 1 0
github.com/crunchydata/postgres-operator/internal/controller/postgrescluster/instance.go:308.2,308.16 1 0
github.com/crunchydata/postgres-operator/internal/controller/postgrescluster/instance.go:308.16,314.3 1 0
github.com/crunchydata/postgres-operator/internal/controller/postgrescluster/instance.go:316.2,323.14 4 0
github.com/crunchydata/postgres-operator/internal/controller/postgrescluster/instance.go:323.14,324.56 1 0
github.com/crunchydata/postgres-operator/internal/controller/postgrescluster/instance.go:324.56,325.43 1 0
github.com/crunchydata/postgres-operator/internal/controller/postgrescluster/instance.go:325.43,327.5 1 0
github.com/crunchydata/postgres-operator/internal/controller/postgrescluster/instance.go:329.3,329.56 1 0
github.com/crunchydata/postgres-operator/internal/controller/postgrescluster/instance.go:329.56,330.42 1 0
github.com/crunchydata/postgres-operator/internal/controller/postgrescluster/instance.go:330.42,332.5 1 0
github.com/crunchydata/postgres-operator/internal/controller/postgrescluster/instance.go:337.2,338.52 2 0
github.com/crunchydata/postgres-operator/internal/controller/postgrescluster/instance.go:338.52,343.49 4 0
github.com/crunchydata/postgres-operator/internal/controller/postgrescluster/instance.go:343.49,347.58 2 0
github.com/crunchydata/postgres-operator/internal/controller/postgrescluster/instance.go:347.58,349.5 1 0
github.com/crunchydata/postgres-operator/internal/controller/postgrescluster/instance.go:350.4,350.76 1 0
github.com/crunchydata/postgres-operator/internal/controller/postgrescluster/instance.go:350.76,352.5 1 0
github.com/crunchydata/postgres-operator/internal/controller/postgrescluster/instance.go:353.4,353.16 1 0
github.com/crunchydata/postgres-operator/internal/controller/postgrescluster/instance.go:353.16,359.39 1 0
github.com/crunchydata/postgres-operator/internal/controller/postgrescluster/instance.go:359.39,361.60 1 0
github.com/crunchydata/postgres-operator/internal/controller/postgrescluster/instance.go:361.60,363.7 1 0
github.com/crunchydata/postgres-operator/internal/controller/postgrescluster/instance.go:364.6,364.59 1 0
github.com/crunchydata/postgres-operator/internal/controller/postgrescluster/instance.go:364.59,366.7 1 0
github.com/crunchydata/postgres-operator/internal/controller/postgrescluster/instance.go:378.3,378.15 1 0
github.com/crunchydata/postgres-operator/internal/controller/postgrescluster/instance.go:378.15,379.50 1 0
github.com/crunchydata/postgres-operator/internal/controller/postgrescluster/instance.go:379.50,384.28 1 0
github.com/crunchydata/postgres-operator/internal/controller/postgrescluster/instance.go:384.28,386.6 1 0
github.com/crunchydata/postgres-operator/internal/controller/postgrescluster/instance.go:386.11,388.6 1 0
github.com/crunchydata/postgres-operator/internal/controller/postgrescluster/instance.go:390.5,394.27 1 0
github.com/crunchydata/postgres-operator/internal/controller/postgrescluster/instance.go:394.27,396.6 1 0
github.com/crunchydata/postgres-operator/internal/controller/postgrescluster/instance.go:396.11,398.6 1 0
github.com/crunchydata/postgres-operator/internal/controller/postgrescluster/instance.go:402.3,402.76 1 0
github.com/crunchydata/postgres-operator/internal/controller/postgrescluster/instance.go:405.2,405.22 1 0
github.com/crunchydata/postgres-operator/internal/controller/postgrescluster/instance.go:415.30,419.16 3 0
github.com/crunchydata/postgres-operator/internal/controller/postgrescluster/instance.go:419.16,425.3 1 0
github.com/crunchydata/postgres-operator/internal/controller/postgrescluster/instance.go:426.2,426.16 1 0
github.com/crunchydata/postgres-operator/internal/controller/postgrescluster/instance.go:426.16,428.3 1 0
github.com/crunchydata/postgres-operator/internal/controller/postgrescluster/instance.go:430.2,430.26 1 0
github.com/crunchydata/postgres-operator/internal/controller/postgrescluster/instance.go:430.26,434.3 1 0
github.com/crunchydata/postgres-operator/internal/controller/postgrescluster/instance.go:438.2,441.38 2 0
github.com/crunchydata/postgres-operator/internal/controller/postgrescluster/instance.go:441.38,445.54 3 0
github.com/crunchydata/postgres-operator/internal/controller/postgrescluster/instance.go:446.21,447.80 1 0
github.com/crunchydata/postgres-operator/internal/controller/postgrescluster/instance.go:449.36,450.32 1 0
github.com/crunchydata/postgres-operator/internal/controller/postgrescluster/instance.go:452.11,453.58 1 0
github.com/crunchydata/postgres-operator/internal/controller/postgrescluster/instance.go:458.3,465.17 3 0
github.com/crunchydata/postgres-operator/internal/controller/postgrescluster/instance.go:465.17,467.4 1 0
github.com/crunchydata/postgres-operator/internal/controller/postgrescluster/instance.go:468.3,468.36 1 0
github.com/crunchydata/postgres-operator/internal/controller/postgrescluster/instance.go:471.2,471.26 1 0
github.com/crunchydata/postgres-operator/internal/controller/postgrescluster/instance.go:471.26,474.3 1 0
github.com/crunchydata/postgres-operator/internal/controller/postgrescluster/instance.go:479.2,480.28 2 0
github.com/crunchydata/postgres-operator/internal/controller/postgrescluster/instance.go:480.28,482.54 2 0
github.com/crunchydata/postgres-operator/internal/controller/postgrescluster/instance.go:482.54,485.4 2 0
github.com/crunchydata/postgres-operator/internal/controller/postgrescluster/instance.go:490.3,490.35 1 0
github.com/crunchydata/postgres-operator/internal/controller/postgrescluster/instance.go:490.35,493.4 2 0
github.com/crunchydata/postgres-operator/internal/controller/postgrescluster/instance.go:496.2,496.21 1 0
github.com/crunchydata/postgres-operator/internal/controller/postgrescluster/instance.go:509.9,529.27 3 0
github.com/crunchydata/postgres-operator/internal/controller/postgrescluster/instance.go:529.27,530.17 1 0
github.com/crunchydata/postgres-operator/internal/controller/postgrescluster/instance.go:530.17,540.31 4 0
github.com/crunchydata/postgres-operator/internal/controller/postgrescluster/instance.go:540.31,541.19 1 0
github.com/crunchydata/postgres-operator/internal/controller/postgrescluster/instance.go:541.19,544.6 1 0
github.com/crunchydata/postgres-operator/internal/controller/postgrescluster/instance.go:549.2,549.12 1 0
github.com/crunchydata/postgres-operator/internal/controller/postgrescluster/instance.go:570.9,577.48 1 0
github.com/crunchydata/postgres-operator/internal/controller/postgrescluster/instance.go:577.48,578.63 1 0
github.com/crunchydata/postgres-operator/internal/controller/postgrescluster/instance.go:578.63,579.62 1 0
github.com/crunchydata/postgres-operator/internal/controller/postgrescluster/instance.go:579.62,582.5 2 0
github.com/crunchydata/postgres-operator/internal/controller/postgrescluster/instance.go:582.10,585.5 2 0
github.com/crunchydata/postgres-operator/internal/controller/postgrescluster/instance.go:590.2,591.38 2 0
github.com/crunchydata/postgres-operator/internal/controller/postgrescluster/instance.go:591.38,593.3 1 0
github.com/crunchydata/postgres-operator/internal/controller/postgrescluster/instance.go:598.2,598.43 1 0
github.com/crunchydata/postgres-operator/internal/controller/postgrescluster/instance.go:598.43,610.17 3 0
github.com/crunchydata/postgres-operator/internal/controller/postgrescluster/instance.go:610.17,612.4 1 0
github.com/crunchydata/postgres-operator/internal/controller/postgrescluster/instance.go:613.3,613.17 1 0
github.com/crunchydata/postgres-operator/internal/controller/postgrescluster/instance.go:613.17,615.4 1 0
github.com/crunchydata/postgres-operator/internal/controller/postgrescluster/instance.go:621.2,622.16 2 0
github.com/crunchydata/postgres-operator/internal/controller/postgrescluster/instance.go:622.16,624.3 1 0
github.com/crunchydata/postgres-operator/internal/controller/postgrescluster/instance.go:627.2,628.16 2 0
github.com/crunchydata/postgres-operator/internal/controller/postgrescluster/instance.go:628.16,630.3 1 0
github.com/crunchydata/postgres-operator/internal/controller/postgrescluster/instance.go:633.2,634.55 1 0
github.com/crunchydata/postgres-operator/internal/controller/postgrescluster/instance.go:634.55,636.4 1 0
github.com/crunchydata/postgres-operator/internal/controller/postgrescluster/instance.go:638.2,638.12 1 0
github.com/crunchydata/postgres-operator/internal/controller/postgrescluster/instance.go:648.9,652.16 3 0
github.com/crunchydata/postgres-operator/internal/controller/postgrescluster/instance.go:652.16,657.3 1 0
github.com/crunchydata/postgres-operator/internal/controller/postgrescluster/instance.go:659.2,659.16 1 0
github.com/crunchydata/postgres-operator/internal/controller/postgrescluster/instance.go:659.16,661.49 2 0
github.com/crunchydata/postgres-operator/internal/controller/postgrescluster/instance.go:661.49,663.4 1 0
github.com/crunchydata/postgres-operator/internal/controller/postgrescluster/instance.go:664.3,664.32 1 0
github.com/crunchydata/postgres-operator/internal/controller/postgrescluster/instance.go:664.32,666.72 2 0
github.com/crunchydata/postgres-operator/internal/controller/postgrescluster/instance.go:666.72,668.5 1 0
github.com/crunchydata/postgres-operator/internal/controller/postgrescluster/instance.go:672.2,672.35 1 0
github.com/crunchydata/postgres-operator/internal/controller/postgrescluster/instance.go:685.97,691.37 3 8
github.com/crunchydata/postgres-operator/internal/controller/postgrescluster/instance.go:691.37,693.40 1 10
github.com/crunchydata/postgres-operator/internal/controller/postgrescluster/instance.go:693.40,694.12 1 0
github.com/crunchydata/postgres-operator/internal/controller/postgrescluster/instance.go:696.3,698.63 3 10
github.com/crunchydata/postgres-operator/internal/controller/postgrescluster/instance.go:698.63,700.4 1 7
github.com/crunchydata/postgres-operator/internal/controller/postgrescluster/instance.go:707.2,707.35 1 8
github.com/crunchydata/postgres-operator/internal/controller/postgrescluster/instance.go:707.35,709.37 2 3
github.com/crunchydata/postgres-operator/internal/controller/postgrescluster/instance.go:709.37,711.39 2 3
github.com/crunchydata/postgres-operator/internal/controller/postgrescluster/instance.go:711.39,713.42 1 5
github.com/crunchydata/postgres-operator/internal/controller/postgrescluster/instance.go:713.42,714.14 1 0
github.com/crunchydata/postgres-operator/internal/controller/postgrescluster/instance.go:716.5,720.36 4 5
github.com/crunchydata/postgres-operator/internal/controller/postgrescluster/instance.go:720.36,722.6 1 2
github.com/crunchydata/postgres-operator/internal/controller/postgrescluster/instance.go:725.3,725.33 1 3
github.com/crunchydata/postgres-operator/internal/controller/postgrescluster/instance.go:730.2,730.33 1 8
github.com/crunchydata/postgres-operator/internal/controller/postgrescluster/instance.go:730.33,733.48 3 6
github.com/crunchydata/postgres-operator/internal/controller/postgrescluster/instance.go:733.48,735.4 1 3
github.com/crunchydata/postgres-operator/internal/controller/postgrescluster/instance.go:738.2,738.31 1 8
github.com/crunchydata/postgres-operator/internal/controller/postgrescluster/instance.go:749.9,753.55 1 3
github.com/crunchydata/postgres-operator/internal/controller/postgrescluster/instance.go:753.55,757.3 1 0
github.com/crunchydata/postgres-operator/internal/controller/postgrescluster/instance.go:759.2,760.102 2 3
github.com/crunchydata/postgres-operator/internal/controller/postgrescluster/instance.go:760.102,762.3 1 3
github.com/crunchydata/postgres-operator/internal/controller/postgrescluster/instance.go:764.2,778.46 3 3
github.com/crunchydata/postgres-operator/internal/controller/postgrescluster/instance.go:778.46,783.58 4 2
github.com/crunchydata/postgres-operator/internal/controller/postgrescluster/instance.go:783.58,785.4 1 1
github.com/crunchydata/postgres-operator/internal/controller/postgrescluster/instance.go:787.3,787.35 1 2
github.com/crunchydata/postgres-operator/internal/controller/postgrescluster/instance.go:794.2,794.13 1 1
github.com/crunchydata/postgres-operator/internal/controller/postgrescluster/instance.go:794.13,796.52 2 1
github.com/crunchydata/postgres-operator/internal/controller/postgrescluster/instance.go:796.52,798.4 1 0
github.com/crunchydata/postgres-operator/internal/controller/postgrescluster/instance.go:800.3,800.66 1 1
github.com/crunchydata/postgres-operator/internal/controller/postgrescluster/instance.go:800.66,820.4 8 1
github.com/crunchydata/postgres-operator/internal/controller/postgrescluster/instance.go:822.3,828.41 3 1
github.com/crunchydata/postgres-operator/internal/controller/postgrescluster/instance.go:828.41,830.4 1 0
github.com/crunchydata/postgres-operator/internal/controller/postgrescluster/instance.go:833.3,833.17 1 1
github.com/crunchydata/postgres-operator/internal/controller/postgrescluster/instance.go:833.17,836.4 1 0
github.com/crunchydata/postgres-operator/internal/controller/postgrescluster/instance.go:836.9,836.34 1 1
github.com/crunchydata/postgres-operator/internal/controller/postgrescluster/instance.go:836.34,839.4 1 0
github.com/crunchydata/postgres-operator/internal/controller/postgrescluster/instance.go:849.2,853.6 1 1
github.com/crunchydata/postgres-operator/internal/controller/postgrescluster/instance.go:864.9,873.48 7 8
github.com/crunchydata/postgres-operator/internal/controller/postgrescluster/instance.go:873.48,875.3 1 7
github.com/crunchydata/postgres-operator/internal/controller/postgrescluster/instance.go:877.2,877.48 1 8
github.com/crunchydata/postgres-operator/internal/controller/postgrescluster/instance.go:877.48,880.27 1 12
github.com/crunchydata/postgres-operator/internal/controller/postgrescluster/instance.go:880.27,881.12 1 1
github.com/crunchydata/postgres-operator/internal/controller/postgrescluster/instance.go:886.3,886.76 1 11
github.com/crunchydata/postgres-operator/internal/controller/postgrescluster/instance.go:886.76,887.12 1 1
github.com/crunchydata/postgres-operator/internal/controller/postgrescluster/instance.go:890.3,890.69 1 10
github.com/crunchydata/postgres-operator/internal/controller/postgrescluster/instance.go:890.69,892.4 1 9
github.com/crunchydata/postgres-operator/internal/controller/postgrescluster/instance.go:894.3,894.76 1 10
github.com/crunchydata/postgres-operator/internal/controller/postgrescluster/instance.go:894.76,896.12 2 9
github.com/crunchydata/postgres-operator/internal/controller/postgrescluster/instance.go:900.2,905.23 3 8
github.com/crunchydata/postgres-operator/internal/controller/postgrescluster/instance.go:905.23,907.3 1 3
github.com/crunchydata/postgres-operator/internal/controller/postgrescluster/instance.go:909.2,917.36 5 8
github.com/crunchydata/postgres-operator/internal/controller/postgrescluster/instance.go:917.36,918.17 1 9
github.com/crunchydata/postgres-operator/internal/controller/postgrescluster/instance.go:918.17,919.71 1 9
github.com/crunchydata/postgres-operator/internal/controller/postgrescluster/instance.go:919.71,921.5 1 1
github.com/crunchydata/postgres-operator/internal/controller/postgrescluster/instance.go:921.10,921.46 1 8
github.com/crunchydata/postgres-operator/internal/controller/postgrescluster/instance.go:921.46,924.5 2 3
github.com/crunchydata/postgres-operator/internal/controller/postgrescluster/instance.go:928.2,928.34 1 8
github.com/crunchydata/postgres-operator/internal/controller/postgrescluster/instance.go:945.9,949.48 2 0
github.com/crunchydata/postgres-operator/internal/controller/postgrescluster/instance.go:949.48,951.3 1 0
github.com/crunchydata/postgres-operator/internal/controller/postgrescluster/instance.go:954.2,955.58 2 0
github.com/crunchydata/postgres-operator/internal/controller/postgrescluster/instance.go:955.58,956.74 1 0
github.com/crunchydata/postgres-operator/internal/controller/postgrescluster/instance.go:956.74,958.4 1 0
github.com/crunchydata/postgres-operator/internal/controller/postgrescluster/instance.go:962.2,963.45 2 0
github.com/crunchydata/postgres-operator/internal/controller/postgrescluster/instance.go:963.45,965.3 1 0
github.com/crunchydata/postgres-operator/internal/controller/postgrescluster/instance.go:967.2,967.56 1 0
github.com/crunchydata/postgres-operator/internal/controller/postgrescluster/instance.go:967.56,968.37 1 0
github.com/crunchydata/postgres-operator/internal/controller/postgrescluster/instance.go:968.37,969.58 1 0
github.com/crunchydata/postgres-operator/internal/controller/postgrescluster/instance.go:969.58,971.19 2 0
github.com/crunchydata/postgres-operator/internal/controller/postgrescluster/instance.go:971.19,973.6 1 0
github.com/crunchydata/postgres-operator/internal/controller/postgrescluster/instance.go:978.2,978.12 1 0
github.com/crunchydata/postgres-operator/internal/controller/postgrescluster/instance.go:984.75,986.59 1 12
github.com/crunchydata/postgres-operator/internal/controller/postgrescluster/instance.go:986.59,989.15 2 11
github.com/crunchydata/postgres-operator/internal/controller/postgrescluster/instance.go:989.15,990.39 1 10
github.com/crunchydata/postgres-operator/internal/controller/postgrescluster/instance.go:990.39,991.54 1 18
github.com/crunchydata/postgres-operator/internal/controller/postgrescluster/instance.go:991.54,993.6 1 4
github.com/crunchydata/postgres-operator/internal/controller/postgrescluster/instance.go:997.3,997.38 1 11
github.com/crunchydata/postgres-operator/internal/controller/postgrescluster/instance.go:997.38,998.73 1 19
github.com/crunchydata/postgres-operator/internal/controller/postgrescluster/instance.go:998.73,1000.5 1 10
github.com/crunchydata/postgres-operator/internal/controller/postgrescluster/instance.go:1003.3,1003.14 1 11
github.com/crunchydata/postgres-operator/internal/controller/postgrescluster/instance.go:1006.2,1007.30 2 12
github.com/crunchydata/postgres-operator/internal/controller/postgrescluster/instance.go:1007.30,1009.38 2 11
github.com/crunchydata/postgres-operator/internal/controller/postgrescluster/instance.go:1009.38,1010.56 1 31
github.com/crunchydata/postgres-operator/internal/controller/postgrescluster/instance.go:1010.56,1012.5 1 19
github.com/crunchydata/postgres-operator/internal/controller/postgrescluster/instance.go:1014.3,1014.53 1 11
github.com/crunchydata/postgres-operator/internal/controller/postgrescluster/instance.go:1017.2,1017.20 1 12
github.com/crunchydata/postgres-operator/internal/controller/postgrescluster/instance.go:1044.34,1049.42 4 0
github.com/crunchydata/postgres-operator/internal/controller/postgrescluster/instance.go:1049.42,1052.23 2 0
github.com/crunchydata/postgres-operator/internal/controller/postgrescluster/instance.go:1052.23,1055.4 2 0
github.com/crunchydata/postgres-operator/internal/controller/postgrescluster/instance.go:1059.2,1059.42 1 0
github.com/crunchydata/postgres-operator/internal/controller/postgrescluster/instance.go:1059.42,1060.36 1 0
github.com/crunchydata/postgres-operator/internal/controller/postgrescluster/instance.go:1060.36,1067.39 4 0
github.com/crunchydata/postgres-operator/internal/controller/postgrescluster/instance.go:1067.39,1070.5 2 0
github.com/crunchydata/postgres-operator/internal/controller/postgrescluster/instance.go:1070.10,1071.35 1 0
github.com/crunchydata/postgres-operator/internal/controller/postgrescluster/instance.go:1071.35,1073.6 1 0
github.com/crunchydata/postgres-operator/internal/controller/postgrescluster/instance.go:1075.4,1075.12 1 0
github.com/crunchydata/postgres-operator/internal/controller/postgrescluster/instance.go:1078.3,1079.71 2 0
github.com/crunchydata/postgres-operator/internal/controller/postgrescluster/instance.go:1082.2,1083.27 2 0
github.com/crunchydata/postgres-operator/internal/controller/postgrescluster/instance.go:1083.27,1092.3 1 0
github.com/crunchydata/postgres-operator/internal/controller/postgrescluster/instance.go:1093.2,1093.16 1 0
github.com/crunchydata/postgres-operator/internal/controller/postgrescluster/instance.go:1093.16,1095.3 1 0
github.com/crunchydata/postgres-operator/internal/controller/postgrescluster/instance.go:1097.2,1097.23 1 0
github.com/crunchydata/postgres-operator/internal/controller/postgrescluster/instance.go:1123.9,1132.16 8 0
github.com/crunchydata/postgres-operator/internal/controller/postgrescluster/instance.go:1132.16,1136.3 1 0
github.com/crunchydata/postgres-operator/internal/controller/postgrescluster/instance.go:1138.2,1146.16 2 0
github.com/crunchydata/postgres-operator/internal/controller/postgrescluster/instance.go:1146.16,1148.3 1 0
github.com/crunchydata/postgres-operator/internal/controller/postgrescluster/instance.go:1149.2,1149.16 1 0
github.com/crunchydata/postgres-operator/internal/controller/postgrescluster/instance.go:1149.16,1152.3 1 0
github.com/crunchydata/postgres-operator/internal/controller/postgrescluster/instance.go:1153.2,1153.16 1 0
github.com/crunchydata/postgres-operator/internal/controller/postgrescluster/instance.go:1153.16,1155.3 1 0
github.com/crunchydata/postgres-operator/internal/controller/postgrescluster/instance.go:1156.2,1156.16 1 0
github.com/crunchydata/postgres-operator/internal/controller/postgrescluster/instance.go:1156.16,1158.3 1 0
github.com/crunchydata/postgres-operator/internal/controller/postgrescluster/instance.go:1159.2,1159.16 1 0
github.com/crunchydata/postgres-operator/internal/controller/postgrescluster/instance.go:1159.16,1161.3 1 0
github.com/crunchydata/postgres-operator/internal/controller/postgrescluster/instance.go:1162.2,1162.16 1 0
github.com/crunchydata/postgres-operator/internal/controller/postgrescluster/instance.go:1162.16,1169.23 2 0
github.com/crunchydata/postgres-operator/internal/controller/postgrescluster/instance.go:1169.23,1172.4 1 0
github.com/crunchydata/postgres-operator/internal/controller/postgrescluster/instance.go:1174.3,1176.75 1 0
github.com/crunchydata/postgres-operator/internal/controller/postgrescluster/instance.go:1180.2,1181.61 1 0
github.com/crunchydata/postgres-operator/internal/controller/postgrescluster/instance.go:1181.61,1186.57 2 0
github.com/crunchydata/postgres-operator/internal/controller/postgrescluster/instance.go:1186.57,1192.18 3 0
github.com/crunchydata/postgres-operator/internal/controller/postgrescluster/instance.go:1192.18,1194.5 1 0
github.com/crunchydata/postgres-operator/internal/controller/postgrescluster/instance.go:1201.3,1208.84 2 0
github.com/crunchydata/postgres-operator/internal/controller/postgrescluster/instance.go:1212.2,1212.16 1 0
github.com/crunchydata/postgres-operator/internal/controller/postgrescluster/instance.go:1212.16,1214.3 1 0
github.com/crunchydata/postgres-operator/internal/controller/postgrescluster/instance.go:1218.2,1218.16 1 0
github.com/crunchydata/postgres-operator/internal/controller/postgrescluster/instance.go:1218.16,1224.3 1 0
github.com/crunchydata/postgres-operator/internal/controller/postgrescluster/instance.go:1227.2,1227.16 1 0
github.com/crunchydata/postgres-operator/internal/controller/postgrescluster/instance.go:1227.16,1229.3 1 0
github.com/crunchydata/postgres-operator/internal/controller/postgrescluster/instance.go:1232.2,1232.16 1 0
github.com/crunchydata/postgres-operator/internal/controller/postgrescluster/instance.go:1232.16,1234.3 1 0
github.com/crunchydata/postgres-operator/internal/controller/postgrescluster/instance.go:1237.2,1237.75 1 0
github.com/crunchydata/postgres-operator/internal/controller/postgrescluster/instance.go:1237.75,1240.33 2 0
github.com/crunchydata/postgres-operator/internal/controller/postgrescluster/instance.go:1240.33,1243.4 1 0
github.com/crunchydata/postgres-operator/internal/controller/postgrescluster/instance.go:1246.2,1246.16 1 0
github.com/crunchydata/postgres-operator/internal/controller/postgrescluster/instance.go:1246.16,1248.3 1 0
github.com/crunchydata/postgres-operator/internal/controller/postgrescluster/instance.go:1249.2,1249.16 1 0
github.com/crunchydata/postgres-operator/internal/controller/postgrescluster/instance.go:1249.16,1251.3 1 0
github.com/crunchydata/postgres-operator/internal/controller/postgrescluster/instance.go:1253.2,1253.12 1 0
github.com/crunchydata/postgres-operator/internal/controller/postgrescluster/instance.go:1263.3,1323.71 13 16
github.com/crunchydata/postgres-operator/internal/controller/postgrescluster/instance.go:1323.71,1329.3 1 15
github.com/crunchydata/postgres-operator/internal/controller/postgrescluster/instance.go:1337.2,1337.42 1 16
github.com/crunchydata/postgres-operator/internal/controller/postgrescluster/instance.go:1337.42,1340.3 1 13
github.com/crunchydata/postgres-operator/internal/controller/postgrescluster/instance.go:1340.8,1340.55 1 3
github.com/crunchydata/postgres-operator/internal/controller/postgrescluster/instance.go:1340.55,1343.3 1 3
github.com/crunchydata/postgres-operator/internal/controller/postgrescluster/instance.go:1343.8,1344.24 1 0
github.com/crunchydata/postgres-operator/internal/controller/postgrescluster/instance.go:1344.24,1347.3 1 0
github.com/crunchydata/postgres-operator/internal/controller/postgrescluster/instance.go:1347.8,1352.3 1 0
github.com/crunchydata/postgres-operator/internal/controller/postgrescluster/instance.go:1356.2,1381.73 6 16
github.com/crunchydata/postgres-operator/internal/controller/postgrescluster/instance.go:1389.3,1394.2 2 3
github.com/crunchydata/postgres-operator/internal/controller/postgrescluster/instance.go:1403.30,1424.61 6 0
github.com/crunchydata/postgres-operator/internal/controller/postgrescluster/instance.go:1424.61,1431.73 2 0
github.com/crunchydata/postgres-operator/internal/controller/postgrescluster/instance.go:1431.73,1438.4 1 0
github.com/crunchydata/postgres-operator/internal/controller/postgrescluster/instance.go:1440.2,1440.16 1 0
github.com/crunchydata/postgres-operator/internal/controller/postgrescluster/instance.go:1440.16,1442.3 1 0
github.com/crunchydata/postgres-operator/internal/controller/postgrescluster/instance.go:1443.2,1443.16 1 0
github.com/crunchydata/postgres-operator/internal/controller/postgrescluster/instance.go:1443.16,1445.3 1 0
github.com/crunchydata/postgres-operator/internal/controller/postgrescluster/instance.go:1447.2,1447.31 1 0
github.com/crunchydata/postgres-operator/internal/controller/postgrescluster/instance.go:1459.27,1468.16 5 0
github.com/crunchydata/postgres-operator/internal/controller/postgrescluster/instance.go:1468.16,1470.3 1 0
github.com/crunchydata/postgres-operator/internal/controller/postgrescluster/instance.go:1472.2,1493.16 6 0
github.com/crunchydata/postgres-operator/internal/controller/postgrescluster/instance.go:1493.16,1495.3 1 0
github.com/crunchydata/postgres-operator/internal/controller/postgrescluster/instance.go:1496.2,1496.16 1 0
github.com/crunchydata/postgres-operator/internal/controller/postgrescluster/instance.go:1496.16,1500.3 1 0
github.com/crunchydata/postgres-operator/internal/controller/postgrescluster/instance.go:1501.2,1501.36 1 0
github.com/crunchydata/postgres-operator/internal/controller/postgrescluster/instance.go:1501.36,1505.3 1 0
github.com/crunchydata/postgres-operator/internal/controller/postgrescluster/instance.go:1506.2,1506.16 1 0
github.com/crunchydata/postgres-operator/internal/controller/postgrescluster/instance.go:1506.16,1508.3 1 0
github.com/crunchydata/postgres-operator/internal/controller/postgrescluster/instance.go:1510.2,1510.27 1 0
github.com/crunchydata/postgres-operator/internal/controller/postgrescluster/instance.go:1523.9,1524.26 1 0
github.com/crunchydata/postgres-operator/internal/controller/postgrescluster/instance.go:1524.26,1527.3 1 0
github.com/crunchydata/postgres-operator/internal/controller/postgrescluster/instance.go:1528.2,1546.16 8 0
github.com/crunchydata/postgres-operator/internal/controller/postgrescluster/instance.go:1546.16,1548.3 1 0
github.com/crunchydata/postgres-operator/internal/controller/postgrescluster/instance.go:1549.2,1549.31 1 0
github.com/crunchydata/postgres-operator/internal/controller/postgrescluster/instance.go:1549.31,1551.17 2 0
github.com/crunchydata/postgres-operator/internal/controller/postgrescluster/instance.go:1551.17,1553.4 1 0
github.com/crunchydata/postgres-operator/internal/controller/postgrescluster/instance.go:1554.3,1554.36 1 0
github.com/crunchydata/postgres-operator/internal/controller/postgrescluster/instance.go:1557.2,1557.16 1 0
github.com/crunchydata/postgres-operator/internal/controller/postgrescluster/instance.go:1557.16,1559.3 1 0
github.com/crunchydata/postgres-operator/internal/controller/postgrescluster/instance.go:1560.2,1560.12 1 0
github.com/crunchydata/postgres-operator/internal/controller/postgrescluster/patroni.go:32.9,38.16 2 0
github.com/crunchydata/postgres-operator/internal/controller/postgrescluster/patroni.go:38.16,44.3 1 0
github.com/crunchydata/postgres-operator/internal/controller/postgrescluster/patroni.go:46.2,46.12 1 0
github.com/crunchydata/postgres-operator/internal/controller/postgrescluster/patroni.go:51.9,58.48 3 0
github.com/crunchydata/postgres-operator/internal/controller/postgrescluster/patroni.go:58.48,59.77 1 0
github.com/crunchydata/postgres-operator/internal/controller/postgrescluster/patroni.go:59.77,60.77 1 0
github.com/crunchydata/postgres-operator/internal/controller/postgrescluster/patroni.go:60.77,61.13 1 0
github.com/crunchydata/postgres-operator/internal/controller/postgrescluster/patroni.go:63.4,63.75 1 0
github.com/crunchydata/postgres-operator/internal/controller/postgrescluster/patroni.go:63.75,64.13 1 0
github.com/crunchydata/postgres-operator/internal/controller/postgrescluster/patroni.go:67.4,67.51 1 0
github.com/crunchydata/postgres-operator/internal/controller/postgrescluster/patroni.go:67.51,69.5 1 0
github.com/crunchydata/postgres-operator/internal/controller/postgrescluster/patroni.go:69.10,71.5 1 0
github.com/crunchydata/postgres-operator/internal/controller/postgrescluster/patroni.go:72.4,72.64 1 0
github.com/crunchydata/postgres-operator/internal/controller/postgrescluster/patroni.go:72.64,73.10 1 0
github.com/crunchydata/postgres-operator/internal/controller/postgrescluster/patroni.go:89.2,89.32 1 0
github.com/crunchydata/postgres-operator/internal/controller/postgrescluster/patroni.go:89.32,92.11 1 0
github.com/crunchydata/postgres-operator/internal/controller/postgrescluster/patroni.go:92.11,95.4 2 0
github.com/crunchydata/postgres-operator/internal/controller/postgrescluster/patroni.go:97.3,97.100 1 0
github.com/crunchydata/postgres-operator/internal/controller/postgrescluster/patroni.go:114.2,114.32 1 0
github.com/crunchydata/postgres-operator/internal/controller/postgrescluster/patroni.go:114.32,117.11 1 0
github.com/crunchydata/postgres-operator/internal/controller/postgrescluster/patroni.go:117.11,120.4 2 0
github.com/crunchydata/postgres-operator/internal/controller/postgrescluster/patroni.go:122.3,122.100 1 0
github.com/crunchydata/postgres-operator/internal/controller/postgrescluster/patroni.go:126.2,126.12 1 0
github.com/crunchydata/postgres-operator/internal/controller/postgrescluster/patroni.go:135.9,162.16 8 0
github.com/crunchydata/postgres-operator/internal/controller/postgrescluster/patroni.go:162.16,164.3 1 0
github.com/crunchydata/postgres-operator/internal/controller/postgrescluster/patroni.go:169.2,169.12 1 0
github.com/crunchydata/postgres-operator/internal/controller/postgrescluster/patroni.go:177.9,178.43 1 0
github.com/crunchydata/postgres-operator/internal/controller/postgrescluster/patroni.go:178.43,182.3 1 0
github.com/crunchydata/postgres-operator/internal/controller/postgrescluster/patroni.go:184.2,185.48 2 0
github.com/crunchydata/postgres-operator/internal/controller/postgrescluster/patroni.go:185.48,186.76 1 0
github.com/crunchydata/postgres-operator/internal/controller/postgrescluster/patroni.go:186.76,189.50 2 0
github.com/crunchydata/postgres-operator/internal/controller/postgrescluster/patroni.go:189.50,191.10 2 0
github.com/crunchydata/postgres-operator/internal/controller/postgrescluster/patroni.go:195.2,195.16 1 0
github.com/crunchydata/postgres-operator/internal/controller/postgrescluster/patroni.go:195.16,198.3 1 0
github.com/crunchydata/postgres-operator/internal/controller/postgrescluster/patroni.go:203.2,203.104 1 0
github.com/crunchydata/postgres-operator/internal/controller/postgrescluster/patroni.go:203.104,205.3 1 0
github.com/crunchydata/postgres-operator/internal/controller/postgrescluster/patroni.go:207.2,209.71 1 0
github.com/crunchydata/postgres-operator/internal/controller/postgrescluster/patroni.go:216.3,225.47 5 9
github.com/crunchydata/postgres-operator/internal/controller/postgrescluster/patroni.go:225.47,230.3 2 7
github.com/crunchydata/postgres-operator/internal/controller/postgrescluster/patroni.go:233.2,254.47 4 9
github.com/crunchydata/postgres-operator/internal/controller/postgrescluster/patroni.go:254.47,256.3 1 2
github.com/crunchydata/postgres-operator/internal/controller/postgrescluster/patroni.go:256.8,258.27 2 7
github.com/crunchydata/postgres-operator/internal/controller/postgrescluster/patroni.go:258.27,259.56 1 3
github.com/crunchydata/postgres-operator/internal/controller/postgrescluster/patroni.go:259.56,269.5 2 1
github.com/crunchydata/postgres-operator/internal/controller/postgrescluster/patroni.go:270.4,270.41 1 2
github.com/crunchydata/postgres-operator/internal/controller/postgrescluster/patroni.go:272.3,276.33 3 6
github.com/crunchydata/postgres-operator/internal/controller/postgrescluster/patroni.go:276.33,278.4 1 0
github.com/crunchydata/postgres-operator/internal/controller/postgrescluster/patroni.go:279.3,279.31 1 6
github.com/crunchydata/postgres-operator/internal/controller/postgrescluster/patroni.go:279.31,281.4 1 0
github.com/crunchydata/postgres-operator/internal/controller/postgrescluster/patroni.go:283.2,286.21 3 8
github.com/crunchydata/postgres-operator/internal/controller/postgrescluster/patroni.go:296.28,302.16 2 0
github.com/crunchydata/postgres-operator/internal/controller/postgrescluster/patroni.go:302.16,304.3 1 0
github.com/crunchydata/postgres-operator/internal/controller/postgrescluster/patroni.go:305.2,305.21 1 0
github.com/crunchydata/postgres-operator/internal/controller/postgrescluster/patroni.go:314.26,319.56 4 0
github.com/crunchydata/postgres-operator/internal/controller/postgrescluster/patroni.go:319.56,320.36 1 0
github.com/crunchydata/postgres-operator/internal/controller/postgrescluster/patroni.go:320.36,322.4 1 0
github.com/crunchydata/postgres-operator/internal/controller/postgrescluster/patroni.go:325.2,329.16 3 0
github.com/crunchydata/postgres-operator/internal/controller/postgrescluster/patroni.go:329.16,330.42 1 0
github.com/crunchydata/postgres-operator/internal/controller/postgrescluster/patroni.go:330.42,333.4 1 0
github.com/crunchydata/postgres-operator/internal/controller/postgrescluster/patroni.go:333.9,333.27 1 0
github.com/crunchydata/postgres-operator/internal/controller/postgrescluster/patroni.go:333.27,343.4 2 0
github.com/crunchydata/postgres-operator/internal/controller/postgrescluster/patroni.go:346.2,346.21 1 0
github.com/crunchydata/postgres-operator/internal/controller/postgrescluster/patroni.go:357.27,360.58 1 0
github.com/crunchydata/postgres-operator/internal/controller/postgrescluster/patroni.go:360.58,368.3 3 0
github.com/crunchydata/postgres-operator/internal/controller/postgrescluster/patroni.go:370.2,378.16 6 0
github.com/crunchydata/postgres-operator/internal/controller/postgrescluster/patroni.go:378.16,387.3 4 0
github.com/crunchydata/postgres-operator/internal/controller/postgrescluster/patroni.go:389.2,403.84 6 0
github.com/crunchydata/postgres-operator/internal/controller/postgrescluster/patroni.go:403.84,405.3 1 0
github.com/crunchydata/postgres-operator/internal/controller/postgrescluster/patroni.go:406.2,406.16 1 0
github.com/crunchydata/postgres-operator/internal/controller/postgrescluster/patroni.go:406.16,409.3 2 0
github.com/crunchydata/postgres-operator/internal/controller/postgrescluster/patroni.go:410.2,410.16 1 0
github.com/crunchydata/postgres-operator/internal/controller/postgrescluster/patroni.go:410.16,413.3 2 0
github.com/crunchydata/postgres-operator/internal/controller/postgrescluster/patroni.go:414.2,414.16 1 0
github.com/crunchydata/postgres-operator/internal/controller/postgrescluster/patroni.go:414.16,417.3 2 0
github.com/crunchydata/postgres-operator/internal/controller/postgrescluster/patroni.go:418.2,418.16 1 0
github.com/crunchydata/postgres-operator/internal/controller/postgrescluster/patroni.go:418.16,420.3 1 0
github.com/crunchydata/postgres-operator/internal/controller/postgrescluster/patroni.go:421.2,421.20 1 0
github.com/crunchydata/postgres-operator/internal/controller/postgrescluster/patroni.go:426.91,446.2 1 0
github.com/crunchydata/postgres-operator/internal/controller/postgrescluster/patroni.go:449.72,459.44 2 19
github.com/crunchydata/postgres-operator/internal/controller/postgrescluster/patroni.go:459.44,463.3 3 2
github.com/crunchydata/postgres-operator/internal/controller/postgrescluster/patroni.go:465.2,471.66 4 17
github.com/crunchydata/postgres-operator/internal/controller/postgrescluster/patroni.go:471.66,474.3 2 2
github.com/crunchydata/postgres-operator/internal/controller/postgrescluster/patroni.go:479.2,479.36 1 15
github.com/crunchydata/postgres-operator/internal/controller/postgrescluster/patroni.go:479.36,483.3 1 1
github.com/crunchydata/postgres-operator/internal/controller/postgrescluster/patroni.go:486.2,486.56 1 14
github.com/crunchydata/postgres-operator/internal/controller/postgrescluster/patroni.go:486.56,487.63 1 2
github.com/crunchydata/postgres-operator/internal/controller/postgrescluster/patroni.go:487.63,490.4 1 1
github.com/crunchydata/postgres-operator/internal/controller/postgrescluster/patroni.go:495.2,496.62 2 13
github.com/crunchydata/postgres-operator/internal/controller/postgrescluster/patroni.go:496.62,497.49 1 5
github.com/crunchydata/postgres-operator/internal/controller/postgrescluster/patroni.go:497.49,498.45 1 10
github.com/crunchydata/postgres-operator/internal/controller/postgrescluster/patroni.go:498.45,500.5 1 4
github.com/crunchydata/postgres-operator/internal/controller/postgrescluster/patroni.go:502.3,502.28 1 5
github.com/crunchydata/postgres-operator/internal/controller/postgrescluster/patroni.go:502.28,505.4 1 1
github.com/crunchydata/postgres-operator/internal/controller/postgrescluster/patroni.go:506.3,506.36 1 4
github.com/crunchydata/postgres-operator/internal/controller/postgrescluster/patroni.go:506.36,510.4 1 1
github.com/crunchydata/postgres-operator/internal/controller/postgrescluster/patroni.go:511.8,513.3 1 8
github.com/crunchydata/postgres-operator/internal/controller/postgrescluster/patroni.go:516.2,517.48 2 11
github.com/crunchydata/postgres-operator/internal/controller/postgrescluster/patroni.go:517.48,519.37 1 12
github.com/crunchydata/postgres-operator/internal/controller/postgrescluster/patroni.go:519.37,522.9 2 10
github.com/crunchydata/postgres-operator/internal/controller/postgrescluster/patroni.go:525.2,525.23 1 11
github.com/crunchydata/postgres-operator/internal/controller/postgrescluster/patroni.go:525.23,527.3 1 1
github.com/crunchydata/postgres-operator/internal/controller/postgrescluster/patroni.go:528.2,529.28 1 10
github.com/crunchydata/postgres-operator/internal/controller/postgrescluster/patroni.go:529.28,532.3 1 15
github.com/crunchydata/postgres-operator/internal/controller/postgrescluster/patroni.go:539.2,541.16 2 10
github.com/crunchydata/postgres-operator/internal/controller/postgrescluster/patroni.go:541.16,543.3 1 1
github.com/crunchydata/postgres-operator/internal/controller/postgrescluster/patroni.go:545.2,545.19 1 9
github.com/crunchydata/postgres-operator/internal/controller/postgrescluster/patroni.go:545.19,547.3 1 1
github.com/crunchydata/postgres-operator/internal/controller/postgrescluster/patroni.go:549.2,556.78 2 8
github.com/crunchydata/postgres-operator/internal/controller/postgrescluster/patroni.go:556.78,560.3 3 1
github.com/crunchydata/postgres-operator/internal/controller/postgrescluster/patroni.go:565.2,565.58 1 7
github.com/crunchydata/postgres-operator/internal/controller/postgrescluster/patroni.go:565.58,570.3 4 2
github.com/crunchydata/postgres-operator/internal/controller/postgrescluster/patroni.go:575.2,575.88 1 5
github.com/crunchydata/postgres-operator/internal/controller/postgrescluster/patroni.go:575.88,578.3 2 4
github.com/crunchydata/postgres-operator/internal/controller/postgrescluster/patroni.go:580.2,580.56 1 5
github.com/crunchydata/postgres-operator/internal/controller/postgrescluster/patroni.go:580.56,582.88 1 1
github.com/crunchydata/postgres-operator/internal/controller/postgrescluster/patroni.go:582.88,585.4 2 1
github.com/crunchydata/postgres-operator/internal/controller/postgrescluster/patroni.go:589.2,590.27 2 5
github.com/crunchydata/postgres-operator/internal/controller/postgrescluster/patroni.go:590.27,592.3 1 2
github.com/crunchydata/postgres-operator/internal/controller/postgrescluster/patroni.go:594.2,595.57 2 5
github.com/crunchydata/postgres-operator/internal/controller/postgrescluster/patroni.go:595.57,597.3 1 1
github.com/crunchydata/postgres-operator/internal/controller/postgrescluster/patroni.go:601.2,601.16 1 5
github.com/crunchydata/postgres-operator/internal/controller/postgrescluster/patroni.go:601.16,604.3 2 3
github.com/crunchydata/postgres-operator/internal/controller/postgrescluster/patroni.go:606.2,606.12 1 5
github.com/crunchydata/postgres-operator/internal/controller/postgrescluster/pgadmin.go:32.9,44.16 4 0
github.com/crunchydata/postgres-operator/internal/controller/postgrescluster/pgadmin.go:44.16,46.3 1 0
github.com/crunchydata/postgres-operator/internal/controller/postgrescluster/pgadmin.go:47.2,47.16 1 0
github.com/crunchydata/postgres-operator/internal/controller/postgrescluster/pgadmin.go:47.16,49.3 1 0
github.com/crunchydata/postgres-operator/internal/controller/postgrescluster/pgadmin.go:50.2,50.16 1 0
github.com/crunchydata/postgres-operator/internal/controller/postgrescluster/pgadmin.go:50.16,52.3 1 0
github.com/crunchydata/postgres-operator/internal/controller/postgrescluster/pgadmin.go:53.2,53.12 1 0
github.com/crunchydata/postgres-operator/internal/controller/postgrescluster/pgadmin.go:59.3,63.84 3 4
github.com/crunchydata/postgres-operator/internal/controller/postgrescluster/pgadmin.go:63.84,65.3 1 2
github.com/crunchydata/postgres-operator/internal/controller/postgrescluster/pgadmin.go:67.2,79.16 4 2
github.com/crunchydata/postgres-operator/internal/controller/postgrescluster/pgadmin.go:79.16,81.3 1 2
github.com/crunchydata/postgres-operator/internal/controller/postgrescluster/pgadmin.go:83.2,83.29 1 2
github.com/crunchydata/postgres-operator/internal/controller/postgrescluster/pgadmin.go:92.30,95.30 2 0
github.com/crunchydata/postgres-operator/internal/controller/postgrescluster/pgadmin.go:95.30,100.17 3 0
github.com/crunchydata/postgres-operator/internal/controller/postgrescluster/pgadmin.go:100.17,102.4 1 0
github.com/crunchydata/postgres-operator/internal/controller/postgrescluster/pgadmin.go:103.3,103.41 1 0
github.com/crunchydata/postgres-operator/internal/controller/postgrescluster/pgadmin.go:106.2,106.16 1 0
github.com/crunchydata/postgres-operator/internal/controller/postgrescluster/pgadmin.go:106.16,108.3 1 0
github.com/crunchydata/postgres-operator/internal/controller/postgrescluster/pgadmin.go:109.2,109.23 1 0
github.com/crunchydata/postgres-operator/internal/controller/postgrescluster/pgadmin.go:116.3,120.84 3 11
github.com/crunchydata/postgres-operator/internal/controller/postgrescluster/pgadmin.go:120.84,122.3 1 2
github.com/crunchydata/postgres-operator/internal/controller/postgrescluster/pgadmin.go:124.2,131.69 3 9
github.com/crunchydata/postgres-operator/internal/controller/postgrescluster/pgadmin.go:131.69,136.3 2 7
github.com/crunchydata/postgres-operator/internal/controller/postgrescluster/pgadmin.go:139.2,166.69 4 9
github.com/crunchydata/postgres-operator/internal/controller/postgrescluster/pgadmin.go:166.69,168.3 1 2
github.com/crunchydata/postgres-operator/internal/controller/postgrescluster/pgadmin.go:168.8,170.27 2 7
github.com/crunchydata/postgres-operator/internal/controller/postgrescluster/pgadmin.go:170.27,171.56 1 3
github.com/crunchydata/postgres-operator/internal/controller/postgrescluster/pgadmin.go:171.56,181.5 2 1
github.com/crunchydata/postgres-operator/internal/controller/postgrescluster/pgadmin.go:182.4,182.41 1 2
github.com/crunchydata/postgres-operator/internal/controller/postgrescluster/pgadmin.go:184.3,188.33 3 6
github.com/crunchydata/postgres-operator/internal/controller/postgrescluster/pgadmin.go:188.33,190.4 1 0
github.com/crunchydata/postgres-operator/internal/controller/postgrescluster/pgadmin.go:191.3,191.31 1 6
github.com/crunchydata/postgres-operator/internal/controller/postgrescluster/pgadmin.go:191.31,193.4 1 0
github.com/crunchydata/postgres-operator/internal/controller/postgrescluster/pgadmin.go:195.2,199.27 3 8
github.com/crunchydata/postgres-operator/internal/controller/postgrescluster/pgadmin.go:208.28,211.30 2 0
github.com/crunchydata/postgres-operator/internal/controller/postgrescluster/pgadmin.go:211.30,216.17 3 0
github.com/crunchydata/postgres-operator/internal/controller/postgrescluster/pgadmin.go:216.17,218.4 1 0
github.com/crunchydata/postgres-operator/internal/controller/postgrescluster/pgadmin.go:219.3,219.41 1 0
github.com/crunchydata/postgres-operator/internal/controller/postgrescluster/pgadmin.go:222.2,222.16 1 0
github.com/crunchydata/postgres-operator/internal/controller/postgrescluster/pgadmin.go:222.16,224.3 1 0
github.com/crunchydata/postgres-operator/internal/controller/postgrescluster/pgadmin.go:225.2,225.21 1 0
github.com/crunchydata/postgres-operator/internal/controller/postgrescluster/pgadmin.go:235.9,239.84 3 0
github.com/crunchydata/postgres-operator/internal/controller/postgrescluster/pgadmin.go:239.84,244.17 3 0
github.com/crunchydata/postgres-operator/internal/controller/postgrescluster/pgadmin.go:244.17,246.4 1 0
github.com/crunchydata/postgres-operator/internal/controller/postgrescluster/pgadmin.go:247.3,247.36 1 0
github.com/crunchydata/postgres-operator/internal/controller/postgrescluster/pgadmin.go:250.2,284.60 6 0
github.com/crunchydata/postgres-operator/internal/controller/postgrescluster/pgadmin.go:284.60,286.3 1 0
github.com/crunchydata/postgres-operator/internal/controller/postgrescluster/pgadmin.go:286.8,288.3 1 0
github.com/crunchydata/postgres-operator/internal/controller/postgrescluster/pgadmin.go:291.2,336.103 15 0
github.com/crunchydata/postgres-operator/internal/controller/postgrescluster/pgadmin.go:336.103,337.33 1 0
github.com/crunchydata/postgres-operator/internal/controller/postgrescluster/pgadmin.go:337.33,339.4 1 0
github.com/crunchydata/postgres-operator/internal/controller/postgrescluster/pgadmin.go:340.8,341.72 1 0
github.com/crunchydata/postgres-operator/internal/controller/postgrescluster/pgadmin.go:341.72,350.4 5 0
github.com/crunchydata/postgres-operator/internal/controller/postgrescluster/pgadmin.go:353.2,353.81 1 0
github.com/crunchydata/postgres-operator/internal/controller/postgrescluster/pgadmin.go:353.81,355.3 1 0
github.com/crunchydata/postgres-operator/internal/controller/postgrescluster/pgadmin.go:357.2,370.44 4 0
github.com/crunchydata/postgres-operator/internal/controller/postgrescluster/pgadmin.go:379.42,390.84 4 0
github.com/crunchydata/postgres-operator/internal/controller/postgrescluster/pgadmin.go:390.84,395.17 3 0
github.com/crunchydata/postgres-operator/internal/controller/postgrescluster/pgadmin.go:395.17,397.4 1 0
github.com/crunchydata/postgres-operator/internal/controller/postgrescluster/pgadmin.go:398.3,398.41 1 0
github.com/crunchydata/postgres-operator/internal/controller/postgrescluster/pgadmin.go:401.2,412.16 5 0
github.com/crunchydata/postgres-operator/internal/controller/postgrescluster/pgadmin.go:412.16,415.3 1 0
github.com/crunchydata/postgres-operator/internal/controller/postgrescluster/pgadmin.go:417.2,417.17 1 0
github.com/crunchydata/postgres-operator/internal/controller/postgrescluster/pgadmin.go:426.9,430.84 3 13
github.com/crunchydata/postgres-operator/internal/controller/postgrescluster/pgadmin.go:430.84,435.3 2 2
github.com/crunchydata/postgres-operator/internal/controller/postgrescluster/pgadmin.go:439.2,443.16 4 11
github.com/crunchydata/postgres-operator/internal/controller/postgrescluster/pgadmin.go:443.16,445.3 1 1
github.com/crunchydata/postgres-operator/internal/controller/postgrescluster/pgadmin.go:447.2,448.54 2 10
github.com/crunchydata/postgres-operator/internal/controller/postgrescluster/pgadmin.go:448.54,449.31 1 9
github.com/crunchydata/postgres-operator/internal/controller/postgrescluster/pgadmin.go:449.31,451.4 1 9
github.com/crunchydata/postgres-operator/internal/controller/postgrescluster/pgadmin.go:453.2,453.74 1 10
github.com/crunchydata/postgres-operator/internal/controller/postgrescluster/pgadmin.go:453.74,458.11 2 8
github.com/crunchydata/postgres-operator/internal/controller/postgrescluster/pgadmin.go:458.11,460.4 1 4
github.com/crunchydata/postgres-operator/internal/controller/postgrescluster/pgadmin.go:462.2,462.24 1 10
github.com/crunchydata/postgres-operator/internal/controller/postgrescluster/pgadmin.go:462.24,464.3 1 2
github.com/crunchydata/postgres-operator/internal/controller/postgrescluster/pgadmin.go:468.2,469.36 2 8
github.com/crunchydata/postgres-operator/internal/controller/postgrescluster/pgadmin.go:469.36,471.3 1 4
github.com/crunchydata/postgres-operator/internal/controller/postgrescluster/pgadmin.go:473.2,473.66 1 8
github.com/crunchydata/postgres-operator/internal/controller/postgrescluster/pgadmin.go:473.66,475.3 1 12
github.com/crunchydata/postgres-operator/internal/controller/postgrescluster/pgadmin.go:477.2,477.59 1 8
github.com/crunchydata/postgres-operator/internal/controller/postgrescluster/pgadmin.go:477.59,481.11 1 8
github.com/crunchydata/postgres-operator/internal/controller/postgrescluster/pgadmin.go:481.11,483.34 2 8
github.com/crunchydata/postgres-operator/internal/controller/postgrescluster/pgadmin.go:483.34,485.5 1 8
github.com/crunchydata/postgres-operator/internal/controller/postgrescluster/pgadmin.go:486.4,486.14 1 8
github.com/crunchydata/postgres-operator/internal/controller/postgrescluster/pgadmin.go:490.2,492.66 1 8
github.com/crunchydata/postgres-operator/internal/controller/postgrescluster/pgadmin.go:492.66,498.3 1 4
github.com/crunchydata/postgres-operator/internal/controller/postgrescluster/pgadmin.go:503.2,503.16 1 4
github.com/crunchydata/postgres-operator/internal/controller/postgrescluster/pgadmin.go:503.16,506.3 2 4
github.com/crunchydata/postgres-operator/internal/controller/postgrescluster/pgadmin.go:507.2,507.16 1 4
github.com/crunchydata/postgres-operator/internal/controller/postgrescluster/pgadmin.go:507.16,508.42 1 4
github.com/crunchydata/postgres-operator/internal/controller/postgrescluster/pgadmin.go:508.42,510.4 1 1
github.com/crunchydata/postgres-operator/internal/controller/postgrescluster/pgadmin.go:511.3,511.64 1 4
github.com/crunchydata/postgres-operator/internal/controller/postgrescluster/pgadmin.go:514.2,514.12 1 4
github.com/crunchydata/postgres-operator/internal/controller/postgrescluster/pgbackrest.go:130.84,133.16 2 0
github.com/crunchydata/postgres-operator/internal/controller/postgrescluster/pgbackrest.go:133.16,135.3 1 0
github.com/crunchydata/postgres-operator/internal/controller/postgrescluster/pgbackrest.go:142.2,143.104 2 0
github.com/crunchydata/postgres-operator/internal/controller/postgrescluster/pgbackrest.go:143.104,144.33 1 0
github.com/crunchydata/postgres-operator/internal/controller/postgrescluster/pgbackrest.go:144.33,146.4 1 0
github.com/crunchydata/postgres-operator/internal/controller/postgrescluster/pgbackrest.go:147.8,148.73 1 0
github.com/crunchydata/postgres-operator/internal/controller/postgrescluster/pgbackrest.go:148.73,157.4 5 0
github.com/crunchydata/postgres-operator/internal/controller/postgrescluster/pgbackrest.go:160.2,160.43 1 0
github.com/crunchydata/postgres-operator/internal/controller/postgrescluster/pgbackrest.go:160.43,162.3 1 0
github.com/crunchydata/postgres-operator/internal/controller/postgrescluster/pgbackrest.go:164.2,164.18 1 0
github.com/crunchydata/postgres-operator/internal/controller/postgrescluster/pgbackrest.go:175.88,178.16 2 0
github.com/crunchydata/postgres-operator/internal/controller/postgrescluster/pgbackrest.go:178.16,180.3 1 0
github.com/crunchydata/postgres-operator/internal/controller/postgrescluster/pgbackrest.go:182.2,182.43 1 0
github.com/crunchydata/postgres-operator/internal/controller/postgrescluster/pgbackrest.go:182.43,185.3 1 0
github.com/crunchydata/postgres-operator/internal/controller/postgrescluster/pgbackrest.go:187.2,187.18 1 0
github.com/crunchydata/postgres-operator/internal/controller/postgrescluster/pgbackrest.go:208.27,251.27 4 0
github.com/crunchydata/postgres-operator/internal/controller/postgrescluster/pgbackrest.go:251.27,256.67 3 0
github.com/crunchydata/postgres-operator/internal/controller/postgrescluster/pgbackrest.go:256.67,258.4 1 0
github.com/crunchydata/postgres-operator/internal/controller/postgrescluster/pgbackrest.go:259.3,259.28 1 0
github.com/crunchydata/postgres-operator/internal/controller/postgrescluster/pgbackrest.go:259.28,260.12 1 0
github.com/crunchydata/postgres-operator/internal/controller/postgrescluster/pgbackrest.go:263.3,264.17 2 0
github.com/crunchydata/postgres-operator/internal/controller/postgrescluster/pgbackrest.go:264.17,266.4 1 0
github.com/crunchydata/postgres-operator/internal/controller/postgrescluster/pgbackrest.go:267.3,269.23 2 0
github.com/crunchydata/postgres-operator/internal/controller/postgrescluster/pgbackrest.go:269.23,271.4 1 0
github.com/crunchydata/postgres-operator/internal/controller/postgrescluster/pgbackrest.go:275.3,275.28 1 0
github.com/crunchydata/postgres-operator/internal/controller/postgrescluster/pgbackrest.go:275.28,277.4 1 0
github.com/crunchydata/postgres-operator/internal/controller/postgrescluster/pgbackrest.go:281.2,281.27 1 0
github.com/crunchydata/postgres-operator/internal/controller/postgrescluster/pgbackrest.go:299.40,303.39 2 0
github.com/crunchydata/postgres-operator/internal/controller/postgrescluster/pgbackrest.go:303.39,307.39 2 0
github.com/crunchydata/postgres-operator/internal/controller/postgrescluster/pgbackrest.go:307.39,307.87 2 0
github.com/crunchydata/postgres-operator/internal/controller/postgrescluster/pgbackrest.go:312.3,312.10 1 0
github.com/crunchydata/postgres-operator/internal/controller/postgrescluster/pgbackrest.go:313.47,314.25 1 0
github.com/crunchydata/postgres-operator/internal/controller/postgrescluster/pgbackrest.go:314.25,315.10 1 0
github.com/crunchydata/postgres-operator/internal/controller/postgrescluster/pgbackrest.go:319.4,320.18 2 0
github.com/crunchydata/postgres-operator/internal/controller/postgrescluster/pgbackrest.go:321.50,322.25 1 0
github.com/crunchydata/postgres-operator/internal/controller/postgrescluster/pgbackrest.go:322.25,323.10 1 0
github.com/crunchydata/postgres-operator/internal/controller/postgrescluster/pgbackrest.go:327.4,327.57 1 0
github.com/crunchydata/postgres-operator/internal/controller/postgrescluster/pgbackrest.go:327.57,330.5 2 0
github.com/crunchydata/postgres-operator/internal/controller/postgrescluster/pgbackrest.go:331.51,332.25 1 0
github.com/crunchydata/postgres-operator/internal/controller/postgrescluster/pgbackrest.go:332.25,333.10 1 0
github.com/crunchydata/postgres-operator/internal/controller/postgrescluster/pgbackrest.go:337.4,337.71 1 0
github.com/crunchydata/postgres-operator/internal/controller/postgrescluster/pgbackrest.go:337.71,341.67 1 0
github.com/crunchydata/postgres-operator/internal/controller/postgrescluster/pgbackrest.go:341.67,344.6 2 0
github.com/crunchydata/postgres-operator/internal/controller/postgrescluster/pgbackrest.go:346.48,347.25 1 0
github.com/crunchydata/postgres-operator/internal/controller/postgrescluster/pgbackrest.go:347.25,348.10 1 0
github.com/crunchydata/postgres-operator/internal/controller/postgrescluster/pgbackrest.go:350.4,350.71 1 0
github.com/crunchydata/postgres-operator/internal/controller/postgrescluster/pgbackrest.go:350.71,351.67 1 0
github.com/crunchydata/postgres-operator/internal/controller/postgrescluster/pgbackrest.go:351.67,353.57 1 0
github.com/crunchydata/postgres-operator/internal/controller/postgrescluster/pgbackrest.go:353.57,356.7 2 0
github.com/crunchydata/postgres-operator/internal/controller/postgrescluster/pgbackrest.go:357.6,357.11 1 0
github.com/crunchydata/postgres-operator/internal/controller/postgrescluster/pgbackrest.go:360.47,361.25 1 0
github.com/crunchydata/postgres-operator/internal/controller/postgrescluster/pgbackrest.go:361.25,362.10 1 0
github.com/crunchydata/postgres-operator/internal/controller/postgrescluster/pgbackrest.go:366.4,366.71 1 0
github.com/crunchydata/postgres-operator/internal/controller/postgrescluster/pgbackrest.go:366.71,367.67 1 0
github.com/crunchydata/postgres-operator/internal/controller/postgrescluster/pgbackrest.go:367.67,370.6 2 0
github.com/crunchydata/postgres-operator/internal/controller/postgrescluster/pgbackrest.go:372.48,373.25 1 0
github.com/crunchydata/postgres-operator/internal/controller/postgrescluster/pgbackrest.go:373.25,374.10 1 0
github.com/crunchydata/postgres-operator/internal/controller/postgrescluster/pgbackrest.go:380.4,380.81 1 0
github.com/crunchydata/postgres-operator/internal/controller/postgrescluster/pgbackrest.go:380.81,383.5 2 0
github.com/crunchydata/postgres-operator/internal/controller/postgrescluster/pgbackrest.go:390.4,390.53 1 0
github.com/crunchydata/postgres-operator/internal/controller/postgrescluster/pgbackrest.go:390.53,393.5 2 0
github.com/crunchydata/postgres-operator/internal/controller/postgrescluster/pgbackrest.go:394.41,395.25 1 0
github.com/crunchydata/postgres-operator/internal/controller/postgrescluster/pgbackrest.go:395.25,396.10 1 0
github.com/crunchydata/postgres-operator/internal/controller/postgrescluster/pgbackrest.go:398.4,399.18 2 0
github.com/crunchydata/postgres-operator/internal/controller/postgrescluster/pgbackrest.go:403.3,403.13 1 0
github.com/crunchydata/postgres-operator/internal/controller/postgrescluster/pgbackrest.go:403.13,405.79 1 0
github.com/crunchydata/postgres-operator/internal/controller/postgrescluster/pgbackrest.go:405.79,407.5 1 0
github.com/crunchydata/postgres-operator/internal/controller/postgrescluster/pgbackrest.go:412.2,412.27 1 0
github.com/crunchydata/postgres-operator/internal/controller/postgrescluster/pgbackrest.go:417.79,418.33 1 16
github.com/crunchydata/postgres-operator/internal/controller/postgrescluster/pgbackrest.go:418.33,419.21 1 13
github.com/crunchydata/postgres-operator/internal/controller/postgrescluster/pgbackrest.go:420.13,421.43 1 4
github.com/crunchydata/postgres-operator/internal/controller/postgrescluster/pgbackrest.go:422.21,423.51 1 4
github.com/crunchydata/postgres-operator/internal/controller/postgrescluster/pgbackrest.go:424.20,425.50 1 4
github.com/crunchydata/postgres-operator/internal/controller/postgrescluster/pgbackrest.go:426.11,427.16 1 1
github.com/crunchydata/postgres-operator/internal/controller/postgrescluster/pgbackrest.go:430.2,430.14 1 3
github.com/crunchydata/postgres-operator/internal/controller/postgrescluster/pgbackrest.go:436.46,438.14 1 0
github.com/crunchydata/postgres-operator/internal/controller/postgrescluster/pgbackrest.go:439.25,441.17 2 0
github.com/crunchydata/postgres-operator/internal/controller/postgrescluster/pgbackrest.go:441.17,443.4 1 0
github.com/crunchydata/postgres-operator/internal/controller/postgrescluster/pgbackrest.go:444.3,444.32 1 0
github.com/crunchydata/postgres-operator/internal/controller/postgrescluster/pgbackrest.go:444.32,446.4 1 0
github.com/crunchydata/postgres-operator/internal/controller/postgrescluster/pgbackrest.go:447.21,449.17 2 0
github.com/crunchydata/postgres-operator/internal/controller/postgrescluster/pgbackrest.go:449.17,451.4 1 0
github.com/crunchydata/postgres-operator/internal/controller/postgrescluster/pgbackrest.go:452.3,452.33 1 0
github.com/crunchydata/postgres-operator/internal/controller/postgrescluster/pgbackrest.go:452.33,454.4 1 0
github.com/crunchydata/postgres-operator/internal/controller/postgrescluster/pgbackrest.go:455.17,457.17 2 0
github.com/crunchydata/postgres-operator/internal/controller/postgrescluster/pgbackrest.go:457.17,459.4 1 0
github.com/crunchydata/postgres-operator/internal/controller/postgrescluster/pgbackrest.go:461.3,461.37 1 0
github.com/crunchydata/postgres-operator/internal/controller/postgrescluster/pgbackrest.go:461.37,462.57 1 0
github.com/crunchydata/postgres-operator/internal/controller/postgrescluster/pgbackrest.go:463.44,465.70 1 0
github.com/crunchydata/postgres-operator/internal/controller/postgrescluster/pgbackrest.go:466.37,468.63 1 0
github.com/crunchydata/postgres-operator/internal/controller/postgrescluster/pgbackrest.go:471.23,471.23 0 0
github.com/crunchydata/postgres-operator/internal/controller/postgrescluster/pgbackrest.go:474.35,476.17 2 0
github.com/crunchydata/postgres-operator/internal/controller/postgrescluster/pgbackrest.go:476.17,478.4 1 0
github.com/crunchydata/postgres-operator/internal/controller/postgrescluster/pgbackrest.go:479.3,479.32 1 0
github.com/crunchydata/postgres-operator/internal/controller/postgrescluster/pgbackrest.go:479.32,481.4 1 0
github.com/crunchydata/postgres-operator/internal/controller/postgrescluster/pgbackrest.go:482.20,482.20 0 0
github.com/crunchydata/postgres-operator/internal/controller/postgrescluster/pgbackrest.go:487.28,489.17 2 0
github.com/crunchydata/postgres-operator/internal/controller/postgrescluster/pgbackrest.go:489.17,491.4 1 0
github.com/crunchydata/postgres-operator/internal/controller/postgrescluster/pgbackrest.go:492.3,492.31 1 0
github.com/crunchydata/postgres-operator/internal/controller/postgrescluster/pgbackrest.go:492.31,494.4 1 0
github.com/crunchydata/postgres-operator/internal/controller/postgrescluster/pgbackrest.go:495.18,497.17 2 0
github.com/crunchydata/postgres-operator/internal/controller/postgrescluster/pgbackrest.go:497.17,499.4 1 0
github.com/crunchydata/postgres-operator/internal/controller/postgrescluster/pgbackrest.go:500.3,500.33 1 0
github.com/crunchydata/postgres-operator/internal/controller/postgrescluster/pgbackrest.go:500.33,502.4 1 0
github.com/crunchydata/postgres-operator/internal/controller/postgrescluster/pgbackrest.go:503.25,505.17 2 0
github.com/crunchydata/postgres-operator/internal/controller/postgrescluster/pgbackrest.go:505.17,507.4 1 0
github.com/crunchydata/postgres-operator/internal/controller/postgrescluster/pgbackrest.go:508.3,508.27 1 0
github.com/crunchydata/postgres-operator/internal/controller/postgrescluster/pgbackrest.go:508.27,510.4 1 0
github.com/crunchydata/postgres-operator/internal/controller/postgrescluster/pgbackrest.go:511.10,512.48 1 0
github.com/crunchydata/postgres-operator/internal/controller/postgrescluster/pgbackrest.go:515.2,515.12 1 0
github.com/crunchydata/postgres-operator/internal/controller/postgrescluster/pgbackrest.go:522.37,527.16 4 0
github.com/crunchydata/postgres-operator/internal/controller/postgrescluster/pgbackrest.go:527.16,534.3 2 0
github.com/crunchydata/postgres-operator/internal/controller/postgrescluster/pgbackrest.go:538.2,539.36 2 0
github.com/crunchydata/postgres-operator/internal/controller/postgrescluster/pgbackrest.go:539.36,542.59 1 0
github.com/crunchydata/postgres-operator/internal/controller/postgrescluster/pgbackrest.go:542.59,545.36 2 0
github.com/crunchydata/postgres-operator/internal/controller/postgrescluster/pgbackrest.go:545.36,547.5 1 0
github.com/crunchydata/postgres-operator/internal/controller/postgrescluster/pgbackrest.go:548.4,556.50 8 0
github.com/crunchydata/postgres-operator/internal/controller/postgrescluster/pgbackrest.go:561.2,561.46 1 0
github.com/crunchydata/postgres-operator/internal/controller/postgrescluster/pgbackrest.go:561.46,563.3 1 0
github.com/crunchydata/postgres-operator/internal/controller/postgrescluster/pgbackrest.go:564.2,564.70 1 0
github.com/crunchydata/postgres-operator/internal/controller/postgrescluster/pgbackrest.go:572.32,615.21 5 5
github.com/crunchydata/postgres-operator/internal/controller/postgrescluster/pgbackrest.go:615.21,620.3 4 1
github.com/crunchydata/postgres-operator/internal/controller/postgrescluster/pgbackrest.go:624.2,624.79 1 5
github.com/crunchydata/postgres-operator/internal/controller/postgrescluster/pgbackrest.go:624.79,630.3 1 5
github.com/crunchydata/postgres-operator/internal/controller/postgrescluster/pgbackrest.go:636.2,640.56 3 5
github.com/crunchydata/postgres-operator/internal/controller/postgrescluster/pgbackrest.go:640.56,641.29 1 3
github.com/crunchydata/postgres-operator/internal/controller/postgrescluster/pgbackrest.go:641.29,643.9 2 1
github.com/crunchydata/postgres-operator/internal/controller/postgrescluster/pgbackrest.go:648.2,649.22 1 5
github.com/crunchydata/postgres-operator/internal/controller/postgrescluster/pgbackrest.go:649.22,651.3 1 1
github.com/crunchydata/postgres-operator/internal/controller/postgrescluster/pgbackrest.go:651.8,654.3 1 4
github.com/crunchydata/postgres-operator/internal/controller/postgrescluster/pgbackrest.go:661.2,697.62 12 5
github.com/crunchydata/postgres-operator/internal/controller/postgrescluster/pgbackrest.go:697.62,704.3 2 0
github.com/crunchydata/postgres-operator/internal/controller/postgrescluster/pgbackrest.go:707.2,709.35 1 5
github.com/crunchydata/postgres-operator/internal/controller/postgrescluster/pgbackrest.go:709.35,711.3 1 0
github.com/crunchydata/postgres-operator/internal/controller/postgrescluster/pgbackrest.go:714.2,726.88 4 5
github.com/crunchydata/postgres-operator/internal/controller/postgrescluster/pgbackrest.go:726.88,729.33 2 1
github.com/crunchydata/postgres-operator/internal/controller/postgrescluster/pgbackrest.go:729.33,732.4 1 0
github.com/crunchydata/postgres-operator/internal/controller/postgrescluster/pgbackrest.go:736.2,736.72 1 5
github.com/crunchydata/postgres-operator/internal/controller/postgrescluster/pgbackrest.go:736.72,738.3 1 0
github.com/crunchydata/postgres-operator/internal/controller/postgrescluster/pgbackrest.go:740.2,740.18 1 5
github.com/crunchydata/postgres-operator/internal/controller/postgrescluster/pgbackrest.go:745.71,761.34 5 0
github.com/crunchydata/postgres-operator/internal/controller/postgrescluster/pgbackrest.go:761.34,766.3 1 0
github.com/crunchydata/postgres-operator/internal/controller/postgrescluster/pgbackrest.go:768.2,781.75 4 0
github.com/crunchydata/postgres-operator/internal/controller/postgrescluster/pgbackrest.go:781.75,783.3 1 0
github.com/crunchydata/postgres-operator/internal/controller/postgrescluster/pgbackrest.go:785.2,785.21 1 0
github.com/crunchydata/postgres-operator/internal/controller/postgrescluster/pgbackrest.go:791.74,799.100 3 0
github.com/crunchydata/postgres-operator/internal/controller/postgrescluster/pgbackrest.go:799.100,801.3 1 0
github.com/crunchydata/postgres-operator/internal/controller/postgrescluster/pgbackrest.go:803.2,816.24 3 0
github.com/crunchydata/postgres-operator/internal/controller/postgrescluster/pgbackrest.go:816.24,826.3 2 0
github.com/crunchydata/postgres-operator/internal/controller/postgrescluster/pgbackrest.go:826.8,829.25 3 0
github.com/crunchydata/postgres-operator/internal/controller/postgrescluster/pgbackrest.go:829.25,831.4 1 0
github.com/crunchydata/postgres-operator/internal/controller/postgrescluster/pgbackrest.go:833.3,834.60 2 0
github.com/crunchydata/postgres-operator/internal/controller/postgrescluster/pgbackrest.go:837.2,838.17 2 0
github.com/crunchydata/postgres-operator/internal/controller/postgrescluster/pgbackrest.go:838.17,840.3 1 0
github.com/crunchydata/postgres-operator/internal/controller/postgrescluster/pgbackrest.go:842.2,842.24 1 0
github.com/crunchydata/postgres-operator/internal/controller/postgrescluster/pgbackrest.go:842.24,844.3 1 0
github.com/crunchydata/postgres-operator/internal/controller/postgrescluster/pgbackrest.go:844.8,848.3 1 0
github.com/crunchydata/postgres-operator/internal/controller/postgrescluster/pgbackrest.go:850.2,873.17 2 0
github.com/crunchydata/postgres-operator/internal/controller/postgrescluster/pgbackrest.go:873.17,879.3 4 0
github.com/crunchydata/postgres-operator/internal/controller/postgrescluster/pgbackrest.go:885.2,888.24 2 0
github.com/crunchydata/postgres-operator/internal/controller/postgrescluster/pgbackrest.go:888.24,890.3 1 0
github.com/crunchydata/postgres-operator/internal/controller/postgrescluster/pgbackrest.go:890.8,900.97 3 0
github.com/crunchydata/postgres-operator/internal/controller/postgrescluster/pgbackrest.go:900.97,902.42 2 0
github.com/crunchydata/postgres-operator/internal/controller/postgrescluster/pgbackrest.go:902.42,903.52 1 0
github.com/crunchydata/postgres-operator/internal/controller/postgrescluster/pgbackrest.go:903.52,904.34 1 0
github.com/crunchydata/postgres-operator/internal/controller/postgrescluster/pgbackrest.go:904.34,912.12 3 0
github.com/crunchydata/postgres-operator/internal/controller/postgrescluster/pgbackrest.go:916.4,916.23 1 0
github.com/crunchydata/postgres-operator/internal/controller/postgrescluster/pgbackrest.go:916.23,918.5 1 0
github.com/crunchydata/postgres-operator/internal/controller/postgrescluster/pgbackrest.go:923.2,923.76 1 0
github.com/crunchydata/postgres-operator/internal/controller/postgrescluster/pgbackrest.go:923.76,926.33 2 0
github.com/crunchydata/postgres-operator/internal/controller/postgrescluster/pgbackrest.go:926.33,929.4 1 0
github.com/crunchydata/postgres-operator/internal/controller/postgrescluster/pgbackrest.go:932.2,932.16 1 0
github.com/crunchydata/postgres-operator/internal/controller/postgrescluster/pgbackrest.go:946.78,952.26 3 0
github.com/crunchydata/postgres-operator/internal/controller/postgrescluster/pgbackrest.go:952.26,953.33 1 0
github.com/crunchydata/postgres-operator/internal/controller/postgrescluster/pgbackrest.go:953.33,955.4 1 0
github.com/crunchydata/postgres-operator/internal/controller/postgrescluster/pgbackrest.go:956.8,958.3 1 0
github.com/crunchydata/postgres-operator/internal/controller/postgrescluster/pgbackrest.go:959.2,960.23 1 0
github.com/crunchydata/postgres-operator/internal/controller/postgrescluster/pgbackrest.go:960.23,961.33 1 0
github.com/crunchydata/postgres-operator/internal/controller/postgrescluster/pgbackrest.go:961.33,963.4 1 0
github.com/crunchydata/postgres-operator/internal/controller/postgrescluster/pgbackrest.go:964.8,966.3 1 0
github.com/crunchydata/postgres-operator/internal/controller/postgrescluster/pgbackrest.go:967.2,968.28 1 0
github.com/crunchydata/postgres-operator/internal/controller/postgrescluster/pgbackrest.go:968.28,969.33 1 0
github.com/crunchydata/postgres-operator/internal/controller/postgrescluster/pgbackrest.go:969.33,971.4 1 0
github.com/crunchydata/postgres-operator/internal/controller/postgrescluster/pgbackrest.go:972.8,974.3 1 0
github.com/crunchydata/postgres-operator/internal/controller/postgrescluster/pgbackrest.go:976.2,980.17 2 0
github.com/crunchydata/postgres-operator/internal/controller/postgrescluster/pgbackrest.go:980.17,982.3 1 0
github.com/crunchydata/postgres-operator/internal/controller/postgrescluster/pgbackrest.go:983.2,984.32 2 0
github.com/crunchydata/postgres-operator/internal/controller/postgrescluster/pgbackrest.go:984.32,988.3 1 0
github.com/crunchydata/postgres-operator/internal/controller/postgrescluster/pgbackrest.go:988.8,988.40 1 0
github.com/crunchydata/postgres-operator/internal/controller/postgrescluster/pgbackrest.go:988.40,990.3 1 0
github.com/crunchydata/postgres-operator/internal/controller/postgrescluster/pgbackrest.go:992.2,992.23 1 0
github.com/crunchydata/postgres-operator/internal/controller/postgrescluster/pgbackrest.go:992.23,997.83 3 0
github.com/crunchydata/postgres-operator/internal/controller/postgrescluster/pgbackrest.go:997.83,1003.27 6 0
github.com/crunchydata/postgres-operator/internal/controller/postgrescluster/pgbackrest.go:1003.27,1005.5 1 0
github.com/crunchydata/postgres-operator/internal/controller/postgrescluster/pgbackrest.go:1010.3,1010.16 1 0
github.com/crunchydata/postgres-operator/internal/controller/postgrescluster/pgbackrest.go:1010.16,1028.19 5 0
github.com/crunchydata/postgres-operator/internal/controller/postgrescluster/pgbackrest.go:1028.19,1030.5 1 0
github.com/crunchydata/postgres-operator/internal/controller/postgrescluster/pgbackrest.go:1031.4,1031.43 1 0
github.com/crunchydata/postgres-operator/internal/controller/postgrescluster/pgbackrest.go:1031.43,1032.77 1 0
github.com/crunchydata/postgres-operator/internal/controller/postgrescluster/pgbackrest.go:1032.77,1034.6 1 0
github.com/crunchydata/postgres-operator/internal/controller/postgrescluster/pgbackrest.go:1036.4,1040.19 2 0
github.com/crunchydata/postgres-operator/internal/controller/postgrescluster/pgbackrest.go:1040.19,1042.5 1 0
github.com/crunchydata/postgres-operator/internal/controller/postgrescluster/pgbackrest.go:1043.4,1043.40 1 0
github.com/crunchydata/postgres-operator/internal/controller/postgrescluster/pgbackrest.go:1043.40,1044.74 1 0
github.com/crunchydata/postgres-operator/internal/controller/postgrescluster/pgbackrest.go:1044.74,1046.6 1 0
github.com/crunchydata/postgres-operator/internal/controller/postgrescluster/pgbackrest.go:1048.9,1048.20 1 0
github.com/crunchydata/postgres-operator/internal/controller/postgrescluster/pgbackrest.go:1048.20,1056.4 1 0
github.com/crunchydata/postgres-operator/internal/controller/postgrescluster/pgbackrest.go:1059.2,1059.42 1 0
github.com/crunchydata/postgres-operator/internal/controller/postgrescluster/pgbackrest.go:1073.88,1075.56 1 0
github.com/crunchydata/postgres-operator/internal/controller/postgrescluster/pgbackrest.go:1075.56,1084.3 1 0
github.com/crunchydata/postgres-operator/internal/controller/postgrescluster/pgbackrest.go:1086.2,1095.47 6 0
github.com/crunchydata/postgres-operator/internal/controller/postgrescluster/pgbackrest.go:1095.47,1096.22 1 0
github.com/crunchydata/postgres-operator/internal/controller/postgrescluster/pgbackrest.go:1096.22,1098.4 1 0
github.com/crunchydata/postgres-operator/internal/controller/postgrescluster/pgbackrest.go:1099.3,1099.29 1 0
github.com/crunchydata/postgres-operator/internal/controller/postgrescluster/pgbackrest.go:1099.29,1101.4 1 0
github.com/crunchydata/postgres-operator/internal/controller/postgrescluster/pgbackrest.go:1102.3,1102.54 1 0
github.com/crunchydata/postgres-operator/internal/controller/postgrescluster/pgbackrest.go:1102.54,1104.4 1 0
github.com/crunchydata/postgres-operator/internal/controller/postgrescluster/pgbackrest.go:1114.2,1114.42 1 0
github.com/crunchydata/postgres-operator/internal/controller/postgrescluster/pgbackrest.go:1114.42,1115.21 1 0
github.com/crunchydata/postgres-operator/internal/controller/postgrescluster/pgbackrest.go:1115.21,1118.4 2 0
github.com/crunchydata/postgres-operator/internal/controller/postgrescluster/pgbackrest.go:1118.9,1118.30 1 0
github.com/crunchydata/postgres-operator/internal/controller/postgrescluster/pgbackrest.go:1118.30,1122.4 2 0
github.com/crunchydata/postgres-operator/internal/controller/postgrescluster/pgbackrest.go:1122.9,1122.48 1 0
github.com/crunchydata/postgres-operator/internal/controller/postgrescluster/pgbackrest.go:1122.48,1128.4 2 0
github.com/crunchydata/postgres-operator/internal/controller/postgrescluster/pgbackrest.go:1128.9,1130.4 1 0
github.com/crunchydata/postgres-operator/internal/controller/postgrescluster/pgbackrest.go:1134.2,1134.23 1 0
github.com/crunchydata/postgres-operator/internal/controller/postgrescluster/pgbackrest.go:1134.23,1137.78 2 0
github.com/crunchydata/postgres-operator/internal/controller/postgrescluster/pgbackrest.go:1137.78,1139.4 1 0
github.com/crunchydata/postgres-operator/internal/controller/postgrescluster/pgbackrest.go:1140.3,1140.13 1 0
github.com/crunchydata/postgres-operator/internal/controller/postgrescluster/pgbackrest.go:1143.2,1143.20 1 0
github.com/crunchydata/postgres-operator/internal/controller/postgrescluster/pgbackrest.go:1143.20,1145.34 2 0
github.com/crunchydata/postgres-operator/internal/controller/postgrescluster/pgbackrest.go:1145.34,1148.41 2 0
github.com/crunchydata/postgres-operator/internal/controller/postgrescluster/pgbackrest.go:1148.41,1150.5 1 0
github.com/crunchydata/postgres-operator/internal/controller/postgrescluster/pgbackrest.go:1152.3,1152.13 1 0
github.com/crunchydata/postgres-operator/internal/controller/postgrescluster/pgbackrest.go:1156.2,1156.32 1 0
github.com/crunchydata/postgres-operator/internal/controller/postgrescluster/pgbackrest.go:1156.32,1172.3 6 0
github.com/crunchydata/postgres-operator/internal/controller/postgrescluster/pgbackrest.go:1174.2,1176.34 2 0
github.com/crunchydata/postgres-operator/internal/controller/postgrescluster/pgbackrest.go:1176.34,1177.91 1 0
github.com/crunchydata/postgres-operator/internal/controller/postgrescluster/pgbackrest.go:1177.91,1179.4 1 0
github.com/crunchydata/postgres-operator/internal/controller/postgrescluster/pgbackrest.go:1182.2,1182.12 1 0
github.com/crunchydata/postgres-operator/internal/controller/postgrescluster/pgbackrest.go:1195.9,1200.43 4 0
github.com/crunchydata/postgres-operator/internal/controller/postgrescluster/pgbackrest.go:1200.43,1201.60 1 0
github.com/crunchydata/postgres-operator/internal/controller/postgrescluster/pgbackrest.go:1201.60,1203.4 1 0
github.com/crunchydata/postgres-operator/internal/controller/postgrescluster/pgbackrest.go:1208.2,1210.10 2 0
github.com/crunchydata/postgres-operator/internal/controller/postgrescluster/pgbackrest.go:1211.26,1212.84 1 0
github.com/crunchydata/postgres-operator/internal/controller/postgrescluster/pgbackrest.go:1213.28,1214.93 1 0
github.com/crunchydata/postgres-operator/internal/controller/postgrescluster/pgbackrest.go:1215.30,1216.95 1 0
github.com/crunchydata/postgres-operator/internal/controller/postgrescluster/pgbackrest.go:1217.35,1218.100 1 0
github.com/crunchydata/postgres-operator/internal/controller/postgrescluster/pgbackrest.go:1219.30,1220.95 1 0
github.com/crunchydata/postgres-operator/internal/controller/postgrescluster/pgbackrest.go:1222.3,1222.16 1 0
github.com/crunchydata/postgres-operator/internal/controller/postgrescluster/pgbackrest.go:1222.16,1225.4 2 0
github.com/crunchydata/postgres-operator/internal/controller/postgrescluster/pgbackrest.go:1228.2,1236.25 3 0
github.com/crunchydata/postgres-operator/internal/controller/postgrescluster/pgbackrest.go:1236.25,1238.3 1 0
github.com/crunchydata/postgres-operator/internal/controller/postgrescluster/pgbackrest.go:1252.2,1252.25 1 0
github.com/crunchydata/postgres-operator/internal/controller/postgrescluster/pgbackrest.go:1252.25,1254.3 1 0
github.com/crunchydata/postgres-operator/internal/controller/postgrescluster/pgbackrest.go:1256.2,1256.57 1 0
github.com/crunchydata/postgres-operator/internal/controller/postgrescluster/pgbackrest.go:1256.57,1257.43 1 0
github.com/crunchydata/postgres-operator/internal/controller/postgrescluster/pgbackrest.go:1257.43,1260.4 1 0
github.com/crunchydata/postgres-operator/internal/controller/postgrescluster/pgbackrest.go:1263.2,1265.85 3 0
github.com/crunchydata/postgres-operator/internal/controller/postgrescluster/pgbackrest.go:1265.85,1267.3 1 0
github.com/crunchydata/postgres-operator/internal/controller/postgrescluster/pgbackrest.go:1271.2,1286.24 6 0
github.com/crunchydata/postgres-operator/internal/controller/postgrescluster/pgbackrest.go:1286.24,1298.3 4 0
github.com/crunchydata/postgres-operator/internal/controller/postgrescluster/pgbackrest.go:1300.2,1300.57 1 0
github.com/crunchydata/postgres-operator/internal/controller/postgrescluster/pgbackrest.go:1300.57,1313.3 4 0
github.com/crunchydata/postgres-operator/internal/controller/postgrescluster/pgbackrest.go:1315.2,1317.62 2 0
github.com/crunchydata/postgres-operator/internal/controller/postgrescluster/pgbackrest.go:1317.62,1319.3 1 0
github.com/crunchydata/postgres-operator/internal/controller/postgrescluster/pgbackrest.go:1322.2,1333.51 4 0
github.com/crunchydata/postgres-operator/internal/controller/postgrescluster/pgbackrest.go:1339.73,1407.73 14 3
github.com/crunchydata/postgres-operator/internal/controller/postgrescluster/pgbackrest.go:1407.73,1410.33 2 2
github.com/crunchydata/postgres-operator/internal/controller/postgrescluster/pgbackrest.go:1410.33,1413.4 1 0
github.com/crunchydata/postgres-operator/internal/controller/postgrescluster/pgbackrest.go:1416.2,1417.81 2 3
github.com/crunchydata/postgres-operator/internal/controller/postgrescluster/pgbackrest.go:1417.81,1419.3 1 0
github.com/crunchydata/postgres-operator/internal/controller/postgrescluster/pgbackrest.go:1421.2,1421.12 1 3
github.com/crunchydata/postgres-operator/internal/controller/postgrescluster/pgbackrest.go:1434.29,1441.46 2 0
github.com/crunchydata/postgres-operator/internal/controller/postgrescluster/pgbackrest.go:1441.46,1443.3 1 0
github.com/crunchydata/postgres-operator/internal/controller/postgrescluster/pgbackrest.go:1446.2,1452.16 3 0
github.com/crunchydata/postgres-operator/internal/controller/postgrescluster/pgbackrest.go:1452.16,1455.3 1 0
github.com/crunchydata/postgres-operator/internal/controller/postgrescluster/pgbackrest.go:1459.2,1459.23 1 0
github.com/crunchydata/postgres-operator/internal/controller/postgrescluster/pgbackrest.go:1459.23,1462.3 2 0
github.com/crunchydata/postgres-operator/internal/controller/postgrescluster/pgbackrest.go:1465.2,1466.16 2 0
github.com/crunchydata/postgres-operator/internal/controller/postgrescluster/pgbackrest.go:1466.16,1470.3 3 0
github.com/crunchydata/postgres-operator/internal/controller/postgrescluster/pgbackrest.go:1472.2,1474.55 3 0
github.com/crunchydata/postgres-operator/internal/controller/postgrescluster/pgbackrest.go:1474.55,1477.17 2 0
github.com/crunchydata/postgres-operator/internal/controller/postgrescluster/pgbackrest.go:1477.17,1481.4 3 0
github.com/crunchydata/postgres-operator/internal/controller/postgrescluster/pgbackrest.go:1482.3,1482.36 1 0
github.com/crunchydata/postgres-operator/internal/controller/postgrescluster/pgbackrest.go:1483.8,1486.3 1 0
github.com/crunchydata/postgres-operator/internal/controller/postgrescluster/pgbackrest.go:1488.2,1488.92 1 0
github.com/crunchydata/postgres-operator/internal/controller/postgrescluster/pgbackrest.go:1488.92,1491.3 2 0
github.com/crunchydata/postgres-operator/internal/controller/postgrescluster/pgbackrest.go:1496.2,1497.16 2 0
github.com/crunchydata/postgres-operator/internal/controller/postgrescluster/pgbackrest.go:1497.16,1501.3 3 0
github.com/crunchydata/postgres-operator/internal/controller/postgrescluster/pgbackrest.go:1504.2,1505.16 2 0
github.com/crunchydata/postgres-operator/internal/controller/postgrescluster/pgbackrest.go:1505.16,1509.3 3 0
github.com/crunchydata/postgres-operator/internal/controller/postgrescluster/pgbackrest.go:1512.2,1513.48 2 0
github.com/crunchydata/postgres-operator/internal/controller/postgrescluster/pgbackrest.go:1513.48,1515.3 1 0
github.com/crunchydata/postgres-operator/internal/controller/postgrescluster/pgbackrest.go:1517.2,1520.62 2 0
github.com/crunchydata/postgres-operator/internal/controller/postgrescluster/pgbackrest.go:1520.62,1523.3 2 0
github.com/crunchydata/postgres-operator/internal/controller/postgrescluster/pgbackrest.go:1526.2,1527.16 2 0
github.com/crunchydata/postgres-operator/internal/controller/postgrescluster/pgbackrest.go:1527.16,1531.3 3 0
github.com/crunchydata/postgres-operator/internal/controller/postgrescluster/pgbackrest.go:1534.2,1546.16 2 0
github.com/crunchydata/postgres-operator/internal/controller/postgrescluster/pgbackrest.go:1546.16,1549.3 2 0
github.com/crunchydata/postgres-operator/internal/controller/postgrescluster/pgbackrest.go:1553.2,1553.24 1 0
github.com/crunchydata/postgres-operator/internal/controller/postgrescluster/pgbackrest.go:1553.24,1556.3 2 0
github.com/crunchydata/postgres-operator/internal/controller/postgrescluster/pgbackrest.go:1558.2,1565.13 2 0
github.com/crunchydata/postgres-operator/internal/controller/postgrescluster/pgbackrest.go:1565.13,1567.3 1 0
github.com/crunchydata/postgres-operator/internal/controller/postgrescluster/pgbackrest.go:1571.2,1572.89 1 0
github.com/crunchydata/postgres-operator/internal/controller/postgrescluster/pgbackrest.go:1572.89,1575.3 2 0
github.com/crunchydata/postgres-operator/internal/controller/postgrescluster/pgbackrest.go:1579.2,1580.30 1 0
github.com/crunchydata/postgres-operator/internal/controller/postgrescluster/pgbackrest.go:1580.30,1583.3 2 0
github.com/crunchydata/postgres-operator/internal/controller/postgrescluster/pgbackrest.go:1585.2,1585.20 1 0
github.com/crunchydata/postgres-operator/internal/controller/postgrescluster/pgbackrest.go:1599.9,1605.29 2 0
github.com/crunchydata/postgres-operator/internal/controller/postgrescluster/pgbackrest.go:1605.29,1607.3 1 0
github.com/crunchydata/postgres-operator/internal/controller/postgrescluster/pgbackrest.go:1609.2,1610.34 2 0
github.com/crunchydata/postgres-operator/internal/controller/postgrescluster/pgbackrest.go:1610.34,1612.3 1 0
github.com/crunchydata/postgres-operator/internal/controller/postgrescluster/pgbackrest.go:1614.2,1621.24 3 0
github.com/crunchydata/postgres-operator/internal/controller/postgrescluster/pgbackrest.go:1621.24,1624.3 1 0
github.com/crunchydata/postgres-operator/internal/controller/postgrescluster/pgbackrest.go:1625.2,1626.27 2 0
github.com/crunchydata/postgres-operator/internal/controller/postgrescluster/pgbackrest.go:1626.27,1629.3 1 0
github.com/crunchydata/postgres-operator/internal/controller/postgrescluster/pgbackrest.go:1634.2,1635.48 2 0
github.com/crunchydata/postgres-operator/internal/controller/postgrescluster/pgbackrest.go:1635.48,1636.34 1 0
github.com/crunchydata/postgres-operator/internal/controller/postgrescluster/pgbackrest.go:1636.34,1638.9 2 0
github.com/crunchydata/postgres-operator/internal/controller/postgrescluster/pgbackrest.go:1641.2,1641.24 1 0
github.com/crunchydata/postgres-operator/internal/controller/postgrescluster/pgbackrest.go:1641.24,1644.3 1 0
github.com/crunchydata/postgres-operator/internal/controller/postgrescluster/pgbackrest.go:1650.2,1650.42 1 0
github.com/crunchydata/postgres-operator/internal/controller/postgrescluster/pgbackrest.go:1650.42,1653.69 2 0
github.com/crunchydata/postgres-operator/internal/controller/postgrescluster/pgbackrest.go:1653.69,1661.4 1 0
github.com/crunchydata/postgres-operator/internal/controller/postgrescluster/pgbackrest.go:1662.3,1662.13 1 0
github.com/crunchydata/postgres-operator/internal/controller/postgrescluster/pgbackrest.go:1671.2,1672.96 2 0
github.com/crunchydata/postgres-operator/internal/controller/postgrescluster/pgbackrest.go:1672.96,1682.51 4 0
github.com/crunchydata/postgres-operator/internal/controller/postgrescluster/pgbackrest.go:1682.51,1685.4 1 0
github.com/crunchydata/postgres-operator/internal/controller/postgrescluster/pgbackrest.go:1686.8,1689.31 1 0
github.com/crunchydata/postgres-operator/internal/controller/postgrescluster/pgbackrest.go:1689.31,1690.33 1 0
github.com/crunchydata/postgres-operator/internal/controller/postgrescluster/pgbackrest.go:1690.33,1694.5 2 0
github.com/crunchydata/postgres-operator/internal/controller/postgrescluster/pgbackrest.go:1695.4,1695.32 1 0
github.com/crunchydata/postgres-operator/internal/controller/postgrescluster/pgbackrest.go:1700.3,1700.81 1 0
github.com/crunchydata/postgres-operator/internal/controller/postgrescluster/pgbackrest.go:1700.81,1702.4 1 0
github.com/crunchydata/postgres-operator/internal/controller/postgrescluster/pgbackrest.go:1706.2,1707.67 2 0
github.com/crunchydata/postgres-operator/internal/controller/postgrescluster/pgbackrest.go:1707.67,1708.34 1 0
github.com/crunchydata/postgres-operator/internal/controller/postgrescluster/pgbackrest.go:1708.34,1710.9 2 0
github.com/crunchydata/postgres-operator/internal/controller/postgrescluster/pgbackrest.go:1713.2,1713.16 1 0
github.com/crunchydata/postgres-operator/internal/controller/postgrescluster/pgbackrest.go:1713.16,1718.3 2 0
github.com/crunchydata/postgres-operator/internal/controller/postgrescluster/pgbackrest.go:1722.2,1728.16 3 0
github.com/crunchydata/postgres-operator/internal/controller/postgrescluster/pgbackrest.go:1728.16,1730.3 1 0
github.com/crunchydata/postgres-operator/internal/controller/postgrescluster/pgbackrest.go:1731.2,1732.16 2 0
github.com/crunchydata/postgres-operator/internal/controller/postgrescluster/pgbackrest.go:1732.16,1734.3 1 0
github.com/crunchydata/postgres-operator/internal/controller/postgrescluster/pgbackrest.go:1736.2,1737.16 2 0
github.com/crunchydata/postgres-operator/internal/controller/postgrescluster/pgbackrest.go:1737.16,1739.3 1 0
github.com/crunchydata/postgres-operator/internal/controller/postgrescluster/pgbackrest.go:1745.2,1746.100 1 0
github.com/crunchydata/postgres-operator/internal/controller/postgrescluster/pgbackrest.go:1746.100,1748.3 1 0
github.com/crunchydata/postgres-operator/internal/controller/postgrescluster/pgbackrest.go:1750.2,1750.12 1 0
github.com/crunchydata/postgres-operator/internal/controller/postgrescluster/pgbackrest.go:1760.75,1767.24 2 0
github.com/crunchydata/postgres-operator/internal/controller/postgrescluster/pgbackrest.go:1767.24,1770.3 1 0
github.com/crunchydata/postgres-operator/internal/controller/postgrescluster/pgbackrest.go:1771.2,1772.27 2 0
github.com/crunchydata/postgres-operator/internal/controller/postgrescluster/pgbackrest.go:1772.27,1775.3 1 0
github.com/crunchydata/postgres-operator/internal/controller/postgrescluster/pgbackrest.go:1780.2,1781.48 2 0
github.com/crunchydata/postgres-operator/internal/controller/postgrescluster/pgbackrest.go:1781.48,1782.34 1 0
github.com/crunchydata/postgres-operator/internal/controller/postgrescluster/pgbackrest.go:1782.34,1784.9 2 0
github.com/crunchydata/postgres-operator/internal/controller/postgrescluster/pgbackrest.go:1787.2,1787.24 1 0
github.com/crunchydata/postgres-operator/internal/controller/postgrescluster/pgbackrest.go:1787.24,1790.3 1 0
github.com/crunchydata/postgres-operator/internal/controller/postgrescluster/pgbackrest.go:1796.2,1796.42 1 0
github.com/crunchydata/postgres-operator/internal/controller/postgrescluster/pgbackrest.go:1796.42,1799.69 2 0
github.com/crunchydata/postgres-operator/internal/controller/postgrescluster/pgbackrest.go:1799.69,1807.4 1 0
github.com/crunchydata/postgres-operator/internal/controller/postgrescluster/pgbackrest.go:1808.3,1808.13 1 0
github.com/crunchydata/postgres-operator/internal/controller/postgrescluster/pgbackrest.go:1811.2,1811.72 1 0
github.com/crunchydata/postgres-operator/internal/controller/postgrescluster/pgbackrest.go:1811.72,1813.3 1 0
github.com/crunchydata/postgres-operator/internal/controller/postgrescluster/pgbackrest.go:1820.2,1826.16 3 0
github.com/crunchydata/postgres-operator/internal/controller/postgrescluster/pgbackrest.go:1826.16,1828.3 1 0
github.com/crunchydata/postgres-operator/internal/controller/postgrescluster/pgbackrest.go:1829.2,1830.16 2 0
github.com/crunchydata/postgres-operator/internal/controller/postgrescluster/pgbackrest.go:1830.16,1832.3 1 0
github.com/crunchydata/postgres-operator/internal/controller/postgrescluster/pgbackrest.go:1835.2,1836.16 2 0
github.com/crunchydata/postgres-operator/internal/controller/postgrescluster/pgbackrest.go:1836.16,1838.3 1 0
github.com/crunchydata/postgres-operator/internal/controller/postgrescluster/pgbackrest.go:1842.2,1855.77 2 0
github.com/crunchydata/postgres-operator/internal/controller/postgrescluster/pgbackrest.go:1855.77,1857.3 1 0
github.com/crunchydata/postgres-operator/internal/controller/postgrescluster/pgbackrest.go:1859.2,1859.12 1 0
github.com/crunchydata/postgres-operator/internal/controller/postgrescluster/pgbackrest.go:1865.27,1876.2 4 0
github.com/crunchydata/postgres-operator/internal/controller/postgrescluster/pgbackrest.go:1883.9,1887.16 3 0
github.com/crunchydata/postgres-operator/internal/controller/postgrescluster/pgbackrest.go:1887.16,1890.3 1 0
github.com/crunchydata/postgres-operator/internal/controller/postgrescluster/pgbackrest.go:1894.2,1895.16 2 0
github.com/crunchydata/postgres-operator/internal/controller/postgrescluster/pgbackrest.go:1895.16,1899.32 2 0
github.com/crunchydata/postgres-operator/internal/controller/postgrescluster/pgbackrest.go:1899.32,1901.4 1 0
github.com/crunchydata/postgres-operator/internal/controller/postgrescluster/pgbackrest.go:1905.2,1917.16 5 0
github.com/crunchydata/postgres-operator/internal/controller/postgrescluster/pgbackrest.go:1917.16,1919.3 1 0
github.com/crunchydata/postgres-operator/internal/controller/postgrescluster/pgbackrest.go:1922.2,1935.16 6 0
github.com/crunchydata/postgres-operator/internal/controller/postgrescluster/pgbackrest.go:1935.16,1937.3 1 0
github.com/crunchydata/postgres-operator/internal/controller/postgrescluster/pgbackrest.go:1938.2,1938.16 1 0
github.com/crunchydata/postgres-operator/internal/controller/postgrescluster/pgbackrest.go:1938.16,1943.3 1 0
github.com/crunchydata/postgres-operator/internal/controller/postgrescluster/pgbackrest.go:1944.2,1944.16 1 0
github.com/crunchydata/postgres-operator/internal/controller/postgrescluster/pgbackrest.go:1944.16,1946.3 1 0
github.com/crunchydata/postgres-operator/internal/controller/postgrescluster/pgbackrest.go:1949.2,1949.41 1 0
github.com/crunchydata/postgres-operator/internal/controller/postgrescluster/pgbackrest.go:1949.41,1951.3 1 0
github.com/crunchydata/postgres-operator/internal/controller/postgrescluster/pgbackrest.go:1954.2,1954.16 1 0
github.com/crunchydata/postgres-operator/internal/controller/postgrescluster/pgbackrest.go:1954.16,1956.3 1 0
github.com/crunchydata/postgres-operator/internal/controller/postgrescluster/pgbackrest.go:1958.2,1958.12 1 0
github.com/crunchydata/postgres-operator/internal/controller/postgrescluster/pgbackrest.go:1967.48,1969.69 1 0
github.com/crunchydata/postgres-operator/internal/controller/postgrescluster/pgbackrest.go:1969.69,1975.75 1 0
github.com/crunchydata/postgres-operator/internal/controller/postgrescluster/pgbackrest.go:1975.75,1984.70 4 0
github.com/crunchydata/postgres-operator/internal/controller/postgrescluster/pgbackrest.go:1984.70,1986.46 1 0
github.com/crunchydata/postgres-operator/internal/controller/postgrescluster/pgbackrest.go:1986.46,1987.14 1 0
github.com/crunchydata/postgres-operator/internal/controller/postgrescluster/pgbackrest.go:1988.11,1990.6 1 0
github.com/crunchydata/postgres-operator/internal/controller/postgrescluster/pgbackrest.go:1991.10,1993.61 1 0
github.com/crunchydata/postgres-operator/internal/controller/postgrescluster/pgbackrest.go:1993.61,1995.6 1 0
github.com/crunchydata/postgres-operator/internal/controller/postgrescluster/pgbackrest.go:1999.4,2017.72 6 0
github.com/crunchydata/postgres-operator/internal/controller/postgrescluster/pgbackrest.go:2017.72,2019.5 1 0
github.com/crunchydata/postgres-operator/internal/controller/postgrescluster/pgbackrest.go:2021.4,2021.69 1 0
github.com/crunchydata/postgres-operator/internal/controller/postgrescluster/pgbackrest.go:2021.69,2023.5 1 0
github.com/crunchydata/postgres-operator/internal/controller/postgrescluster/pgbackrest.go:2026.4,2026.87 1 0
github.com/crunchydata/postgres-operator/internal/controller/postgrescluster/pgbackrest.go:2029.3,2029.78 1 0
github.com/crunchydata/postgres-operator/internal/controller/postgrescluster/pgbackrest.go:2029.78,2038.76 4 0
github.com/crunchydata/postgres-operator/internal/controller/postgrescluster/pgbackrest.go:2038.76,2040.49 1 0
github.com/crunchydata/postgres-operator/internal/controller/postgrescluster/pgbackrest.go:2040.49,2041.14 1 0
github.com/crunchydata/postgres-operator/internal/controller/postgrescluster/pgbackrest.go:2042.11,2044.6 1 0
github.com/crunchydata/postgres-operator/internal/controller/postgrescluster/pgbackrest.go:2045.10,2047.67 1 0
github.com/crunchydata/postgres-operator/internal/controller/postgrescluster/pgbackrest.go:2047.67,2049.6 1 0
github.com/crunchydata/postgres-operator/internal/controller/postgrescluster/pgbackrest.go:2053.4,2071.75 6 0
github.com/crunchydata/postgres-operator/internal/controller/postgrescluster/pgbackrest.go:2071.75,2073.5 1 0
github.com/crunchydata/postgres-operator/internal/controller/postgrescluster/pgbackrest.go:2074.4,2074.72 1 0
github.com/crunchydata/postgres-operator/internal/controller/postgrescluster/pgbackrest.go:2074.72,2076.5 1 0
github.com/crunchydata/postgres-operator/internal/controller/postgrescluster/pgbackrest.go:2079.4,2079.93 1 0
github.com/crunchydata/postgres-operator/internal/controller/postgrescluster/pgbackrest.go:2082.2,2082.12 1 0
github.com/crunchydata/postgres-operator/internal/controller/postgrescluster/pgbackrest.go:2089.32,2095.16 3 0
github.com/crunchydata/postgres-operator/internal/controller/postgrescluster/pgbackrest.go:2095.16,2097.3 1 0
github.com/crunchydata/postgres-operator/internal/controller/postgrescluster/pgbackrest.go:2099.2,2099.82 1 0
github.com/crunchydata/postgres-operator/internal/controller/postgrescluster/pgbackrest.go:2099.82,2101.3 1 0
github.com/crunchydata/postgres-operator/internal/controller/postgrescluster/pgbackrest.go:2102.2,2102.53 1 0
github.com/crunchydata/postgres-operator/internal/controller/postgrescluster/pgbackrest.go:2102.53,2104.3 1 0
github.com/crunchydata/postgres-operator/internal/controller/postgrescluster/pgbackrest.go:2106.2,2106.12 1 0
github.com/crunchydata/postgres-operator/internal/controller/postgrescluster/pgbackrest.go:2115.46,2134.16 8 0
github.com/crunchydata/postgres-operator/internal/controller/postgrescluster/pgbackrest.go:2134.16,2136.3 1 0
github.com/crunchydata/postgres-operator/internal/controller/postgrescluster/pgbackrest.go:2137.2,2137.16 1 0
github.com/crunchydata/postgres-operator/internal/controller/postgrescluster/pgbackrest.go:2137.16,2139.3 1 0
github.com/crunchydata/postgres-operator/internal/controller/postgrescluster/pgbackrest.go:2142.2,2142.67 1 0
github.com/crunchydata/postgres-operator/internal/controller/postgrescluster/pgbackrest.go:2142.67,2145.3 1 0
github.com/crunchydata/postgres-operator/internal/controller/postgrescluster/pgbackrest.go:2148.2,2148.41 1 0
github.com/crunchydata/postgres-operator/internal/controller/postgrescluster/pgbackrest.go:2148.41,2150.3 1 0
github.com/crunchydata/postgres-operator/internal/controller/postgrescluster/pgbackrest.go:2151.2,2151.12 1 0
github.com/crunchydata/postgres-operator/internal/controller/postgrescluster/pgbackrest.go:2161.76,2172.70 7 0
github.com/crunchydata/postgres-operator/internal/controller/postgrescluster/pgbackrest.go:2172.70,2174.3 1 0
github.com/crunchydata/postgres-operator/internal/controller/postgrescluster/pgbackrest.go:2175.2,2175.75 1 0
github.com/crunchydata/postgres-operator/internal/controller/postgrescluster/pgbackrest.go:2175.75,2177.3 1 0
github.com/crunchydata/postgres-operator/internal/controller/postgrescluster/pgbackrest.go:2178.2,2178.72 1 0
github.com/crunchydata/postgres-operator/internal/controller/postgrescluster/pgbackrest.go:2178.72,2180.3 1 0
github.com/crunchydata/postgres-operator/internal/controller/postgrescluster/pgbackrest.go:2182.2,2209.41 10 0
github.com/crunchydata/postgres-operator/internal/controller/postgrescluster/pgbackrest.go:2209.41,2211.3 1 0
github.com/crunchydata/postgres-operator/internal/controller/postgrescluster/pgbackrest.go:2212.2,2212.43 1 0
github.com/crunchydata/postgres-operator/internal/controller/postgrescluster/pgbackrest.go:2212.43,2214.3 1 0
github.com/crunchydata/postgres-operator/internal/controller/postgrescluster/pgbackrest.go:2215.2,2215.46 1 0
github.com/crunchydata/postgres-operator/internal/controller/postgrescluster/pgbackrest.go:2215.46,2217.3 1 0
github.com/crunchydata/postgres-operator/internal/controller/postgrescluster/pgbackrest.go:2219.2,2219.16 1 0
github.com/crunchydata/postgres-operator/internal/controller/postgrescluster/pgbackrest.go:2226.76,2237.70 7 0
github.com/crunchydata/postgres-operator/internal/controller/postgrescluster/pgbackrest.go:2237.70,2239.3 1 0
github.com/crunchydata/postgres-operator/internal/controller/postgrescluster/pgbackrest.go:2240.2,2240.75 1 0
github.com/crunchydata/postgres-operator/internal/controller/postgrescluster/pgbackrest.go:2240.75,2242.3 1 0
github.com/crunchydata/postgres-operator/internal/controller/postgrescluster/pgbackrest.go:2243.2,2243.72 1 0
github.com/crunchydata/postgres-operator/internal/controller/postgrescluster/pgbackrest.go:2243.72,2245.3 1 0
github.com/crunchydata/postgres-operator/internal/controller/postgrescluster/pgbackrest.go:2247.2,2274.41 10 0
github.com/crunchydata/postgres-operator/internal/controller/postgrescluster/pgbackrest.go:2274.41,2276.3 1 0
github.com/crunchydata/postgres-operator/internal/controller/postgrescluster/pgbackrest.go:2277.2,2277.43 1 0
github.com/crunchydata/postgres-operator/internal/controller/postgrescluster/pgbackrest.go:2277.43,2279.3 1 0
github.com/crunchydata/postgres-operator/internal/controller/postgrescluster/pgbackrest.go:2280.2,2280.46 1 0
github.com/crunchydata/postgres-operator/internal/controller/postgrescluster/pgbackrest.go:2280.46,2282.3 1 0
github.com/crunchydata/postgres-operator/internal/controller/postgrescluster/pgbackrest.go:2284.2,2284.16 1 0
github.com/crunchydata/postgres-operator/internal/controller/postgrescluster/pgbackrest.go:2293.46,2298.15 2 0
github.com/crunchydata/postgres-operator/internal/controller/postgrescluster/pgbackrest.go:2298.15,2303.56 2 0
github.com/crunchydata/postgres-operator/internal/controller/postgrescluster/pgbackrest.go:2303.56,2307.4 3 0
github.com/crunchydata/postgres-operator/internal/controller/postgrescluster/pgbackrest.go:2307.9,2307.62 1 0
github.com/crunchydata/postgres-operator/internal/controller/postgrescluster/pgbackrest.go:2307.62,2311.4 3 0
github.com/crunchydata/postgres-operator/internal/controller/postgrescluster/pgbackrest.go:2311.9,2315.4 3 0
github.com/crunchydata/postgres-operator/internal/controller/postgrescluster/pgbackrest.go:2316.3,2316.77 1 0
github.com/crunchydata/postgres-operator/internal/controller/postgrescluster/pgbackrest.go:2318.2,2319.35 2 0
github.com/crunchydata/postgres-operator/internal/controller/postgrescluster/pgbackrest.go:2319.35,2326.3 3 0
github.com/crunchydata/postgres-operator/internal/controller/postgrescluster/pgbackrest.go:2326.8,2327.55 1 0
github.com/crunchydata/postgres-operator/internal/controller/postgrescluster/pgbackrest.go:2327.55,2330.4 1 0
github.com/crunchydata/postgres-operator/internal/controller/postgrescluster/pgbackrest.go:2332.2,2335.16 3 0
github.com/crunchydata/postgres-operator/internal/controller/postgrescluster/pgbackrest.go:2335.16,2338.3 2 0
github.com/crunchydata/postgres-operator/internal/controller/postgrescluster/pgbackrest.go:2340.2,2342.14 2 0
github.com/crunchydata/postgres-operator/internal/controller/postgrescluster/pgbackrest.go:2342.14,2345.3 1 0
github.com/crunchydata/postgres-operator/internal/controller/postgrescluster/pgbackrest.go:2347.2,2347.22 1 0
github.com/crunchydata/postgres-operator/internal/controller/postgrescluster/pgbackrest.go:2356.77,2364.31 4 0
github.com/crunchydata/postgres-operator/internal/controller/postgrescluster/pgbackrest.go:2364.31,2371.57 5 0
github.com/crunchydata/postgres-operator/internal/controller/postgrescluster/pgbackrest.go:2371.57,2372.17 1 0
github.com/crunchydata/postgres-operator/internal/controller/postgrescluster/pgbackrest.go:2372.17,2380.5 1 0
github.com/crunchydata/postgres-operator/internal/controller/postgrescluster/pgbackrest.go:2380.10,2380.21 1 0
github.com/crunchydata/postgres-operator/internal/controller/postgrescluster/pgbackrest.go:2380.21,2388.5 1 0
github.com/crunchydata/postgres-operator/internal/controller/postgrescluster/pgbackrest.go:2391.4,2396.27 6 0
github.com/crunchydata/postgres-operator/internal/controller/postgrescluster/pgbackrest.go:2396.27,2398.5 1 0
github.com/crunchydata/postgres-operator/internal/controller/postgrescluster/pgbackrest.go:2406.3,2406.26 1 0
github.com/crunchydata/postgres-operator/internal/controller/postgrescluster/pgbackrest.go:2406.26,2407.62 1 0
github.com/crunchydata/postgres-operator/internal/controller/postgrescluster/pgbackrest.go:2407.62,2410.5 1 0
github.com/crunchydata/postgres-operator/internal/controller/postgrescluster/pgbackrest.go:2416.2,2417.48 2 0
github.com/crunchydata/postgres-operator/internal/controller/postgrescluster/pgbackrest.go:2417.48,2419.24 2 0
github.com/crunchydata/postgres-operator/internal/controller/postgrescluster/pgbackrest.go:2419.24,2421.9 2 0
github.com/crunchydata/postgres-operator/internal/controller/postgrescluster/pgbackrest.go:2433.2,2434.57 1 0
github.com/crunchydata/postgres-operator/internal/controller/postgrescluster/pgbackrest.go:2434.57,2436.3 1 0
github.com/crunchydata/postgres-operator/internal/controller/postgrescluster/pgbackrest.go:2440.2,2440.64 1 0
github.com/crunchydata/postgres-operator/internal/controller/postgrescluster/pgbackrest.go:2440.64,2450.3 3 0
github.com/crunchydata/postgres-operator/internal/controller/postgrescluster/pgbackrest.go:2454.2,2454.50 1 0
github.com/crunchydata/postgres-operator/internal/controller/postgrescluster/pgbackrest.go:2454.50,2456.3 1 0
github.com/crunchydata/postgres-operator/internal/controller/postgrescluster/pgbackrest.go:2460.2,2460.55 1 0
github.com/crunchydata/postgres-operator/internal/controller/postgrescluster/pgbackrest.go:2460.55,2462.75 2 0
github.com/crunchydata/postgres-operator/internal/controller/postgrescluster/pgbackrest.go:2462.75,2464.4 1 0
github.com/crunchydata/postgres-operator/internal/controller/postgrescluster/pgbackrest.go:2469.2,2471.78 2 0
github.com/crunchydata/postgres-operator/internal/controller/postgrescluster/pgbackrest.go:2471.78,2473.3 1 0
github.com/crunchydata/postgres-operator/internal/controller/postgrescluster/pgbackrest.go:2480.2,2482.63 3 0
github.com/crunchydata/postgres-operator/internal/controller/postgrescluster/pgbackrest.go:2482.63,2483.28 1 0
github.com/crunchydata/postgres-operator/internal/controller/postgrescluster/pgbackrest.go:2483.28,2486.4 2 0
github.com/crunchydata/postgres-operator/internal/controller/postgrescluster/pgbackrest.go:2488.2,2488.18 1 0
github.com/crunchydata/postgres-operator/internal/controller/postgrescluster/pgbackrest.go:2488.18,2493.3 2 0
github.com/crunchydata/postgres-operator/internal/controller/postgrescluster/pgbackrest.go:2494.2,2494.20 1 0
github.com/crunchydata/postgres-operator/internal/controller/postgrescluster/pgbackrest.go:2494.20,2498.3 2 0
github.com/crunchydata/postgres-operator/internal/controller/postgrescluster/pgbackrest.go:2500.2,2501.63 2 0
github.com/crunchydata/postgres-operator/internal/controller/postgrescluster/pgbackrest.go:2501.63,2502.72 1 0
github.com/crunchydata/postgres-operator/internal/controller/postgrescluster/pgbackrest.go:2502.72,2504.4 1 0
github.com/crunchydata/postgres-operator/internal/controller/postgrescluster/pgbackrest.go:2506.2,2506.21 1 0
github.com/crunchydata/postgres-operator/internal/controller/postgrescluster/pgbackrest.go:2506.21,2508.3 1 0
github.com/crunchydata/postgres-operator/internal/controller/postgrescluster/pgbackrest.go:2516.2,2517.33 2 0
github.com/crunchydata/postgres-operator/internal/controller/postgrescluster/pgbackrest.go:2517.33,2518.75 1 0
github.com/crunchydata/postgres-operator/internal/controller/postgrescluster/pgbackrest.go:2518.75,2523.4 2 0
github.com/crunchydata/postgres-operator/internal/controller/postgrescluster/pgbackrest.go:2527.2,2529.29 3 0
github.com/crunchydata/postgres-operator/internal/controller/postgrescluster/pgbackrest.go:2529.29,2531.3 1 0
github.com/crunchydata/postgres-operator/internal/controller/postgrescluster/pgbackrest.go:2533.2,2553.77 9 0
github.com/crunchydata/postgres-operator/internal/controller/postgrescluster/pgbackrest.go:2553.77,2555.3 1 0
github.com/crunchydata/postgres-operator/internal/controller/postgrescluster/pgbackrest.go:2558.2,2558.48 1 0
github.com/crunchydata/postgres-operator/internal/controller/postgrescluster/pgbackrest.go:2558.48,2560.3 1 0
github.com/crunchydata/postgres-operator/internal/controller/postgrescluster/pgbackrest.go:2562.2,2562.12 1 0
github.com/crunchydata/postgres-operator/internal/controller/postgrescluster/pgbackrest.go:2573.50,2576.63 2 0
github.com/crunchydata/postgres-operator/internal/controller/postgrescluster/pgbackrest.go:2576.63,2577.42 1 0
github.com/crunchydata/postgres-operator/internal/controller/postgrescluster/pgbackrest.go:2577.42,2579.9 2 0
github.com/crunchydata/postgres-operator/internal/controller/postgrescluster/pgbackrest.go:2584.2,2584.15 1 0
github.com/crunchydata/postgres-operator/internal/controller/postgrescluster/pgbackrest.go:2584.15,2589.37 2 0
github.com/crunchydata/postgres-operator/internal/controller/postgrescluster/pgbackrest.go:2589.37,2593.4 3 0
github.com/crunchydata/postgres-operator/internal/controller/postgrescluster/pgbackrest.go:2593.9,2593.65 1 0
github.com/crunchydata/postgres-operator/internal/controller/postgrescluster/pgbackrest.go:2593.65,2597.4 3 0
github.com/crunchydata/postgres-operator/internal/controller/postgrescluster/pgbackrest.go:2597.9,2602.4 3 0
github.com/crunchydata/postgres-operator/internal/controller/postgrescluster/pgbackrest.go:2603.3,2603.77 1 0
github.com/crunchydata/postgres-operator/internal/controller/postgrescluster/pgbackrest.go:2608.2,2609.48 2 0
github.com/crunchydata/postgres-operator/internal/controller/postgrescluster/pgbackrest.go:2609.48,2611.24 2 0
github.com/crunchydata/postgres-operator/internal/controller/postgrescluster/pgbackrest.go:2611.24,2613.9 2 0
github.com/crunchydata/postgres-operator/internal/controller/postgrescluster/pgbackrest.go:2624.2,2624.111 1 0
github.com/crunchydata/postgres-operator/internal/controller/postgrescluster/pgbackrest.go:2624.111,2626.3 1 0
github.com/crunchydata/postgres-operator/internal/controller/postgrescluster/pgbackrest.go:2629.2,2631.22 3 0
github.com/crunchydata/postgres-operator/internal/controller/postgrescluster/pgbackrest.go:2631.22,2633.3 1 0
github.com/crunchydata/postgres-operator/internal/controller/postgrescluster/pgbackrest.go:2639.2,2640.37 2 0
github.com/crunchydata/postgres-operator/internal/controller/postgrescluster/pgbackrest.go:2640.37,2642.3 1 0
github.com/crunchydata/postgres-operator/internal/controller/postgrescluster/pgbackrest.go:2642.8,2644.3 1 0
github.com/crunchydata/postgres-operator/internal/controller/postgrescluster/pgbackrest.go:2647.2,2649.22 3 0
github.com/crunchydata/postgres-operator/internal/controller/postgrescluster/pgbackrest.go:2649.22,2651.3 1 0
github.com/crunchydata/postgres-operator/internal/controller/postgrescluster/pgbackrest.go:2655.2,2656.38 2 0
github.com/crunchydata/postgres-operator/internal/controller/postgrescluster/pgbackrest.go:2656.38,2664.76 5 0
github.com/crunchydata/postgres-operator/internal/controller/postgrescluster/pgbackrest.go:2664.76,2666.4 1 0
github.com/crunchydata/postgres-operator/internal/controller/postgrescluster/pgbackrest.go:2678.3,2680.70 1 0
github.com/crunchydata/postgres-operator/internal/controller/postgrescluster/pgbackrest.go:2680.70,2682.79 1 0
github.com/crunchydata/postgres-operator/internal/controller/postgrescluster/pgbackrest.go:2682.79,2684.5 1 0
github.com/crunchydata/postgres-operator/internal/controller/postgrescluster/pgbackrest.go:2685.4,2685.14 1 0
github.com/crunchydata/postgres-operator/internal/controller/postgrescluster/pgbackrest.go:2689.3,2689.16 1 0
github.com/crunchydata/postgres-operator/internal/controller/postgrescluster/pgbackrest.go:2689.16,2692.4 2 0
github.com/crunchydata/postgres-operator/internal/controller/postgrescluster/pgbackrest.go:2697.2,2698.22 1 0
github.com/crunchydata/postgres-operator/internal/controller/postgrescluster/pgbackrest.go:2698.22,2700.3 1 0
github.com/crunchydata/postgres-operator/internal/controller/postgrescluster/pgbackrest.go:2703.2,2705.16 3 0
github.com/crunchydata/postgres-operator/internal/controller/postgrescluster/pgbackrest.go:2705.16,2707.3 1 0
github.com/crunchydata/postgres-operator/internal/controller/postgrescluster/pgbackrest.go:2709.2,2730.77 9 0
github.com/crunchydata/postgres-operator/internal/controller/postgrescluster/pgbackrest.go:2730.77,2732.3 1 0
github.com/crunchydata/postgres-operator/internal/controller/postgrescluster/pgbackrest.go:2734.2,2734.48 1 0
github.com/crunchydata/postgres-operator/internal/controller/postgrescluster/pgbackrest.go:2734.48,2736.3 1 0
github.com/crunchydata/postgres-operator/internal/controller/postgrescluster/pgbackrest.go:2738.2,2738.12 1 0
github.com/crunchydata/postgres-operator/internal/controller/postgrescluster/pgbackrest.go:2745.64,2754.104 6 0
github.com/crunchydata/postgres-operator/internal/controller/postgrescluster/pgbackrest.go:2754.104,2758.3 1 0
github.com/crunchydata/postgres-operator/internal/controller/postgrescluster/pgbackrest.go:2760.2,2760.69 1 0
github.com/crunchydata/postgres-operator/internal/controller/postgrescluster/pgbackrest.go:2760.69,2762.13 1 0
github.com/crunchydata/postgres-operator/internal/controller/postgrescluster/pgbackrest.go:2762.13,2764.4 1 0
github.com/crunchydata/postgres-operator/internal/controller/postgrescluster/pgbackrest.go:2766.3,2766.25 1 0
github.com/crunchydata/postgres-operator/internal/controller/postgrescluster/pgbackrest.go:2766.25,2767.12 1 0
github.com/crunchydata/postgres-operator/internal/controller/postgrescluster/pgbackrest.go:2771.3,2780.17 5 0
github.com/crunchydata/postgres-operator/internal/controller/postgrescluster/pgbackrest.go:2780.17,2783.4 2 0
github.com/crunchydata/postgres-operator/internal/controller/postgrescluster/pgbackrest.go:2786.3,2786.32 1 0
github.com/crunchydata/postgres-operator/internal/controller/postgrescluster/pgbackrest.go:2789.2,2793.59 2 0
github.com/crunchydata/postgres-operator/internal/controller/postgrescluster/pgbackrest.go:2803.42,2811.18 2 0
github.com/crunchydata/postgres-operator/internal/controller/postgrescluster/pgbackrest.go:2811.18,2813.3 1 0
github.com/crunchydata/postgres-operator/internal/controller/postgrescluster/pgbackrest.go:2816.2,2816.26 1 0
github.com/crunchydata/postgres-operator/internal/controller/postgrescluster/pgbackrest.go:2816.26,2818.3 1 0
github.com/crunchydata/postgres-operator/internal/controller/postgrescluster/pgbackrest.go:2819.2,2821.38 2 0
github.com/crunchydata/postgres-operator/internal/controller/postgrescluster/pgbackrest.go:2821.38,2823.50 2 0
github.com/crunchydata/postgres-operator/internal/controller/postgrescluster/pgbackrest.go:2823.50,2824.100 1 0
github.com/crunchydata/postgres-operator/internal/controller/postgrescluster/pgbackrest.go:2824.100,2832.5 3 0
github.com/crunchydata/postgres-operator/internal/controller/postgrescluster/pgbackrest.go:2836.2,2836.12 1 0
github.com/crunchydata/postgres-operator/internal/controller/postgrescluster/pgbackrest.go:2850.65,2853.15 1 0
github.com/crunchydata/postgres-operator/internal/controller/postgrescluster/pgbackrest.go:2853.15,2855.62 2 0
github.com/crunchydata/postgres-operator/internal/controller/postgrescluster/pgbackrest.go:2855.62,2857.4 1 0
github.com/crunchydata/postgres-operator/internal/controller/postgrescluster/pgbackrest.go:2858.3,2859.64 2 0
github.com/crunchydata/postgres-operator/internal/controller/postgrescluster/pgbackrest.go:2859.64,2860.42 1 0
github.com/crunchydata/postgres-operator/internal/controller/postgrescluster/pgbackrest.go:2860.42,2862.10 2 0
github.com/crunchydata/postgres-operator/internal/controller/postgrescluster/pgbackrest.go:2866.3,2870.37 2 0
github.com/crunchydata/postgres-operator/internal/controller/postgrescluster/pgbackrest.go:2870.37,2874.4 3 0
github.com/crunchydata/postgres-operator/internal/controller/postgrescluster/pgbackrest.go:2874.9,2874.51 1 0
github.com/crunchydata/postgres-operator/internal/controller/postgrescluster/pgbackrest.go:2874.51,2879.4 3 0
github.com/crunchydata/postgres-operator/internal/controller/postgrescluster/pgbackrest.go:2879.9,2884.4 3 0
github.com/crunchydata/postgres-operator/internal/controller/postgrescluster/pgbackrest.go:2885.3,2885.86 1 0
github.com/crunchydata/postgres-operator/internal/controller/postgrescluster/pgbackrest.go:2896.2,2898.48 3 0
github.com/crunchydata/postgres-operator/internal/controller/postgrescluster/pgbackrest.go:2898.48,2900.24 2 0
github.com/crunchydata/postgres-operator/internal/controller/postgrescluster/pgbackrest.go:2900.24,2903.9 3 0
github.com/crunchydata/postgres-operator/internal/controller/postgrescluster/pgbackrest.go:2907.2,2908.69 2 0
github.com/crunchydata/postgres-operator/internal/controller/postgrescluster/pgbackrest.go:2908.69,2909.32 1 0
github.com/crunchydata/postgres-operator/internal/controller/postgrescluster/pgbackrest.go:2909.32,2911.9 2 0
github.com/crunchydata/postgres-operator/internal/controller/postgrescluster/pgbackrest.go:2923.2,2923.40 1 0
github.com/crunchydata/postgres-operator/internal/controller/postgrescluster/pgbackrest.go:2923.40,2925.3 1 0
github.com/crunchydata/postgres-operator/internal/controller/postgrescluster/pgbackrest.go:2928.2,2929.28 1 0
github.com/crunchydata/postgres-operator/internal/controller/postgrescluster/pgbackrest.go:2929.28,2932.3 1 0
github.com/crunchydata/postgres-operator/internal/controller/postgrescluster/pgbackrest.go:2935.2,2936.16 2 0
github.com/crunchydata/postgres-operator/internal/controller/postgrescluster/pgbackrest.go:2936.16,2942.3 2 0
github.com/crunchydata/postgres-operator/internal/controller/postgrescluster/pgbackrest.go:2946.2,2946.24 1 0
github.com/crunchydata/postgres-operator/internal/controller/postgrescluster/pgbackrest.go:2946.24,2949.3 1 0
github.com/crunchydata/postgres-operator/internal/controller/postgrescluster/pgbackrest.go:2952.2,2956.57 2 0
github.com/crunchydata/postgres-operator/internal/controller/postgrescluster/pgbackrest.go:2956.57,2958.3 1 0
github.com/crunchydata/postgres-operator/internal/controller/postgrescluster/pgbackrest.go:2960.2,2960.19 1 0
github.com/crunchydata/postgres-operator/internal/controller/postgrescluster/pgbackrest.go:2965.78,2971.39 3 0
github.com/crunchydata/postgres-operator/internal/controller/postgrescluster/pgbackrest.go:2971.39,2973.3 1 0
github.com/crunchydata/postgres-operator/internal/controller/postgrescluster/pgbackrest.go:2973.8,2975.3 1 0
github.com/crunchydata/postgres-operator/internal/controller/postgrescluster/pgbackrest.go:2977.2,2977.23 1 0
github.com/crunchydata/postgres-operator/internal/controller/postgrescluster/pgbackrest.go:2985.85,2994.40 2 0
github.com/crunchydata/postgres-operator/internal/controller/postgrescluster/pgbackrest.go:2994.40,2996.33 2 0
github.com/crunchydata/postgres-operator/internal/controller/postgrescluster/pgbackrest.go:2996.33,2998.40 1 0
github.com/crunchydata/postgres-operator/internal/controller/postgrescluster/pgbackrest.go:2998.40,3001.10 3 0
github.com/crunchydata/postgres-operator/internal/controller/postgrescluster/pgbackrest.go:3005.4,3005.55 1 0
github.com/crunchydata/postgres-operator/internal/controller/postgrescluster/pgbackrest.go:3005.55,3012.31 2 0
github.com/crunchydata/postgres-operator/internal/controller/postgrescluster/pgbackrest.go:3012.31,3015.6 2 0
github.com/crunchydata/postgres-operator/internal/controller/postgrescluster/pgbackrest.go:3018.5,3018.59 1 0
github.com/crunchydata/postgres-operator/internal/controller/postgrescluster/pgbackrest.go:3018.59,3020.6 1 0
github.com/crunchydata/postgres-operator/internal/controller/postgrescluster/pgbackrest.go:3024.5,3024.67 1 0
github.com/crunchydata/postgres-operator/internal/controller/postgrescluster/pgbackrest.go:3024.67,3027.6 2 0
github.com/crunchydata/postgres-operator/internal/controller/postgrescluster/pgbackrest.go:3028.5,3031.10 3 0
github.com/crunchydata/postgres-operator/internal/controller/postgrescluster/pgbackrest.go:3034.3,3034.23 1 0
github.com/crunchydata/postgres-operator/internal/controller/postgrescluster/pgbackrest.go:3034.23,3040.4 1 0
github.com/crunchydata/postgres-operator/internal/controller/postgrescluster/pgbackrest.go:3047.2,3047.43 1 0
github.com/crunchydata/postgres-operator/internal/controller/postgrescluster/pgbackrest.go:3047.43,3049.33 2 0
github.com/crunchydata/postgres-operator/internal/controller/postgrescluster/pgbackrest.go:3049.33,3051.63 1 0
github.com/crunchydata/postgres-operator/internal/controller/postgrescluster/pgbackrest.go:3051.63,3057.77 2 0
github.com/crunchydata/postgres-operator/internal/controller/postgrescluster/pgbackrest.go:3057.77,3059.6 1 0
github.com/crunchydata/postgres-operator/internal/controller/postgrescluster/pgbackrest.go:3065.5,3065.35 1 0
github.com/crunchydata/postgres-operator/internal/controller/postgrescluster/pgbackrest.go:3065.35,3069.6 3 0
github.com/crunchydata/postgres-operator/internal/controller/postgrescluster/pgbackrest.go:3071.5,3072.10 2 0
github.com/crunchydata/postgres-operator/internal/controller/postgrescluster/pgbackrest.go:3075.3,3075.23 1 0
github.com/crunchydata/postgres-operator/internal/controller/postgrescluster/pgbackrest.go:3075.23,3080.4 1 0
github.com/crunchydata/postgres-operator/internal/controller/postgrescluster/pgbackrest.go:3084.2,3084.52 1 0
github.com/crunchydata/postgres-operator/internal/controller/postgrescluster/pgbackrest.go:3084.52,3086.3 1 0
github.com/crunchydata/postgres-operator/internal/controller/postgrescluster/pgbackrest.go:3088.2,3088.26 1 0
github.com/crunchydata/postgres-operator/internal/controller/postgrescluster/pgbackrest.go:3096.8,3101.61 3 0
github.com/crunchydata/postgres-operator/internal/controller/postgrescluster/pgbackrest.go:3101.61,3104.34 1 0
github.com/crunchydata/postgres-operator/internal/controller/postgrescluster/pgbackrest.go:3104.34,3106.40 1 0
github.com/crunchydata/postgres-operator/internal/controller/postgrescluster/pgbackrest.go:3106.40,3108.65 1 0
github.com/crunchydata/postgres-operator/internal/controller/postgrescluster/pgbackrest.go:3108.65,3111.6 2 0
github.com/crunchydata/postgres-operator/internal/controller/postgrescluster/pgbackrest.go:3113.4,3113.48 1 0
github.com/crunchydata/postgres-operator/internal/controller/postgrescluster/pgbackrest.go:3113.48,3115.81 1 0
github.com/crunchydata/postgres-operator/internal/controller/postgrescluster/pgbackrest.go:3115.81,3118.6 2 0
github.com/crunchydata/postgres-operator/internal/controller/postgrescluster/pgbackrest.go:3120.4,3120.47 1 0
github.com/crunchydata/postgres-operator/internal/controller/postgrescluster/pgbackrest.go:3120.47,3122.79 1 0
github.com/crunchydata/postgres-operator/internal/controller/postgrescluster/pgbackrest.go:3122.79,3125.6 2 0
github.com/crunchydata/postgres-operator/internal/controller/postgrescluster/pgbackrest.go:3129.2,3129.16 1 0
github.com/crunchydata/postgres-operator/internal/controller/postgrescluster/pgbackrest.go:3140.9,3155.35 5 0
github.com/crunchydata/postgres-operator/internal/controller/postgrescluster/pgbackrest.go:3155.35,3157.44 1 0
github.com/crunchydata/postgres-operator/internal/controller/postgrescluster/pgbackrest.go:3157.44,3158.12 1 0
github.com/crunchydata/postgres-operator/internal/controller/postgrescluster/pgbackrest.go:3161.3,3163.65 1 0
github.com/crunchydata/postgres-operator/internal/controller/postgrescluster/pgbackrest.go:3163.65,3168.4 1 0
github.com/crunchydata/postgres-operator/internal/controller/postgrescluster/pgbackrest.go:3171.2,3175.43 3 0
github.com/crunchydata/postgres-operator/internal/controller/postgrescluster/pgbackrest.go:3175.43,3177.3 1 0
github.com/crunchydata/postgres-operator/internal/controller/postgrescluster/pgbackrest.go:3181.2,3183.66 2 0
github.com/crunchydata/postgres-operator/internal/controller/postgrescluster/pgbackrest.go:3183.66,3185.3 1 0
github.com/crunchydata/postgres-operator/internal/controller/postgrescluster/pgbackrest.go:3192.2,3193.61 2 0
github.com/crunchydata/postgres-operator/internal/controller/postgrescluster/pgbackrest.go:3193.61,3194.35 1 0
github.com/crunchydata/postgres-operator/internal/controller/postgrescluster/pgbackrest.go:3194.35,3197.4 2 0
github.com/crunchydata/postgres-operator/internal/controller/postgrescluster/pgbackrest.go:3199.2,3199.18 1 0
github.com/crunchydata/postgres-operator/internal/controller/postgrescluster/pgbackrest.go:3199.18,3204.3 2 0
github.com/crunchydata/postgres-operator/internal/controller/postgrescluster/pgbackrest.go:3205.2,3205.20 1 0
github.com/crunchydata/postgres-operator/internal/controller/postgrescluster/pgbackrest.go:3205.20,3209.3 2 0
github.com/crunchydata/postgres-operator/internal/controller/postgrescluster/pgbackrest.go:3212.2,3250.16 8 0
github.com/crunchydata/postgres-operator/internal/controller/postgrescluster/pgbackrest.go:3250.16,3252.3 1 0
github.com/crunchydata/postgres-operator/internal/controller/postgrescluster/pgbackrest.go:3253.2,3253.16 1 0
github.com/crunchydata/postgres-operator/internal/controller/postgrescluster/pgbackrest.go:3253.16,3258.3 2 0
github.com/crunchydata/postgres-operator/internal/controller/postgrescluster/pgbackrest.go:3259.2,3259.12 1 0
github.com/crunchydata/postgres-operator/internal/controller/postgrescluster/pgbackrest.go:3278.3,3281.9 2 0
github.com/crunchydata/postgres-operator/internal/controller/postgrescluster/pgbackrest.go:3282.18,3282.18 0 0
github.com/crunchydata/postgres-operator/internal/controller/postgrescluster/pgbackrest.go:3283.17,3285.38 2 0
github.com/crunchydata/postgres-operator/internal/controller/postgrescluster/pgbackrest.go:3286.38,3287.38 1 0
github.com/crunchydata/postgres-operator/internal/controller/postgrescluster/pgbackrest.go:3288.40,3295.39 1 0
github.com/crunchydata/postgres-operator/internal/controller/postgrescluster/pgbackrest.go:3296.10,3297.39 1 0
github.com/crunchydata/postgres-operator/internal/controller/postgrescluster/pgbackrest.go:3299.2,3299.60 1 0
github.com/crunchydata/postgres-operator/internal/controller/postgrescluster/pgbackrest.go:3313.3,3332.48 6 0
github.com/crunchydata/postgres-operator/internal/controller/postgrescluster/pgbackrest.go:3332.48,3334.3 1 0
github.com/crunchydata/postgres-operator/internal/controller/postgrescluster/pgbackrest.go:3336.2,3340.90 2 0
github.com/crunchydata/postgres-operator/internal/controller/postgrescluster/pgbackrest.go:3343.93,3345.38 2 5
github.com/crunchydata/postgres-operator/internal/controller/postgrescluster/pgbackrest.go:3345.38,3346.60 1 5
github.com/crunchydata/postgres-operator/internal/controller/postgrescluster/pgbackrest.go:3346.60,3348.4 1 3
github.com/crunchydata/postgres-operator/internal/controller/postgrescluster/pgbackrest.go:3350.2,3350.14 1 2
github.com/crunchydata/postgres-operator/internal/controller/postgrescluster/pgbackrest.go:3359.71,3363.63 2 4
github.com/crunchydata/postgres-operator/internal/controller/postgrescluster/pgbackrest.go:3363.63,3368.3 1 2
github.com/crunchydata/postgres-operator/internal/controller/postgrescluster/pgbackrest.go:3368.8,3368.103 1 2
github.com/crunchydata/postgres-operator/internal/controller/postgrescluster/pgbackrest.go:3368.103,3370.3 1 1
github.com/crunchydata/postgres-operator/internal/controller/postgrescluster/pgbackrest.go:3371.2,3371.21 1 4
github.com/crunchydata/postgres-operator/internal/controller/postgrescluster/pgbouncer.go:37.9,44.16 3 0
github.com/crunchydata/postgres-operator/internal/controller/postgrescluster/pgbouncer.go:44.16,46.3 1 0
github.com/crunchydata/postgres-operator/internal/controller/postgrescluster/pgbouncer.go:47.2,48.16 2 0
github.com/crunchydata/postgres-operator/internal/controller/postgrescluster/pgbouncer.go:48.16,51.3 2 0
github.com/crunchydata/postgres-operator/internal/controller/postgrescluster/pgbouncer.go:52.2,52.16 1 0
github.com/crunchydata/postgres-operator/internal/controller/postgrescluster/pgbouncer.go:52.16,54.3 1 0
github.com/crunchydata/postgres-operator/internal/controller/postgrescluster/pgbouncer.go:55.2,55.16 1 0
github.com/crunchydata/postgres-operator/internal/controller/postgrescluster/pgbouncer.go:55.16,57.3 1 0
github.com/crunchydata/postgres-operator/internal/controller/postgrescluster/pgbouncer.go:58.2,58.16 1 0
github.com/crunchydata/postgres-operator/internal/controller/postgrescluster/pgbouncer.go:58.16,60.3 1 0
github.com/crunchydata/postgres-operator/internal/controller/postgrescluster/pgbouncer.go:61.2,61.12 1 0
github.com/crunchydata/postgres-operator/internal/controller/postgrescluster/pgbouncer.go:68.67,71.70 2 0
github.com/crunchydata/postgres-operator/internal/controller/postgrescluster/pgbouncer.go:71.70,73.3 1 0
github.com/crunchydata/postgres-operator/internal/controller/postgrescluster/pgbouncer.go:75.2,75.55 1 0
github.com/crunchydata/postgres-operator/internal/controller/postgrescluster/pgbouncer.go:75.55,76.76 1 0
github.com/crunchydata/postgres-operator/internal/controller/postgrescluster/pgbouncer.go:76.76,78.4 1 0
github.com/crunchydata/postgres-operator/internal/controller/postgrescluster/pgbouncer.go:81.2,81.16 1 0
github.com/crunchydata/postgres-operator/internal/controller/postgrescluster/pgbouncer.go:92.30,96.70 3 0
github.com/crunchydata/postgres-operator/internal/controller/postgrescluster/pgbouncer.go:96.70,101.17 3 0
github.com/crunchydata/postgres-operator/internal/controller/postgrescluster/pgbouncer.go:101.17,103.4 1 0
github.com/crunchydata/postgres-operator/internal/controller/postgrescluster/pgbouncer.go:104.3,104.41 1 0
github.com/crunchydata/postgres-operator/internal/controller/postgrescluster/pgbouncer.go:107.2,120.16 4 0
github.com/crunchydata/postgres-operator/internal/controller/postgrescluster/pgbouncer.go:120.16,122.3 1 0
github.com/crunchydata/postgres-operator/internal/controller/postgrescluster/pgbouncer.go:124.2,124.63 1 0
github.com/crunchydata/postgres-operator/internal/controller/postgrescluster/pgbouncer.go:124.63,126.3 1 0
github.com/crunchydata/postgres-operator/internal/controller/postgrescluster/pgbouncer.go:128.2,128.68 1 0
github.com/crunchydata/postgres-operator/internal/controller/postgrescluster/pgbouncer.go:128.68,135.3 2 0
github.com/crunchydata/postgres-operator/internal/controller/postgrescluster/pgbouncer.go:136.2,136.16 1 0
github.com/crunchydata/postgres-operator/internal/controller/postgrescluster/pgbouncer.go:136.16,138.3 1 0
github.com/crunchydata/postgres-operator/internal/controller/postgrescluster/pgbouncer.go:140.2,140.23 1 0
github.com/crunchydata/postgres-operator/internal/controller/postgrescluster/pgbouncer.go:150.9,156.48 2 0
github.com/crunchydata/postgres-operator/internal/controller/postgrescluster/pgbouncer.go:156.48,158.50 2 0
github.com/crunchydata/postgres-operator/internal/controller/postgrescluster/pgbouncer.go:158.50,160.9 2 0
github.com/crunchydata/postgres-operator/internal/controller/postgrescluster/pgbouncer.go:163.2,163.16 1 0
github.com/crunchydata/postgres-operator/internal/controller/postgrescluster/pgbouncer.go:163.16,165.3 1 0
github.com/crunchydata/postgres-operator/internal/controller/postgrescluster/pgbouncer.go:170.2,170.68 1 0
github.com/crunchydata/postgres-operator/internal/controller/postgrescluster/pgbouncer.go:170.68,172.3 1 0
github.com/crunchydata/postgres-operator/internal/controller/postgrescluster/pgbouncer.go:173.2,173.70 1 0
github.com/crunchydata/postgres-operator/internal/controller/postgrescluster/pgbouncer.go:173.70,175.68 1 0
github.com/crunchydata/postgres-operator/internal/controller/postgrescluster/pgbouncer.go:175.68,177.4 1 0
github.com/crunchydata/postgres-operator/internal/controller/postgrescluster/pgbouncer.go:182.2,182.59 1 0
github.com/crunchydata/postgres-operator/internal/controller/postgrescluster/pgbouncer.go:182.59,187.11 1 0
github.com/crunchydata/postgres-operator/internal/controller/postgrescluster/pgbouncer.go:187.11,189.18 2 0
github.com/crunchydata/postgres-operator/internal/controller/postgrescluster/pgbouncer.go:189.18,191.5 1 0
github.com/crunchydata/postgres-operator/internal/controller/postgrescluster/pgbouncer.go:192.4,192.14 1 0
github.com/crunchydata/postgres-operator/internal/controller/postgrescluster/pgbouncer.go:195.2,195.16 1 0
github.com/crunchydata/postgres-operator/internal/controller/postgrescluster/pgbouncer.go:195.16,197.3 1 0
github.com/crunchydata/postgres-operator/internal/controller/postgrescluster/pgbouncer.go:199.2,199.67 1 0
github.com/crunchydata/postgres-operator/internal/controller/postgrescluster/pgbouncer.go:199.67,205.3 1 0
github.com/crunchydata/postgres-operator/internal/controller/postgrescluster/pgbouncer.go:210.2,210.16 1 0
github.com/crunchydata/postgres-operator/internal/controller/postgrescluster/pgbouncer.go:210.16,212.115 2 0
github.com/crunchydata/postgres-operator/internal/controller/postgrescluster/pgbouncer.go:212.115,214.4 1 0
github.com/crunchydata/postgres-operator/internal/controller/postgrescluster/pgbouncer.go:216.2,216.16 1 0
github.com/crunchydata/postgres-operator/internal/controller/postgrescluster/pgbouncer.go:216.16,218.3 1 0
github.com/crunchydata/postgres-operator/internal/controller/postgrescluster/pgbouncer.go:220.2,220.12 1 0
github.com/crunchydata/postgres-operator/internal/controller/postgrescluster/pgbouncer.go:230.27,234.39 3 0
github.com/crunchydata/postgres-operator/internal/controller/postgrescluster/pgbouncer.go:234.39,236.3 1 0
github.com/crunchydata/postgres-operator/internal/controller/postgrescluster/pgbouncer.go:238.2,238.70 1 0
github.com/crunchydata/postgres-operator/internal/controller/postgrescluster/pgbouncer.go:238.70,240.17 1 0
github.com/crunchydata/postgres-operator/internal/controller/postgrescluster/pgbouncer.go:240.17,242.4 1 0
github.com/crunchydata/postgres-operator/internal/controller/postgrescluster/pgbouncer.go:243.3,243.41 1 0
github.com/crunchydata/postgres-operator/internal/controller/postgrescluster/pgbouncer.go:246.2,252.16 5 0
github.com/crunchydata/postgres-operator/internal/controller/postgrescluster/pgbouncer.go:252.16,254.3 1 0
github.com/crunchydata/postgres-operator/internal/controller/postgrescluster/pgbouncer.go:256.2,267.16 3 0
github.com/crunchydata/postgres-operator/internal/controller/postgrescluster/pgbouncer.go:267.16,269.3 1 0
github.com/crunchydata/postgres-operator/internal/controller/postgrescluster/pgbouncer.go:270.2,270.16 1 0
github.com/crunchydata/postgres-operator/internal/controller/postgrescluster/pgbouncer.go:270.16,272.3 1 0
github.com/crunchydata/postgres-operator/internal/controller/postgrescluster/pgbouncer.go:274.2,274.20 1 0
github.com/crunchydata/postgres-operator/internal/controller/postgrescluster/pgbouncer.go:281.3,285.70 3 11
github.com/crunchydata/postgres-operator/internal/controller/postgrescluster/pgbouncer.go:285.70,287.3 1 2
github.com/crunchydata/postgres-operator/internal/controller/postgrescluster/pgbouncer.go:289.2,296.63 3 9
github.com/crunchydata/postgres-operator/internal/controller/postgrescluster/pgbouncer.go:296.63,301.3 2 7
github.com/crunchydata/postgres-operator/internal/controller/postgrescluster/pgbouncer.go:304.2,328.63 4 9
github.com/crunchydata/postgres-operator/internal/controller/postgrescluster/pgbouncer.go:328.63,330.3 1 2
github.com/crunchydata/postgres-operator/internal/controller/postgrescluster/pgbouncer.go:330.8,332.27 2 7
github.com/crunchydata/postgres-operator/internal/controller/postgrescluster/pgbouncer.go:332.27,333.56 1 3
github.com/crunchydata/postgres-operator/internal/controller/postgrescluster/pgbouncer.go:333.56,343.5 2 1
github.com/crunchydata/postgres-operator/internal/controller/postgrescluster/pgbouncer.go:344.4,344.41 1 2
github.com/crunchydata/postgres-operator/internal/controller/postgrescluster/pgbouncer.go:346.3,350.33 3 6
github.com/crunchydata/postgres-operator/internal/controller/postgrescluster/pgbouncer.go:350.33,352.4 1 0
github.com/crunchydata/postgres-operator/internal/controller/postgrescluster/pgbouncer.go:353.3,353.31 1 6
github.com/crunchydata/postgres-operator/internal/controller/postgrescluster/pgbouncer.go:353.31,355.4 1 0
github.com/crunchydata/postgres-operator/internal/controller/postgrescluster/pgbouncer.go:357.2,361.27 3 8
github.com/crunchydata/postgres-operator/internal/controller/postgrescluster/pgbouncer.go:370.28,373.30 2 0
github.com/crunchydata/postgres-operator/internal/controller/postgrescluster/pgbouncer.go:373.30,378.17 3 0
github.com/crunchydata/postgres-operator/internal/controller/postgrescluster/pgbouncer.go:378.17,380.4 1 0
github.com/crunchydata/postgres-operator/internal/controller/postgrescluster/pgbouncer.go:381.3,381.41 1 0
github.com/crunchydata/postgres-operator/internal/controller/postgrescluster/pgbouncer.go:384.2,384.16 1 0
github.com/crunchydata/postgres-operator/internal/controller/postgrescluster/pgbouncer.go:384.16,386.3 1 0
github.com/crunchydata/postgres-operator/internal/controller/postgrescluster/pgbouncer.go:387.2,387.21 1 0
github.com/crunchydata/postgres-operator/internal/controller/postgrescluster/pgbouncer.go:396.37,400.70 3 6
github.com/crunchydata/postgres-operator/internal/controller/postgrescluster/pgbouncer.go:400.70,402.3 1 2
github.com/crunchydata/postgres-operator/internal/controller/postgrescluster/pgbouncer.go:404.2,436.60 6 4
github.com/crunchydata/postgres-operator/internal/controller/postgrescluster/pgbouncer.go:436.60,438.3 1 0
github.com/crunchydata/postgres-operator/internal/controller/postgrescluster/pgbouncer.go:438.8,440.3 1 4
github.com/crunchydata/postgres-operator/internal/controller/postgrescluster/pgbouncer.go:443.2,463.71 8 4
github.com/crunchydata/postgres-operator/internal/controller/postgrescluster/pgbouncer.go:463.71,467.3 1 3
github.com/crunchydata/postgres-operator/internal/controller/postgrescluster/pgbouncer.go:471.2,489.52 7 4
github.com/crunchydata/postgres-operator/internal/controller/postgrescluster/pgbouncer.go:489.52,491.3 1 0
github.com/crunchydata/postgres-operator/internal/controller/postgrescluster/pgbouncer.go:492.2,501.16 4 4
github.com/crunchydata/postgres-operator/internal/controller/postgrescluster/pgbouncer.go:501.16,503.3 1 4
github.com/crunchydata/postgres-operator/internal/controller/postgrescluster/pgbouncer.go:506.2,509.114 2 4
github.com/crunchydata/postgres-operator/internal/controller/postgrescluster/pgbouncer.go:509.114,512.33 2 1
github.com/crunchydata/postgres-operator/internal/controller/postgrescluster/pgbouncer.go:512.33,515.4 1 0
github.com/crunchydata/postgres-operator/internal/controller/postgrescluster/pgbouncer.go:518.2,518.26 1 4
github.com/crunchydata/postgres-operator/internal/controller/postgrescluster/pgbouncer.go:530.9,535.15 2 0
github.com/crunchydata/postgres-operator/internal/controller/postgrescluster/pgbouncer.go:535.15,543.43 4 0
github.com/crunchydata/postgres-operator/internal/controller/postgrescluster/pgbouncer.go:543.43,544.70 1 0
github.com/crunchydata/postgres-operator/internal/controller/postgrescluster/pgbouncer.go:544.70,546.5 1 0
github.com/crunchydata/postgres-operator/internal/controller/postgrescluster/pgbouncer.go:549.3,549.23 1 0
github.com/crunchydata/postgres-operator/internal/controller/postgrescluster/pgbouncer.go:549.23,551.4 1 0
github.com/crunchydata/postgres-operator/internal/controller/postgrescluster/pgbouncer.go:551.9,561.4 1 0
github.com/crunchydata/postgres-operator/internal/controller/postgrescluster/pgbouncer.go:564.2,564.30 1 0
github.com/crunchydata/postgres-operator/internal/controller/postgrescluster/pgbouncer.go:564.30,569.17 3 0
github.com/crunchydata/postgres-operator/internal/controller/postgrescluster/pgbouncer.go:569.17,571.4 1 0
github.com/crunchydata/postgres-operator/internal/controller/postgrescluster/pgbouncer.go:572.3,572.36 1 0
github.com/crunchydata/postgres-operator/internal/controller/postgrescluster/pgbouncer.go:575.2,575.16 1 0
github.com/crunchydata/postgres-operator/internal/controller/postgrescluster/pgbouncer.go:575.16,577.3 1 0
github.com/crunchydata/postgres-operator/internal/controller/postgrescluster/pgbouncer.go:578.2,578.12 1 0
github.com/crunchydata/postgres-operator/internal/controller/postgrescluster/pgbouncer.go:590.9,591.68 1 0
github.com/crunchydata/postgres-operator/internal/controller/postgrescluster/pgbouncer.go:591.68,594.17 3 0
github.com/crunchydata/postgres-operator/internal/controller/postgrescluster/pgbouncer.go:594.17,596.4 1 0
github.com/crunchydata/postgres-operator/internal/controller/postgrescluster/pgbouncer.go:597.3,597.36 1 0
github.com/crunchydata/postgres-operator/internal/controller/postgrescluster/pgbouncer.go:600.2,600.70 1 0
github.com/crunchydata/postgres-operator/internal/controller/postgrescluster/pgbouncer.go:600.70,602.3 1 0
github.com/crunchydata/postgres-operator/internal/controller/postgrescluster/pgbouncer.go:604.2,604.50 1 0
github.com/crunchydata/postgres-operator/internal/controller/postgrescluster/pgbouncer.go:604.50,607.3 1 0
github.com/crunchydata/postgres-operator/internal/controller/postgrescluster/pgbouncer.go:608.2,615.31 3 0
github.com/crunchydata/postgres-operator/internal/controller/postgrescluster/pgbouncer.go:615.31,617.3 1 0
github.com/crunchydata/postgres-operator/internal/controller/postgrescluster/pgbouncer.go:619.2,631.16 6 0
github.com/crunchydata/postgres-operator/internal/controller/postgrescluster/pgbouncer.go:631.16,633.3 1 0
github.com/crunchydata/postgres-operator/internal/controller/postgrescluster/pgbouncer.go:635.2,635.16 1 0
github.com/crunchydata/postgres-operator/internal/controller/postgrescluster/pgbouncer.go:635.16,637.3 1 0
github.com/crunchydata/postgres-operator/internal/controller/postgrescluster/pgbouncer.go:638.2,638.12 1 0
github.com/crunchydata/postgres-operator/internal/controller/postgrescluster/pgmonitor.go:43.41,55.51 3 1
github.com/crunchydata/postgres-operator/internal/controller/postgrescluster/pgmonitor.go:55.51,57.3 1 0
github.com/crunchydata/postgres-operator/internal/controller/postgrescluster/pgmonitor.go:66.2,66.100 1 1
github.com/crunchydata/postgres-operator/internal/controller/postgrescluster/pgmonitor.go:66.100,68.17 2 0
github.com/crunchydata/postgres-operator/internal/controller/postgrescluster/pgmonitor.go:68.17,70.4 1 0
github.com/crunchydata/postgres-operator/internal/controller/postgrescluster/pgmonitor.go:72.3,72.58 1 0
github.com/crunchydata/postgres-operator/internal/controller/postgrescluster/pgmonitor.go:72.58,74.4 1 0
github.com/crunchydata/postgres-operator/internal/controller/postgrescluster/pgmonitor.go:74.9,82.4 1 0
github.com/crunchydata/postgres-operator/internal/controller/postgrescluster/pgmonitor.go:84.3,84.72 1 0
github.com/crunchydata/postgres-operator/internal/controller/postgrescluster/pgmonitor.go:84.72,85.56 1 0
github.com/crunchydata/postgres-operator/internal/controller/postgrescluster/pgmonitor.go:85.56,87.5 1 0
github.com/crunchydata/postgres-operator/internal/controller/postgrescluster/pgmonitor.go:91.3,91.23 1 0
github.com/crunchydata/postgres-operator/internal/controller/postgrescluster/pgmonitor.go:91.23,93.4 1 0
github.com/crunchydata/postgres-operator/internal/controller/postgrescluster/pgmonitor.go:99.2,99.68 1 1
github.com/crunchydata/postgres-operator/internal/controller/postgrescluster/pgmonitor.go:99.68,101.3 1 0
github.com/crunchydata/postgres-operator/internal/controller/postgrescluster/pgmonitor.go:103.2,103.102 1 1
github.com/crunchydata/postgres-operator/internal/controller/postgrescluster/pgmonitor.go:103.102,104.68 1 1
github.com/crunchydata/postgres-operator/internal/controller/postgrescluster/pgmonitor.go:104.68,106.4 1 2
github.com/crunchydata/postgres-operator/internal/controller/postgrescluster/pgmonitor.go:109.2,109.59 1 1
github.com/crunchydata/postgres-operator/internal/controller/postgrescluster/pgmonitor.go:109.59,114.11 1 1
github.com/crunchydata/postgres-operator/internal/controller/postgrescluster/pgmonitor.go:114.11,116.18 2 1
github.com/crunchydata/postgres-operator/internal/controller/postgrescluster/pgmonitor.go:116.18,119.5 1 1
github.com/crunchydata/postgres-operator/internal/controller/postgrescluster/pgmonitor.go:120.4,120.14 1 1
github.com/crunchydata/postgres-operator/internal/controller/postgrescluster/pgmonitor.go:124.2,124.16 1 1
github.com/crunchydata/postgres-operator/internal/controller/postgrescluster/pgmonitor.go:124.16,126.3 1 0
github.com/crunchydata/postgres-operator/internal/controller/postgrescluster/pgmonitor.go:128.2,128.65 1 1
github.com/crunchydata/postgres-operator/internal/controller/postgrescluster/pgmonitor.go:128.65,134.17 2 1
github.com/crunchydata/postgres-operator/internal/controller/postgrescluster/pgmonitor.go:134.17,136.56 1 1
github.com/crunchydata/postgres-operator/internal/controller/postgrescluster/pgmonitor.go:136.56,138.5 1 1
github.com/crunchydata/postgres-operator/internal/controller/postgrescluster/pgmonitor.go:140.3,140.17 1 1
github.com/crunchydata/postgres-operator/internal/controller/postgrescluster/pgmonitor.go:140.17,142.4 1 1
github.com/crunchydata/postgres-operator/internal/controller/postgrescluster/pgmonitor.go:145.2,145.12 1 1
github.com/crunchydata/postgres-operator/internal/controller/postgrescluster/pgmonitor.go:152.60,157.39 3 0
github.com/crunchydata/postgres-operator/internal/controller/postgrescluster/pgmonitor.go:157.39,159.3 1 0
github.com/crunchydata/postgres-operator/internal/controller/postgrescluster/pgmonitor.go:165.2,165.102 1 0
github.com/crunchydata/postgres-operator/internal/controller/postgrescluster/pgmonitor.go:165.102,166.17 1 0
github.com/crunchydata/postgres-operator/internal/controller/postgrescluster/pgmonitor.go:166.17,168.4 1 0
github.com/crunchydata/postgres-operator/internal/controller/postgrescluster/pgmonitor.go:169.3,169.41 1 0
github.com/crunchydata/postgres-operator/internal/controller/postgrescluster/pgmonitor.go:172.2,188.26 6 0
github.com/crunchydata/postgres-operator/internal/controller/postgrescluster/pgmonitor.go:188.26,191.3 2 0
github.com/crunchydata/postgres-operator/internal/controller/postgrescluster/pgmonitor.go:194.2,194.39 1 0
github.com/crunchydata/postgres-operator/internal/controller/postgrescluster/pgmonitor.go:194.39,196.17 2 0
github.com/crunchydata/postgres-operator/internal/controller/postgrescluster/pgmonitor.go:196.17,198.4 1 0
github.com/crunchydata/postgres-operator/internal/controller/postgrescluster/pgmonitor.go:199.3,201.32 2 0
github.com/crunchydata/postgres-operator/internal/controller/postgrescluster/pgmonitor.go:208.2,208.39 1 0
github.com/crunchydata/postgres-operator/internal/controller/postgrescluster/pgmonitor.go:208.39,210.17 2 0
github.com/crunchydata/postgres-operator/internal/controller/postgrescluster/pgmonitor.go:210.17,212.4 1 0
github.com/crunchydata/postgres-operator/internal/controller/postgrescluster/pgmonitor.go:213.3,213.45 1 0
github.com/crunchydata/postgres-operator/internal/controller/postgrescluster/pgmonitor.go:216.2,217.16 2 0
github.com/crunchydata/postgres-operator/internal/controller/postgrescluster/pgmonitor.go:217.16,219.3 1 0
github.com/crunchydata/postgres-operator/internal/controller/postgrescluster/pgmonitor.go:220.2,220.16 1 0
github.com/crunchydata/postgres-operator/internal/controller/postgrescluster/pgmonitor.go:220.16,222.3 1 0
github.com/crunchydata/postgres-operator/internal/controller/postgrescluster/pgmonitor.go:224.2,224.17 1 0
github.com/crunchydata/postgres-operator/internal/controller/postgrescluster/pgmonitor.go:236.62,238.101 1 11
github.com/crunchydata/postgres-operator/internal/controller/postgrescluster/pgmonitor.go:238.101,240.3 1 1
github.com/crunchydata/postgres-operator/internal/controller/postgrescluster/pgmonitor.go:242.2,250.9 4 10
github.com/crunchydata/postgres-operator/internal/controller/postgrescluster/pgmonitor.go:251.88,253.49 1 0
github.com/crunchydata/postgres-operator/internal/controller/postgrescluster/pgmonitor.go:254.88,257.49 1 0
github.com/crunchydata/postgres-operator/internal/controller/postgrescluster/pgmonitor.go:260.25,262.40 1 4
github.com/crunchydata/postgres-operator/internal/controller/postgrescluster/pgmonitor.go:263.10,264.62 1 6
github.com/crunchydata/postgres-operator/internal/controller/postgrescluster/pgmonitor.go:267.2,324.67 6 10
github.com/crunchydata/postgres-operator/internal/controller/postgrescluster/pgmonitor.go:324.67,335.3 2 9
github.com/crunchydata/postgres-operator/internal/controller/postgrescluster/pgmonitor.go:337.2,337.23 1 10
github.com/crunchydata/postgres-operator/internal/controller/postgrescluster/pgmonitor.go:337.23,365.3 7 4
github.com/crunchydata/postgres-operator/internal/controller/postgrescluster/pgmonitor.go:367.2,371.58 3 10
github.com/crunchydata/postgres-operator/internal/controller/postgrescluster/pgmonitor.go:376.63,378.57 1 0
github.com/crunchydata/postgres-operator/internal/controller/postgrescluster/pgmonitor.go:378.57,380.3 1 0
github.com/crunchydata/postgres-operator/internal/controller/postgrescluster/pgmonitor.go:382.2,384.39 3 0
github.com/crunchydata/postgres-operator/internal/controller/postgrescluster/pgmonitor.go:384.39,386.3 1 0
github.com/crunchydata/postgres-operator/internal/controller/postgrescluster/pgmonitor.go:388.2,390.69 1 0
github.com/crunchydata/postgres-operator/internal/controller/postgrescluster/pgmonitor.go:390.69,393.17 1 0
github.com/crunchydata/postgres-operator/internal/controller/postgrescluster/pgmonitor.go:393.17,395.4 1 0
github.com/crunchydata/postgres-operator/internal/controller/postgrescluster/pgmonitor.go:396.3,396.41 1 0
github.com/crunchydata/postgres-operator/internal/controller/postgrescluster/pgmonitor.go:399.2,427.16 6 0
github.com/crunchydata/postgres-operator/internal/controller/postgrescluster/pgmonitor.go:427.16,429.3 1 0
github.com/crunchydata/postgres-operator/internal/controller/postgrescluster/pgmonitor.go:430.2,430.16 1 0
github.com/crunchydata/postgres-operator/internal/controller/postgrescluster/pgmonitor.go:430.16,432.3 1 0
github.com/crunchydata/postgres-operator/internal/controller/postgrescluster/pgmonitor.go:434.2,434.17 1 0
github.com/crunchydata/postgres-operator/internal/controller/postgrescluster/pgmonitor.go:439.63,443.39 3 0
github.com/crunchydata/postgres-operator/internal/controller/postgrescluster/pgmonitor.go:443.39,445.3 1 0
github.com/crunchydata/postgres-operator/internal/controller/postgrescluster/pgmonitor.go:447.2,447.101 1 0
github.com/crunchydata/postgres-operator/internal/controller/postgrescluster/pgmonitor.go:447.101,450.17 1 0
github.com/crunchydata/postgres-operator/internal/controller/postgrescluster/pgmonitor.go:450.17,452.4 1 0
github.com/crunchydata/postgres-operator/internal/controller/postgrescluster/pgmonitor.go:453.3,453.41 1 0
github.com/crunchydata/postgres-operator/internal/controller/postgrescluster/pgmonitor.go:456.2,474.16 6 0
github.com/crunchydata/postgres-operator/internal/controller/postgrescluster/pgmonitor.go:474.16,476.3 1 0
github.com/crunchydata/postgres-operator/internal/controller/postgrescluster/pgmonitor.go:477.2,477.16 1 0
github.com/crunchydata/postgres-operator/internal/controller/postgrescluster/pgmonitor.go:477.16,479.3 1 0
github.com/crunchydata/postgres-operator/internal/controller/postgrescluster/pgmonitor.go:481.2,481.17 1 0
github.com/crunchydata/postgres-operator/internal/controller/postgrescluster/pki.go:39.3,49.16 6 0
github.com/crunchydata/postgres-operator/internal/controller/postgrescluster/pki.go:49.16,56.29 3 0
github.com/crunchydata/postgres-operator/internal/controller/postgrescluster/pki.go:56.29,59.4 2 0
github.com/crunchydata/postgres-operator/internal/controller/postgrescluster/pki.go:62.2,77.16 6 0
github.com/crunchydata/postgres-operator/internal/controller/postgrescluster/pki.go:77.16,79.3 1 0
github.com/crunchydata/postgres-operator/internal/controller/postgrescluster/pki.go:80.2,80.16 1 0
github.com/crunchydata/postgres-operator/internal/controller/postgrescluster/pki.go:80.16,83.3 2 0
github.com/crunchydata/postgres-operator/internal/controller/postgrescluster/pki.go:84.2,84.16 1 0
github.com/crunchydata/postgres-operator/internal/controller/postgrescluster/pki.go:84.16,87.3 2 0
github.com/crunchydata/postgres-operator/internal/controller/postgrescluster/pki.go:88.2,88.16 1 0
github.com/crunchydata/postgres-operator/internal/controller/postgrescluster/pki.go:88.16,90.3 1 0
github.com/crunchydata/postgres-operator/internal/controller/postgrescluster/pki.go:92.2,92.18 1 0
github.com/crunchydata/postgres-operator/internal/controller/postgrescluster/pki.go:113.3,115.41 1 0
github.com/crunchydata/postgres-operator/internal/controller/postgrescluster/pki.go:115.41,117.3 1 0
github.com/crunchydata/postgres-operator/internal/controller/postgrescluster/pki.go:119.2,129.16 7 0
github.com/crunchydata/postgres-operator/internal/controller/postgrescluster/pki.go:129.16,138.3 4 0
github.com/crunchydata/postgres-operator/internal/controller/postgrescluster/pki.go:140.2,153.16 7 0
github.com/crunchydata/postgres-operator/internal/controller/postgrescluster/pki.go:153.16,155.3 1 0
github.com/crunchydata/postgres-operator/internal/controller/postgrescluster/pki.go:157.2,157.16 1 0
github.com/crunchydata/postgres-operator/internal/controller/postgrescluster/pki.go:157.16,160.3 2 0
github.com/crunchydata/postgres-operator/internal/controller/postgrescluster/pki.go:161.2,161.16 1 0
github.com/crunchydata/postgres-operator/internal/controller/postgrescluster/pki.go:161.16,164.3 2 0
github.com/crunchydata/postgres-operator/internal/controller/postgrescluster/pki.go:165.2,165.16 1 0
github.com/crunchydata/postgres-operator/internal/controller/postgrescluster/pki.go:165.16,168.3 2 0
github.com/crunchydata/postgres-operator/internal/controller/postgrescluster/pki.go:174.2,174.16 1 0
github.com/crunchydata/postgres-operator/internal/controller/postgrescluster/pki.go:174.16,176.3 1 0
github.com/crunchydata/postgres-operator/internal/controller/postgrescluster/pki.go:178.2,178.49 1 0
github.com/crunchydata/postgres-operator/internal/controller/postgrescluster/pki.go:197.3,208.16 6 0
github.com/crunchydata/postgres-operator/internal/controller/postgrescluster/pki.go:208.16,217.3 4 0
github.com/crunchydata/postgres-operator/internal/controller/postgrescluster/pki.go:219.2,219.16 1 0
github.com/crunchydata/postgres-operator/internal/controller/postgrescluster/pki.go:219.16,222.3 2 0
github.com/crunchydata/postgres-operator/internal/controller/postgrescluster/pki.go:223.2,223.16 1 0
github.com/crunchydata/postgres-operator/internal/controller/postgrescluster/pki.go:223.16,226.3 2 0
github.com/crunchydata/postgres-operator/internal/controller/postgrescluster/pki.go:228.2,228.18 1 0
github.com/crunchydata/postgres-operator/internal/controller/postgrescluster/pki.go:233.87,253.2 1 0
github.com/crunchydata/postgres-operator/internal/controller/postgrescluster/pod_disruption_budget.go:29.42,40.2 4 2
github.com/crunchydata/postgres-operator/internal/controller/postgrescluster/pod_disruption_budget.go:49.23,53.25 1 6
github.com/crunchydata/postgres-operator/internal/controller/postgrescluster/pod_disruption_budget.go:53.25,55.3 1 4
github.com/crunchydata/postgres-operator/internal/controller/postgrescluster/pod_disruption_budget.go:59.2,62.18 2 2
github.com/crunchydata/postgres-operator/internal/controller/postgrescluster/pod_disruption_budget.go:62.18,64.3 1 1
github.com/crunchydata/postgres-operator/internal/controller/postgrescluster/pod_disruption_budget.go:67.2,67.53 1 2
github.com/crunchydata/postgres-operator/internal/controller/postgrescluster/postgres.go:47.105,48.17 1 10
github.com/crunchydata/postgres-operator/internal/controller/postgrescluster/postgres.go:48.17,50.3 1 1
github.com/crunchydata/postgres-operator/internal/controller/postgrescluster/postgres.go:52.2,59.31 3 9
github.com/crunchydata/postgres-operator/internal/controller/postgrescluster/postgres.go:59.31,61.3 1 1
github.com/crunchydata/postgres-operator/internal/controller/postgrescluster/postgres.go:61.8,63.3 1 8
github.com/crunchydata/postgres-operator/internal/controller/postgrescluster/postgres.go:65.2,65.29 1 9
github.com/crunchydata/postgres-operator/internal/controller/postgrescluster/postgres.go:65.29,67.3 1 1
github.com/crunchydata/postgres-operator/internal/controller/postgrescluster/postgres.go:68.2,68.25 1 9
github.com/crunchydata/postgres-operator/internal/controller/postgrescluster/postgres.go:68.25,70.3 1 3
github.com/crunchydata/postgres-operator/internal/controller/postgrescluster/postgres.go:71.2,71.27 1 9
github.com/crunchydata/postgres-operator/internal/controller/postgrescluster/postgres.go:71.27,73.34 2 1
github.com/crunchydata/postgres-operator/internal/controller/postgrescluster/postgres.go:73.34,75.4 1 1
github.com/crunchydata/postgres-operator/internal/controller/postgrescluster/postgres.go:76.3,76.23 1 1
github.com/crunchydata/postgres-operator/internal/controller/postgrescluster/postgres.go:79.2,79.15 1 9
github.com/crunchydata/postgres-operator/internal/controller/postgrescluster/postgres.go:89.25,102.56 7 4
github.com/crunchydata/postgres-operator/internal/controller/postgrescluster/postgres.go:102.56,103.34 1 2
github.com/crunchydata/postgres-operator/internal/controller/postgrescluster/postgres.go:103.34,104.23 1 4
github.com/crunchydata/postgres-operator/internal/controller/postgrescluster/postgres.go:104.23,106.5 1 0
github.com/crunchydata/postgres-operator/internal/controller/postgrescluster/postgres.go:106.10,108.5 1 4
github.com/crunchydata/postgres-operator/internal/controller/postgrescluster/postgres.go:113.2,116.34 2 4
github.com/crunchydata/postgres-operator/internal/controller/postgrescluster/postgres.go:116.34,118.3 1 1
github.com/crunchydata/postgres-operator/internal/controller/postgrescluster/postgres.go:120.2,120.15 1 4
github.com/crunchydata/postgres-operator/internal/controller/postgrescluster/postgres.go:131.26,143.77 8 7
github.com/crunchydata/postgres-operator/internal/controller/postgrescluster/postgres.go:143.77,145.3 1 4
github.com/crunchydata/postgres-operator/internal/controller/postgrescluster/postgres.go:148.2,148.50 1 7
github.com/crunchydata/postgres-operator/internal/controller/postgrescluster/postgres.go:148.50,149.39 1 5
github.com/crunchydata/postgres-operator/internal/controller/postgrescluster/postgres.go:149.39,151.4 1 9
github.com/crunchydata/postgres-operator/internal/controller/postgrescluster/postgres.go:155.2,155.30 1 7
github.com/crunchydata/postgres-operator/internal/controller/postgrescluster/postgres.go:155.30,160.47 2 7
github.com/crunchydata/postgres-operator/internal/controller/postgrescluster/postgres.go:160.47,162.73 1 77
github.com/crunchydata/postgres-operator/internal/controller/postgrescluster/postgres.go:162.73,164.5 1 3
github.com/crunchydata/postgres-operator/internal/controller/postgrescluster/postgres.go:166.4,166.20 1 77
github.com/crunchydata/postgres-operator/internal/controller/postgrescluster/postgres.go:171.2,171.63 1 7
github.com/crunchydata/postgres-operator/internal/controller/postgrescluster/postgres.go:171.63,175.41 1 7
github.com/crunchydata/postgres-operator/internal/controller/postgrescluster/postgres.go:175.41,177.4 1 1
github.com/crunchydata/postgres-operator/internal/controller/postgrescluster/postgres.go:179.3,179.50 1 7
github.com/crunchydata/postgres-operator/internal/controller/postgrescluster/postgres.go:183.2,185.15 2 7
github.com/crunchydata/postgres-operator/internal/controller/postgrescluster/postgres.go:193.27,211.21 11 13
github.com/crunchydata/postgres-operator/internal/controller/postgrescluster/postgres.go:211.21,214.3 2 5
github.com/crunchydata/postgres-operator/internal/controller/postgrescluster/postgres.go:217.2,217.39 1 13
github.com/crunchydata/postgres-operator/internal/controller/postgrescluster/postgres.go:217.39,221.27 2 11
github.com/crunchydata/postgres-operator/internal/controller/postgrescluster/postgres.go:221.27,222.30 1 1
github.com/crunchydata/postgres-operator/internal/controller/postgrescluster/postgres.go:223.50,224.49 1 1
github.com/crunchydata/postgres-operator/internal/controller/postgrescluster/postgres.go:228.3,229.17 2 11
github.com/crunchydata/postgres-operator/internal/controller/postgrescluster/postgres.go:229.17,231.4 1 0
github.com/crunchydata/postgres-operator/internal/controller/postgrescluster/postgres.go:232.3,233.32 2 11
github.com/crunchydata/postgres-operator/internal/controller/postgrescluster/postgres.go:240.2,240.39 1 13
github.com/crunchydata/postgres-operator/internal/controller/postgrescluster/postgres.go:240.39,242.17 2 12
github.com/crunchydata/postgres-operator/internal/controller/postgrescluster/postgres.go:242.17,244.4 1 0
github.com/crunchydata/postgres-operator/internal/controller/postgrescluster/postgres.go:245.3,245.45 1 12
github.com/crunchydata/postgres-operator/internal/controller/postgrescluster/postgres.go:250.2,250.29 1 13
github.com/crunchydata/postgres-operator/internal/controller/postgrescluster/postgres.go:250.29,272.3 7 3
github.com/crunchydata/postgres-operator/internal/controller/postgrescluster/postgres.go:275.2,275.70 1 13
github.com/crunchydata/postgres-operator/internal/controller/postgrescluster/postgres.go:275.70,283.30 6 2
github.com/crunchydata/postgres-operator/internal/controller/postgrescluster/postgres.go:283.30,308.4 7 1
github.com/crunchydata/postgres-operator/internal/controller/postgrescluster/postgres.go:311.2,322.20 4 13
github.com/crunchydata/postgres-operator/internal/controller/postgrescluster/postgres.go:328.9,335.16 4 0
github.com/crunchydata/postgres-operator/internal/controller/postgrescluster/postgres.go:335.16,337.3 1 0
github.com/crunchydata/postgres-operator/internal/controller/postgrescluster/postgres.go:339.2,342.10 2 0
github.com/crunchydata/postgres-operator/internal/controller/postgrescluster/postgres.go:342.10,344.3 1 0
github.com/crunchydata/postgres-operator/internal/controller/postgrescluster/postgres.go:348.2,349.31 2 0
github.com/crunchydata/postgres-operator/internal/controller/postgrescluster/postgres.go:349.31,358.37 2 0
github.com/crunchydata/postgres-operator/internal/controller/postgrescluster/postgres.go:358.37,362.4 1 0
github.com/crunchydata/postgres-operator/internal/controller/postgrescluster/postgres.go:362.9,364.4 1 0
github.com/crunchydata/postgres-operator/internal/controller/postgrescluster/postgres.go:365.8,366.43 1 0
github.com/crunchydata/postgres-operator/internal/controller/postgrescluster/postgres.go:366.43,368.4 1 0
github.com/crunchydata/postgres-operator/internal/controller/postgrescluster/postgres.go:371.2,372.68 2 0
github.com/crunchydata/postgres-operator/internal/controller/postgrescluster/postgres.go:372.68,373.75 1 0
github.com/crunchydata/postgres-operator/internal/controller/postgrescluster/postgres.go:373.75,380.4 1 0
github.com/crunchydata/postgres-operator/internal/controller/postgrescluster/postgres.go:386.3,386.40 1 0
github.com/crunchydata/postgres-operator/internal/controller/postgrescluster/postgres.go:386.40,388.4 1 0
github.com/crunchydata/postgres-operator/internal/controller/postgrescluster/postgres.go:388.9,388.96 1 0
github.com/crunchydata/postgres-operator/internal/controller/postgrescluster/postgres.go:388.96,392.4 1 0
github.com/crunchydata/postgres-operator/internal/controller/postgrescluster/postgres.go:394.3,394.79 1 0
github.com/crunchydata/postgres-operator/internal/controller/postgrescluster/postgres.go:398.2,398.59 1 0
github.com/crunchydata/postgres-operator/internal/controller/postgrescluster/postgres.go:398.59,402.11 1 0
github.com/crunchydata/postgres-operator/internal/controller/postgrescluster/postgres.go:402.11,404.34 2 0
github.com/crunchydata/postgres-operator/internal/controller/postgrescluster/postgres.go:404.34,406.5 1 0
github.com/crunchydata/postgres-operator/internal/controller/postgrescluster/postgres.go:407.4,407.14 1 0
github.com/crunchydata/postgres-operator/internal/controller/postgrescluster/postgres.go:411.2,411.63 1 0
github.com/crunchydata/postgres-operator/internal/controller/postgrescluster/postgres.go:411.63,417.3 1 0
github.com/crunchydata/postgres-operator/internal/controller/postgrescluster/postgres.go:422.2,422.16 1 0
github.com/crunchydata/postgres-operator/internal/controller/postgrescluster/postgres.go:422.16,425.3 2 0
github.com/crunchydata/postgres-operator/internal/controller/postgrescluster/postgres.go:426.2,426.49 1 0
github.com/crunchydata/postgres-operator/internal/controller/postgrescluster/postgres.go:426.49,428.3 1 0
github.com/crunchydata/postgres-operator/internal/controller/postgrescluster/postgres.go:430.2,430.12 1 0
github.com/crunchydata/postgres-operator/internal/controller/postgrescluster/postgres.go:437.9,441.16 3 0
github.com/crunchydata/postgres-operator/internal/controller/postgrescluster/postgres.go:441.16,443.3 1 0
github.com/crunchydata/postgres-operator/internal/controller/postgrescluster/postgres.go:444.2,444.16 1 0
github.com/crunchydata/postgres-operator/internal/controller/postgrescluster/postgres.go:444.16,450.3 1 0
github.com/crunchydata/postgres-operator/internal/controller/postgrescluster/postgres.go:451.2,451.12 1 0
github.com/crunchydata/postgres-operator/internal/controller/postgrescluster/postgres.go:457.78,458.34 1 5
github.com/crunchydata/postgres-operator/internal/controller/postgrescluster/postgres.go:458.34,460.3 1 2
github.com/crunchydata/postgres-operator/internal/controller/postgrescluster/postgres.go:462.2,466.36 4 3
github.com/crunchydata/postgres-operator/internal/controller/postgrescluster/postgres.go:466.36,470.43 3 7
github.com/crunchydata/postgres-operator/internal/controller/postgrescluster/postgres.go:470.43,474.4 1 3
github.com/crunchydata/postgres-operator/internal/controller/postgrescluster/postgres.go:475.3,475.43 1 7
github.com/crunchydata/postgres-operator/internal/controller/postgrescluster/postgres.go:475.43,479.4 1 2
github.com/crunchydata/postgres-operator/internal/controller/postgrescluster/postgres.go:481.3,481.20 1 7
github.com/crunchydata/postgres-operator/internal/controller/postgrescluster/postgres.go:481.20,484.4 1 5
github.com/crunchydata/postgres-operator/internal/controller/postgrescluster/postgres.go:499.3,505.22 2 0
github.com/crunchydata/postgres-operator/internal/controller/postgrescluster/postgres.go:505.22,512.37 4 0
github.com/crunchydata/postgres-operator/internal/controller/postgrescluster/postgres.go:512.37,516.4 1 0
github.com/crunchydata/postgres-operator/internal/controller/postgrescluster/postgres.go:518.3,518.40 1 0
github.com/crunchydata/postgres-operator/internal/controller/postgrescluster/postgres.go:518.40,522.4 1 0
github.com/crunchydata/postgres-operator/internal/controller/postgrescluster/postgres.go:524.3,524.25 1 0
github.com/crunchydata/postgres-operator/internal/controller/postgrescluster/postgres.go:524.25,527.4 1 0
github.com/crunchydata/postgres-operator/internal/controller/postgrescluster/postgres.go:527.9,532.4 1 0
github.com/crunchydata/postgres-operator/internal/controller/postgrescluster/postgres.go:536.2,537.27 2 0
github.com/crunchydata/postgres-operator/internal/controller/postgrescluster/postgres.go:537.27,539.3 1 0
github.com/crunchydata/postgres-operator/internal/controller/postgrescluster/postgres.go:541.2,543.16 3 0
github.com/crunchydata/postgres-operator/internal/controller/postgrescluster/postgres.go:543.16,549.3 1 0
github.com/crunchydata/postgres-operator/internal/controller/postgrescluster/postgres.go:558.2,558.48 1 0
github.com/crunchydata/postgres-operator/internal/controller/postgrescluster/postgres.go:558.48,565.30 3 0
github.com/crunchydata/postgres-operator/internal/controller/postgrescluster/postgres.go:565.30,567.4 1 0
github.com/crunchydata/postgres-operator/internal/controller/postgrescluster/postgres.go:567.9,567.37 1 0
github.com/crunchydata/postgres-operator/internal/controller/postgrescluster/postgres.go:567.37,569.4 1 0
github.com/crunchydata/postgres-operator/internal/controller/postgrescluster/postgres.go:571.3,571.93 1 0
github.com/crunchydata/postgres-operator/internal/controller/postgrescluster/postgres.go:571.93,574.4 1 0
github.com/crunchydata/postgres-operator/internal/controller/postgrescluster/postgres.go:578.3,578.91 1 0
github.com/crunchydata/postgres-operator/internal/controller/postgrescluster/postgres.go:584.2,590.16 2 0
github.com/crunchydata/postgres-operator/internal/controller/postgrescluster/postgres.go:590.16,591.32 1 0
github.com/crunchydata/postgres-operator/internal/controller/postgrescluster/postgres.go:591.32,595.60 3 0
github.com/crunchydata/postgres-operator/internal/controller/postgrescluster/postgres.go:595.60,596.41 1 0
github.com/crunchydata/postgres-operator/internal/controller/postgrescluster/postgres.go:596.41,599.6 2 0
github.com/crunchydata/postgres-operator/internal/controller/postgrescluster/postgres.go:599.11,601.6 1 0
github.com/crunchydata/postgres-operator/internal/controller/postgrescluster/postgres.go:602.10,602.25 1 0
github.com/crunchydata/postgres-operator/internal/controller/postgrescluster/postgres.go:602.25,604.5 1 0
github.com/crunchydata/postgres-operator/internal/controller/postgrescluster/postgres.go:609.2,609.40 1 0
github.com/crunchydata/postgres-operator/internal/controller/postgrescluster/postgres.go:609.40,612.51 2 0
github.com/crunchydata/postgres-operator/internal/controller/postgrescluster/postgres.go:612.51,616.4 1 0
github.com/crunchydata/postgres-operator/internal/controller/postgrescluster/postgres.go:618.3,618.17 1 0
github.com/crunchydata/postgres-operator/internal/controller/postgrescluster/postgres.go:618.17,620.4 1 0
github.com/crunchydata/postgres-operator/internal/controller/postgrescluster/postgres.go:621.3,621.17 1 0
github.com/crunchydata/postgres-operator/internal/controller/postgrescluster/postgres.go:621.17,623.4 1 0
github.com/crunchydata/postgres-operator/internal/controller/postgrescluster/postgres.go:626.2,626.36 1 0
github.com/crunchydata/postgres-operator/internal/controller/postgrescluster/postgres.go:634.9,641.48 3 0
github.com/crunchydata/postgres-operator/internal/controller/postgrescluster/postgres.go:641.48,642.76 1 0
github.com/crunchydata/postgres-operator/internal/controller/postgrescluster/postgres.go:642.76,643.12 1 0
github.com/crunchydata/postgres-operator/internal/controller/postgrescluster/postgres.go:645.3,645.68 1 0
github.com/crunchydata/postgres-operator/internal/controller/postgrescluster/postgres.go:645.68,646.12 1 0
github.com/crunchydata/postgres-operator/internal/controller/postgrescluster/postgres.go:648.3,649.49 2 0
github.com/crunchydata/postgres-operator/internal/controller/postgrescluster/postgres.go:649.49,654.12 2 0
github.com/crunchydata/postgres-operator/internal/controller/postgrescluster/postgres.go:654.12,657.5 2 0
github.com/crunchydata/postgres-operator/internal/controller/postgrescluster/postgres.go:658.4,658.9 1 0
github.com/crunchydata/postgres-operator/internal/controller/postgrescluster/postgres.go:661.2,661.24 1 0
github.com/crunchydata/postgres-operator/internal/controller/postgrescluster/postgres.go:661.24,663.3 1 0
github.com/crunchydata/postgres-operator/internal/controller/postgrescluster/postgres.go:667.2,668.36 2 0
github.com/crunchydata/postgres-operator/internal/controller/postgrescluster/postgres.go:668.36,670.3 1 0
github.com/crunchydata/postgres-operator/internal/controller/postgrescluster/postgres.go:672.2,672.67 1 0
github.com/crunchydata/postgres-operator/internal/controller/postgrescluster/postgres.go:672.67,674.3 1 0
github.com/crunchydata/postgres-operator/internal/controller/postgrescluster/postgres.go:676.2,676.59 1 0
github.com/crunchydata/postgres-operator/internal/controller/postgrescluster/postgres.go:676.59,680.11 1 0
github.com/crunchydata/postgres-operator/internal/controller/postgrescluster/postgres.go:680.11,682.34 2 0
github.com/crunchydata/postgres-operator/internal/controller/postgrescluster/postgres.go:682.34,684.5 1 0
github.com/crunchydata/postgres-operator/internal/controller/postgrescluster/postgres.go:685.4,685.14 1 0
github.com/crunchydata/postgres-operator/internal/controller/postgrescluster/postgres.go:689.2,689.60 1 0
github.com/crunchydata/postgres-operator/internal/controller/postgrescluster/postgres.go:689.60,695.3 1 0
github.com/crunchydata/postgres-operator/internal/controller/postgrescluster/postgres.go:700.2,700.16 1 0
github.com/crunchydata/postgres-operator/internal/controller/postgrescluster/postgres.go:700.16,703.3 2 0
github.com/crunchydata/postgres-operator/internal/controller/postgrescluster/postgres.go:704.2,704.16 1 0
github.com/crunchydata/postgres-operator/internal/controller/postgrescluster/postgres.go:704.16,706.3 1 0
github.com/crunchydata/postgres-operator/internal/controller/postgrescluster/postgres.go:708.2,708.12 1 0
github.com/crunchydata/postgres-operator/internal/controller/postgrescluster/postgres.go:719.42,731.27 4 0
github.com/crunchydata/postgres-operator/internal/controller/postgrescluster/postgres.go:731.27,736.3 1 0
github.com/crunchydata/postgres-operator/internal/controller/postgrescluster/postgres.go:736.8,738.3 1 0
github.com/crunchydata/postgres-operator/internal/controller/postgrescluster/postgres.go:740.2,760.122 6 0
github.com/crunchydata/postgres-operator/internal/controller/postgrescluster/postgres.go:760.122,762.17 2 0
github.com/crunchydata/postgres-operator/internal/controller/postgrescluster/postgres.go:762.17,764.23 2 0
github.com/crunchydata/postgres-operator/internal/controller/postgrescluster/postgres.go:764.23,772.5 2 0
github.com/crunchydata/postgres-operator/internal/controller/postgrescluster/postgres.go:772.10,775.5 1 0
github.com/crunchydata/postgres-operator/internal/controller/postgrescluster/postgres.go:776.9,779.4 1 0
github.com/crunchydata/postgres-operator/internal/controller/postgrescluster/postgres.go:782.2,788.16 3 0
github.com/crunchydata/postgres-operator/internal/controller/postgrescluster/postgres.go:788.16,791.3 1 0
github.com/crunchydata/postgres-operator/internal/controller/postgrescluster/postgres.go:793.2,793.17 1 0
github.com/crunchydata/postgres-operator/internal/controller/postgrescluster/postgres.go:804.66,806.54 1 0
github.com/crunchydata/postgres-operator/internal/controller/postgrescluster/postgres.go:806.54,808.3 1 0
github.com/crunchydata/postgres-operator/internal/controller/postgrescluster/postgres.go:810.2,810.43 1 0
github.com/crunchydata/postgres-operator/internal/controller/postgrescluster/postgres.go:810.43,812.3 1 0
github.com/crunchydata/postgres-operator/internal/controller/postgrescluster/postgres.go:814.2,814.53 1 0
github.com/crunchydata/postgres-operator/internal/controller/postgrescluster/postgres.go:814.53,825.28 4 0
github.com/crunchydata/postgres-operator/internal/controller/postgrescluster/postgres.go:825.28,830.4 1 0
github.com/crunchydata/postgres-operator/internal/controller/postgrescluster/postgres.go:830.9,832.4 1 0
github.com/crunchydata/postgres-operator/internal/controller/postgrescluster/postgres.go:834.3,850.17 6 0
github.com/crunchydata/postgres-operator/internal/controller/postgrescluster/postgres.go:850.17,853.4 1 0
github.com/crunchydata/postgres-operator/internal/controller/postgrescluster/postgres.go:855.3,855.17 1 0
github.com/crunchydata/postgres-operator/internal/controller/postgrescluster/postgres.go:855.17,857.4 1 0
github.com/crunchydata/postgres-operator/internal/controller/postgrescluster/postgres.go:859.3,859.53 1 0
github.com/crunchydata/postgres-operator/internal/controller/postgrescluster/postgres.go:862.2,862.8 1 0
github.com/crunchydata/postgres-operator/internal/controller/postgrescluster/postgres.go:874.42,886.27 4 0
github.com/crunchydata/postgres-operator/internal/controller/postgrescluster/postgres.go:886.27,891.3 1 0
github.com/crunchydata/postgres-operator/internal/controller/postgrescluster/postgres.go:891.8,893.3 1 0
github.com/crunchydata/postgres-operator/internal/controller/postgrescluster/postgres.go:895.2,897.44 2 0
github.com/crunchydata/postgres-operator/internal/controller/postgrescluster/postgres.go:897.44,902.17 3 0
github.com/crunchydata/postgres-operator/internal/controller/postgrescluster/postgres.go:902.17,904.4 1 0
github.com/crunchydata/postgres-operator/internal/controller/postgrescluster/postgres.go:910.3,910.35 1 0
github.com/crunchydata/postgres-operator/internal/controller/postgrescluster/postgres.go:910.35,912.4 1 0
github.com/crunchydata/postgres-operator/internal/controller/postgrescluster/postgres.go:918.3,919.49 2 0
github.com/crunchydata/postgres-operator/internal/controller/postgrescluster/postgres.go:919.49,920.88 1 0
github.com/crunchydata/postgres-operator/internal/controller/postgrescluster/postgres.go:920.88,931.5 3 0
github.com/crunchydata/postgres-operator/internal/controller/postgrescluster/postgres.go:933.3,933.81 1 0
github.com/crunchydata/postgres-operator/internal/controller/postgrescluster/postgres.go:933.81,936.4 1 0
github.com/crunchydata/postgres-operator/internal/controller/postgrescluster/postgres.go:940.3,940.18 1 0
github.com/crunchydata/postgres-operator/internal/controller/postgrescluster/postgres.go:943.2,963.16 7 0
github.com/crunchydata/postgres-operator/internal/controller/postgrescluster/postgres.go:963.16,966.3 1 0
github.com/crunchydata/postgres-operator/internal/controller/postgrescluster/postgres.go:968.2,968.17 1 0
github.com/crunchydata/postgres-operator/internal/controller/postgrescluster/postgres.go:975.72,979.41 2 0
github.com/crunchydata/postgres-operator/internal/controller/postgrescluster/postgres.go:979.41,984.3 2 0
github.com/crunchydata/postgres-operator/internal/controller/postgrescluster/postgres.go:987.2,987.43 1 0
github.com/crunchydata/postgres-operator/internal/controller/postgrescluster/postgres.go:987.43,989.3 1 0
github.com/crunchydata/postgres-operator/internal/controller/postgrescluster/postgres.go:994.2,999.49 2 0
github.com/crunchydata/postgres-operator/internal/controller/postgrescluster/postgres.go:999.49,1007.17 3 0
github.com/crunchydata/postgres-operator/internal/controller/postgrescluster/postgres.go:1007.17,1009.4 1 0
github.com/crunchydata/postgres-operator/internal/controller/postgrescluster/postgres.go:1011.3,1012.33 2 0
github.com/crunchydata/postgres-operator/internal/controller/postgrescluster/postgres.go:1012.33,1015.4 2 0
github.com/crunchydata/postgres-operator/internal/controller/postgrescluster/postgres.go:1017.3,1017.27 1 0
github.com/crunchydata/postgres-operator/internal/controller/postgrescluster/postgres.go:1020.2,1020.52 1 0
github.com/crunchydata/postgres-operator/internal/controller/postgrescluster/postgres.go:1020.52,1025.3 2 0
github.com/crunchydata/postgres-operator/internal/controller/postgrescluster/postgres.go:1029.2,1031.16 3 0
github.com/crunchydata/postgres-operator/internal/controller/postgrescluster/postgres.go:1031.16,1034.3 2 0
github.com/crunchydata/postgres-operator/internal/controller/postgrescluster/postgres.go:1036.2,1038.10 1 0
github.com/crunchydata/postgres-operator/internal/controller/postgrescluster/postgres.go:1038.10,1040.3 1 0
github.com/crunchydata/postgres-operator/internal/controller/postgrescluster/postgres.go:1044.2,1044.67 1 0
github.com/crunchydata/postgres-operator/internal/controller/postgrescluster/postgres.go:1044.67,1048.3 3 0
github.com/crunchydata/postgres-operator/internal/controller/postgrescluster/postgres.go:1051.2,1063.16 3 0
github.com/crunchydata/postgres-operator/internal/controller/postgrescluster/postgres.go:1063.16,1066.3 2 0
github.com/crunchydata/postgres-operator/internal/controller/postgrescluster/postgres.go:1068.2,1068.12 1 0
github.com/crunchydata/postgres-operator/internal/controller/postgrescluster/rbac.go:27.3,29.2 1 0
github.com/crunchydata/postgres-operator/internal/controller/postgrescluster/rbac.go:39.35,50.16 8 0
github.com/crunchydata/postgres-operator/internal/controller/postgrescluster/rbac.go:50.16,52.3 1 0
github.com/crunchydata/postgres-operator/internal/controller/postgrescluster/rbac.go:53.2,53.16 1 0
github.com/crunchydata/postgres-operator/internal/controller/postgrescluster/rbac.go:53.16,55.3 1 0
github.com/crunchydata/postgres-operator/internal/controller/postgrescluster/rbac.go:57.2,85.16 11 0
github.com/crunchydata/postgres-operator/internal/controller/postgrescluster/rbac.go:85.16,87.3 1 0
github.com/crunchydata/postgres-operator/internal/controller/postgrescluster/rbac.go:88.2,88.16 1 0
github.com/crunchydata/postgres-operator/internal/controller/postgrescluster/rbac.go:88.16,90.3 1 0
github.com/crunchydata/postgres-operator/internal/controller/postgrescluster/rbac.go:91.2,91.16 1 0
github.com/crunchydata/postgres-operator/internal/controller/postgrescluster/rbac.go:91.16,93.3 1 0
github.com/crunchydata/postgres-operator/internal/controller/postgrescluster/rbac.go:95.2,95.21 1 0
github.com/crunchydata/postgres-operator/internal/controller/postgrescluster/secrets_rotation.go:130.9,133.19 2 0
github.com/crunchydata/postgres-operator/internal/controller/postgrescluster/secrets_rotation.go:133.19,135.3 1 0
github.com/crunchydata/postgres-operator/internal/controller/postgrescluster/secrets_rotation.go:138.2,143.37 4 0
github.com/crunchydata/postgres-operator/internal/controller/postgrescluster/secrets_rotation.go:143.37,144.74 1 0
github.com/crunchydata/postgres-operator/internal/controller/postgrescluster/secrets_rotation.go:144.74,147.4 2 0
github.com/crunchydata/postgres-operator/internal/controller/postgrescluster/secrets_rotation.go:147.9,147.58 1 0
github.com/crunchydata/postgres-operator/internal/controller/postgrescluster/secrets_rotation.go:147.58,149.4 1 0
github.com/crunchydata/postgres-operator/internal/controller/postgrescluster/secrets_rotation.go:153.2,154.40 2 0
github.com/crunchydata/postgres-operator/internal/controller/postgrescluster/secrets_rotation.go:154.40,155.70 1 0
github.com/crunchydata/postgres-operator/internal/controller/postgrescluster/secrets_rotation.go:155.70,158.4 2 0
github.com/crunchydata/postgres-operator/internal/controller/postgrescluster/secrets_rotation.go:158.9,158.58 1 0
github.com/crunchydata/postgres-operator/internal/controller/postgrescluster/secrets_rotation.go:158.58,160.4 1 0
github.com/crunchydata/postgres-operator/internal/controller/postgrescluster/secrets_rotation.go:164.2,164.26 1 0
github.com/crunchydata/postgres-operator/internal/controller/postgrescluster/secrets_rotation.go:164.26,165.65 1 0
github.com/crunchydata/postgres-operator/internal/controller/postgrescluster/secrets_rotation.go:165.65,167.4 1 0
github.com/crunchydata/postgres-operator/internal/controller/postgrescluster/secrets_rotation.go:170.3,170.33 1 0
github.com/crunchydata/postgres-operator/internal/controller/postgrescluster/secrets_rotation.go:170.33,172.4 1 0
github.com/crunchydata/postgres-operator/internal/controller/postgrescluster/secrets_rotation.go:173.3,176.55 3 0
github.com/crunchydata/postgres-operator/internal/controller/postgrescluster/secrets_rotation.go:180.2,180.22 1 0
github.com/crunchydata/postgres-operator/internal/controller/postgrescluster/secrets_rotation.go:180.22,181.68 1 0
github.com/crunchydata/postgres-operator/internal/controller/postgrescluster/secrets_rotation.go:181.68,183.4 1 0
github.com/crunchydata/postgres-operator/internal/controller/postgrescluster/secrets_rotation.go:186.3,186.33 1 0
github.com/crunchydata/postgres-operator/internal/controller/postgrescluster/secrets_rotation.go:186.33,188.4 1 0
github.com/crunchydata/postgres-operator/internal/controller/postgrescluster/secrets_rotation.go:189.3,192.58 3 0
github.com/crunchydata/postgres-operator/internal/controller/postgrescluster/secrets_rotation.go:195.2,195.12 1 0
github.com/crunchydata/postgres-operator/internal/controller/postgrescluster/secrets_rotation.go:199.91,201.24 2 4
github.com/crunchydata/postgres-operator/internal/controller/postgrescluster/secrets_rotation.go:201.24,204.3 1 1
github.com/crunchydata/postgres-operator/internal/controller/postgrescluster/secrets_rotation.go:206.2,207.16 2 3
github.com/crunchydata/postgres-operator/internal/controller/postgrescluster/secrets_rotation.go:207.16,210.3 1 1
github.com/crunchydata/postgres-operator/internal/controller/postgrescluster/secrets_rotation.go:212.2,212.41 1 2
github.com/crunchydata/postgres-operator/internal/controller/postgrescluster/secrets_rotation.go:216.94,218.24 2 3
github.com/crunchydata/postgres-operator/internal/controller/postgrescluster/secrets_rotation.go:218.24,221.3 1 1
github.com/crunchydata/postgres-operator/internal/controller/postgrescluster/secrets_rotation.go:223.2,224.16 2 2
github.com/crunchydata/postgres-operator/internal/controller/postgrescluster/secrets_rotation.go:224.16,227.3 1 0
github.com/crunchydata/postgres-operator/internal/controller/postgrescluster/secrets_rotation.go:229.2,229.41 1 2
github.com/crunchydata/postgres-operator/internal/controller/postgrescluster/secrets_rotation.go:237.9,245.110 5 0
github.com/crunchydata/postgres-operator/internal/controller/postgrescluster/secrets_rotation.go:245.110,247.3 1 0
github.com/crunchydata/postgres-operator/internal/controller/postgrescluster/secrets_rotation.go:250.2,251.29 2 0
github.com/crunchydata/postgres-operator/internal/controller/postgrescluster/secrets_rotation.go:251.29,254.44 2 0
github.com/crunchydata/postgres-operator/internal/controller/postgrescluster/secrets_rotation.go:254.44,255.46 1 0
github.com/crunchydata/postgres-operator/internal/controller/postgrescluster/secrets_rotation.go:255.46,257.5 1 0
github.com/crunchydata/postgres-operator/internal/controller/postgrescluster/secrets_rotation.go:262.2,263.37 2 0
github.com/crunchydata/postgres-operator/internal/controller/postgrescluster/secrets_rotation.go:263.37,265.17 2 0
github.com/crunchydata/postgres-operator/internal/controller/postgrescluster/secrets_rotation.go:265.17,267.4 1 0
github.com/crunchydata/postgres-operator/internal/controller/postgrescluster/secrets_rotation.go:268.3,269.51 2 0
github.com/crunchydata/postgres-operator/internal/controller/postgrescluster/secrets_rotation.go:274.2,274.49 1 0
github.com/crunchydata/postgres-operator/internal/controller/postgrescluster/secrets_rotation.go:274.49,276.34 1 0
github.com/crunchydata/postgres-operator/internal/controller/postgrescluster/secrets_rotation.go:276.34,278.78 2 0
github.com/crunchydata/postgres-operator/internal/controller/postgrescluster/secrets_rotation.go:278.78,281.5 2 0
github.com/crunchydata/postgres-operator/internal/controller/postgrescluster/secrets_rotation.go:288.2,289.43 2 0
github.com/crunchydata/postgres-operator/internal/controller/postgrescluster/secrets_rotation.go:289.43,293.3 1 0
github.com/crunchydata/postgres-operator/internal/controller/postgrescluster/secrets_rotation.go:296.2,296.43 1 0
github.com/crunchydata/postgres-operator/internal/controller/postgrescluster/secrets_rotation.go:296.43,298.25 2 0
github.com/crunchydata/postgres-operator/internal/controller/postgrescluster/secrets_rotation.go:298.25,300.4 1 0
github.com/crunchydata/postgres-operator/internal/controller/postgrescluster/secrets_rotation.go:301.3,301.58 1 0
github.com/crunchydata/postgres-operator/internal/controller/postgrescluster/secrets_rotation.go:305.2,305.65 1 0
github.com/crunchydata/postgres-operator/internal/controller/postgrescluster/secrets_rotation.go:305.65,307.3 1 0
github.com/crunchydata/postgres-operator/internal/controller/postgrescluster/secrets_rotation.go:309.2,317.12 2 0
github.com/crunchydata/postgres-operator/internal/controller/postgrescluster/secrets_rotation.go:325.9,333.94 5 0
github.com/crunchydata/postgres-operator/internal/controller/postgrescluster/secrets_rotation.go:333.94,335.3 1 0
github.com/crunchydata/postgres-operator/internal/controller/postgrescluster/secrets_rotation.go:338.2,341.45 3 0
github.com/crunchydata/postgres-operator/internal/controller/postgrescluster/secrets_rotation.go:341.45,347.17 4 0
github.com/crunchydata/postgres-operator/internal/controller/postgrescluster/secrets_rotation.go:347.17,349.4 1 0
github.com/crunchydata/postgres-operator/internal/controller/postgrescluster/secrets_rotation.go:352.3,353.56 2 0
github.com/crunchydata/postgres-operator/internal/controller/postgrescluster/secrets_rotation.go:354.8,358.17 3 0
github.com/crunchydata/postgres-operator/internal/controller/postgrescluster/secrets_rotation.go:358.17,360.4 1 0
github.com/crunchydata/postgres-operator/internal/controller/postgrescluster/secrets_rotation.go:364.2,372.16 3 0
github.com/crunchydata/postgres-operator/internal/controller/postgrescluster/secrets_rotation.go:372.16,374.3 1 0
github.com/crunchydata/postgres-operator/internal/controller/postgrescluster/secrets_rotation.go:379.2,379.59 1 0
github.com/crunchydata/postgres-operator/internal/controller/postgrescluster/secrets_rotation.go:379.59,381.3 1 0
github.com/crunchydata/postgres-operator/internal/controller/postgrescluster/secrets_rotation.go:382.2,382.58 1 0
github.com/crunchydata/postgres-operator/internal/controller/postgrescluster/secrets_rotation.go:382.58,384.3 1 0
github.com/crunchydata/postgres-operator/internal/controller/postgrescluster/secrets_rotation.go:387.2,390.57 3 0
github.com/crunchydata/postgres-operator/internal/controller/postgrescluster/secrets_rotation.go:390.57,392.3 1 0
github.com/crunchydata/postgres-operator/internal/controller/postgrescluster/secrets_rotation.go:394.2,399.12 2 0
github.com/crunchydata/postgres-operator/internal/controller/postgrescluster/secrets_rotation.go:403.57,407.30 3 5
github.com/crunchydata/postgres-operator/internal/controller/postgrescluster/secrets_rotation.go:407.30,409.17 2 204
github.com/crunchydata/postgres-operator/internal/controller/postgrescluster/secrets_rotation.go:409.17,411.4 1 0
github.com/crunchydata/postgres-operator/internal/controller/postgrescluster/secrets_rotation.go:412.3,412.53 1 204
github.com/crunchydata/postgres-operator/internal/controller/postgrescluster/secrets_rotation.go:415.2,415.30 1 5
github.com/crunchydata/postgres-operator/internal/controller/postgrescluster/secrets_rotation.go:419.109,422.16 2 0
github.com/crunchydata/postgres-operator/internal/controller/postgrescluster/secrets_rotation.go:422.16,424.3 1 0
github.com/crunchydata/postgres-operator/internal/controller/postgrescluster/secrets_rotation.go:427.2,428.16 2 0
github.com/crunchydata/postgres-operator/internal/controller/postgrescluster/secrets_rotation.go:428.16,430.3 1 0
github.com/crunchydata/postgres-operator/internal/controller/postgrescluster/secrets_rotation.go:432.2,448.16 3 0
github.com/crunchydata/postgres-operator/internal/controller/postgrescluster/secrets_rotation.go:448.16,450.3 1 0
github.com/crunchydata/postgres-operator/internal/controller/postgrescluster/secrets_rotation.go:452.2,453.16 2 0
github.com/crunchydata/postgres-operator/internal/controller/postgrescluster/secrets_rotation.go:453.16,455.3 1 0
github.com/crunchydata/postgres-operator/internal/controller/postgrescluster/secrets_rotation.go:457.2,457.30 1 0
github.com/crunchydata/postgres-operator/internal/controller/postgrescluster/secrets_rotation.go:466.47,470.16 2 0
github.com/crunchydata/postgres-operator/internal/controller/postgrescluster/secrets_rotation.go:470.16,472.3 1 0
github.com/crunchydata/postgres-operator/internal/controller/postgrescluster/secrets_rotation.go:475.2,476.16 2 0
github.com/crunchydata/postgres-operator/internal/controller/postgrescluster/secrets_rotation.go:476.16,478.3 1 0
github.com/crunchydata/postgres-operator/internal/controller/postgrescluster/secrets_rotation.go:480.2,500.16 3 0
github.com/crunchydata/postgres-operator/internal/controller/postgrescluster/secrets_rotation.go:500.16,502.3 1 0
github.com/crunchydata/postgres-operator/internal/controller/postgrescluster/secrets_rotation.go:504.2,505.16 2 0
github.com/crunchydata/postgres-operator/internal/controller/postgrescluster/secrets_rotation.go:505.16,507.3 1 0
github.com/crunchydata/postgres-operator/internal/controller/postgrescluster/secrets_rotation.go:509.2,509.30 1 0
github.com/crunchydata/postgres-operator/internal/controller/postgrescluster/secrets_rotation.go:513.84,515.20 2 0
github.com/crunchydata/postgres-operator/internal/controller/postgrescluster/secrets_rotation.go:515.20,517.3 1 0
github.com/crunchydata/postgres-operator/internal/controller/postgrescluster/secrets_rotation.go:519.2,520.19 2 0
github.com/crunchydata/postgres-operator/internal/controller/postgrescluster/secrets_rotation.go:520.19,522.3 1 0
github.com/crunchydata/postgres-operator/internal/controller/postgrescluster/secrets_rotation.go:524.2,525.16 2 0
github.com/crunchydata/postgres-operator/internal/controller/postgrescluster/secrets_rotation.go:525.16,527.3 1 0
github.com/crunchydata/postgres-operator/internal/controller/postgrescluster/secrets_rotation.go:529.2,530.16 2 0
github.com/crunchydata/postgres-operator/internal/controller/postgrescluster/secrets_rotation.go:530.16,532.3 1 0
github.com/crunchydata/postgres-operator/internal/controller/postgrescluster/secrets_rotation.go:534.2,534.23 1 0
github.com/crunchydata/postgres-operator/internal/controller/postgrescluster/secrets_rotation.go:538.55,540.2 1 0
github.com/crunchydata/postgres-operator/internal/controller/postgrescluster/secrets_rotation.go:543.51,545.2 1 0
github.com/crunchydata/postgres-operator/internal/controller/postgrescluster/secrets_rotation.go:548.74,552.83 2 3
github.com/crunchydata/postgres-operator/internal/controller/postgrescluster/secrets_rotation.go:552.83,553.62 1 2
github.com/crunchydata/postgres-operator/internal/controller/postgrescluster/secrets_rotation.go:553.62,555.4 1 1
github.com/crunchydata/postgres-operator/internal/controller/postgrescluster/secrets_rotation.go:559.2,559.88 1 3
github.com/crunchydata/postgres-operator/internal/controller/postgrescluster/secrets_rotation.go:559.88,560.63 1 2
github.com/crunchydata/postgres-operator/internal/controller/postgrescluster/secrets_rotation.go:560.63,562.4 1 1
github.com/crunchydata/postgres-operator/internal/controller/postgrescluster/secrets_rotation.go:565.2,565.15 1 3
github.com/crunchydata/postgres-operator/internal/controller/postgrescluster/secrets_rotation.go:569.104,570.32 1 3
github.com/crunchydata/postgres-operator/internal/controller/postgrescluster/secrets_rotation.go:570.32,572.3 1 3
github.com/crunchydata/postgres-operator/internal/controller/postgrescluster/secrets_rotation.go:574.2,574.21 1 3
github.com/crunchydata/postgres-operator/internal/controller/postgrescluster/secrets_rotation.go:574.21,576.3 1 2
github.com/crunchydata/postgres-operator/internal/controller/postgrescluster/secrets_rotation.go:578.2,578.24 1 3
github.com/crunchydata/postgres-operator/internal/controller/postgrescluster/secrets_rotation.go:578.24,580.3 1 2
github.com/crunchydata/postgres-operator/internal/controller/postgrescluster/secrets_rotation.go:584.66,585.19 1 6
github.com/crunchydata/postgres-operator/internal/controller/postgrescluster/secrets_rotation.go:585.19,587.3 1 1
github.com/crunchydata/postgres-operator/internal/controller/postgrescluster/secrets_rotation.go:589.2,589.95 1 5
github.com/crunchydata/postgres-operator/internal/controller/postgrescluster/secrets_rotation.go:589.95,591.3 1 1
github.com/crunchydata/postgres-operator/internal/controller/postgrescluster/secrets_rotation.go:593.2,593.37 1 4
github.com/crunchydata/postgres-operator/internal/controller/postgrescluster/secrets_rotation.go:593.37,594.62 1 3
github.com/crunchydata/postgres-operator/internal/controller/postgrescluster/secrets_rotation.go:594.62,596.4 1 1
github.com/crunchydata/postgres-operator/internal/controller/postgrescluster/secrets_rotation.go:597.3,597.50 1 2
github.com/crunchydata/postgres-operator/internal/controller/postgrescluster/secrets_rotation.go:597.50,599.4 1 1
github.com/crunchydata/postgres-operator/internal/controller/postgrescluster/secrets_rotation.go:602.2,602.40 1 2
github.com/crunchydata/postgres-operator/internal/controller/postgrescluster/secrets_rotation.go:602.40,603.65 1 2
github.com/crunchydata/postgres-operator/internal/controller/postgrescluster/secrets_rotation.go:603.65,605.4 1 0
github.com/crunchydata/postgres-operator/internal/controller/postgrescluster/secrets_rotation.go:606.3,606.68 1 2
github.com/crunchydata/postgres-operator/internal/controller/postgrescluster/secrets_rotation.go:606.68,608.4 1 1
github.com/crunchydata/postgres-operator/internal/controller/postgrescluster/secrets_rotation.go:611.2,611.12 1 1
github.com/crunchydata/postgres-operator/internal/controller/postgrescluster/secrets_rotation.go:615.58,620.2 2 3
github.com/crunchydata/postgres-operator/internal/controller/postgrescluster/snapshots.go:53.85,56.52 1 0
github.com/crunchydata/postgres-operator/internal/controller/postgrescluster/snapshots.go:56.52,58.3 1 0
github.com/crunchydata/postgres-operator/internal/controller/postgrescluster/snapshots.go:62.2,64.4 1 0
github.com/crunchydata/postgres-operator/internal/controller/postgrescluster/snapshots.go:64.4,65.52 1 0
github.com/crunchydata/postgres-operator/internal/controller/postgrescluster/snapshots.go:65.52,67.4 1 0
github.com/crunchydata/postgres-operator/internal/controller/postgrescluster/snapshots.go:67.9,69.4 1 0
github.com/crunchydata/postgres-operator/internal/controller/postgrescluster/snapshots.go:75.2,76.49 1 0
github.com/crunchydata/postgres-operator/internal/controller/postgrescluster/snapshots.go:76.49,80.3 2 0
github.com/crunchydata/postgres-operator/internal/controller/postgrescluster/snapshots.go:83.2,84.16 2 0
github.com/crunchydata/postgres-operator/internal/controller/postgrescluster/snapshots.go:84.16,86.3 1 0
github.com/crunchydata/postgres-operator/internal/controller/postgrescluster/snapshots.go:89.2,89.51 1 0
github.com/crunchydata/postgres-operator/internal/controller/postgrescluster/snapshots.go:89.51,91.3 1 0
github.com/crunchydata/postgres-operator/internal/controller/postgrescluster/snapshots.go:99.2,100.36 2 0
github.com/crunchydata/postgres-operator/internal/controller/postgrescluster/snapshots.go:100.36,103.38 2 0
github.com/crunchydata/postgres-operator/internal/controller/postgrescluster/snapshots.go:103.38,105.82 1 0
github.com/crunchydata/postgres-operator/internal/controller/postgrescluster/snapshots.go:105.82,107.19 2 0
github.com/crunchydata/postgres-operator/internal/controller/postgrescluster/snapshots.go:107.19,109.6 1 0
github.com/crunchydata/postgres-operator/internal/controller/postgrescluster/snapshots.go:116.2,117.26 2 0
github.com/crunchydata/postgres-operator/internal/controller/postgrescluster/snapshots.go:117.26,119.3 1 0
github.com/crunchydata/postgres-operator/internal/controller/postgrescluster/snapshots.go:123.2,125.39 3 0
github.com/crunchydata/postgres-operator/internal/controller/postgrescluster/snapshots.go:125.39,126.92 1 0
github.com/crunchydata/postgres-operator/internal/controller/postgrescluster/snapshots.go:126.92,129.4 2 0
github.com/crunchydata/postgres-operator/internal/controller/postgrescluster/snapshots.go:134.2,135.57 1 0
github.com/crunchydata/postgres-operator/internal/controller/postgrescluster/snapshots.go:135.57,136.40 1 0
github.com/crunchydata/postgres-operator/internal/controller/postgrescluster/snapshots.go:136.40,137.38 1 0
github.com/crunchydata/postgres-operator/internal/controller/postgrescluster/snapshots.go:137.38,139.19 2 0
github.com/crunchydata/postgres-operator/internal/controller/postgrescluster/snapshots.go:139.19,141.6 1 0
github.com/crunchydata/postgres-operator/internal/controller/postgrescluster/snapshots.go:147.2,147.32 1 0
github.com/crunchydata/postgres-operator/internal/controller/postgrescluster/snapshots.go:147.32,150.17 3 0
github.com/crunchydata/postgres-operator/internal/controller/postgrescluster/snapshots.go:150.17,152.4 1 0
github.com/crunchydata/postgres-operator/internal/controller/postgrescluster/snapshots.go:155.2,155.12 1 0
github.com/crunchydata/postgres-operator/internal/controller/postgrescluster/snapshots.go:168.42,171.52 1 0
github.com/crunchydata/postgres-operator/internal/controller/postgrescluster/snapshots.go:171.52,173.3 1 0
github.com/crunchydata/postgres-operator/internal/controller/postgrescluster/snapshots.go:176.2,185.27 4 0
github.com/crunchydata/postgres-operator/internal/controller/postgrescluster/snapshots.go:185.27,190.3 1 0
github.com/crunchydata/postgres-operator/internal/controller/postgrescluster/snapshots.go:190.8,192.3 1 0
github.com/crunchydata/postgres-operator/internal/controller/postgrescluster/snapshots.go:193.2,197.43 2 0
github.com/crunchydata/postgres-operator/internal/controller/postgrescluster/snapshots.go:197.43,200.17 3 0
github.com/crunchydata/postgres-operator/internal/controller/postgrescluster/snapshots.go:200.17,202.4 1 0
github.com/crunchydata/postgres-operator/internal/controller/postgrescluster/snapshots.go:203.3,203.41 1 0
github.com/crunchydata/postgres-operator/internal/controller/postgrescluster/snapshots.go:208.2,209.16 2 0
github.com/crunchydata/postgres-operator/internal/controller/postgrescluster/snapshots.go:209.16,211.3 1 0
github.com/crunchydata/postgres-operator/internal/controller/postgrescluster/snapshots.go:217.2,218.16 2 0
github.com/crunchydata/postgres-operator/internal/controller/postgrescluster/snapshots.go:218.16,220.3 1 0
github.com/crunchydata/postgres-operator/internal/controller/postgrescluster/snapshots.go:223.2,223.22 1 0
github.com/crunchydata/postgres-operator/internal/controller/postgrescluster/snapshots.go:223.22,225.3 1 0
github.com/crunchydata/postgres-operator/internal/controller/postgrescluster/snapshots.go:229.2,230.98 2 0
github.com/crunchydata/postgres-operator/internal/controller/postgrescluster/snapshots.go:230.98,231.70 1 0
github.com/crunchydata/postgres-operator/internal/controller/postgrescluster/snapshots.go:231.70,233.4 1 0
github.com/crunchydata/postgres-operator/internal/controller/postgrescluster/snapshots.go:243.2,244.16 2 0
github.com/crunchydata/postgres-operator/internal/controller/postgrescluster/snapshots.go:244.16,246.3 1 0
github.com/crunchydata/postgres-operator/internal/controller/postgrescluster/snapshots.go:249.2,249.23 1 0
github.com/crunchydata/postgres-operator/internal/controller/postgrescluster/snapshots.go:249.23,252.3 2 0
github.com/crunchydata/postgres-operator/internal/controller/postgrescluster/snapshots.go:256.2,256.38 1 0
github.com/crunchydata/postgres-operator/internal/controller/postgrescluster/snapshots.go:256.38,257.34 1 0
github.com/crunchydata/postgres-operator/internal/controller/postgrescluster/snapshots.go:257.34,259.4 1 0
github.com/crunchydata/postgres-operator/internal/controller/postgrescluster/snapshots.go:260.3,268.17 5 0
github.com/crunchydata/postgres-operator/internal/controller/postgrescluster/snapshots.go:268.17,270.4 1 0
github.com/crunchydata/postgres-operator/internal/controller/postgrescluster/snapshots.go:272.3,273.36 2 0
github.com/crunchydata/postgres-operator/internal/controller/postgrescluster/snapshots.go:277.2,277.35 1 0
github.com/crunchydata/postgres-operator/internal/controller/postgrescluster/snapshots.go:277.35,281.3 2 0
github.com/crunchydata/postgres-operator/internal/controller/postgrescluster/snapshots.go:284.2,284.17 1 0
github.com/crunchydata/postgres-operator/internal/controller/postgrescluster/snapshots.go:292.42,311.16 6 0
github.com/crunchydata/postgres-operator/internal/controller/postgrescluster/snapshots.go:311.16,313.3 1 0
github.com/crunchydata/postgres-operator/internal/controller/postgrescluster/snapshots.go:315.2,326.16 5 0
github.com/crunchydata/postgres-operator/internal/controller/postgrescluster/snapshots.go:326.16,328.3 1 0
github.com/crunchydata/postgres-operator/internal/controller/postgrescluster/snapshots.go:330.2,330.17 1 0
github.com/crunchydata/postgres-operator/internal/controller/postgrescluster/snapshots.go:340.9,368.16 10 0
github.com/crunchydata/postgres-operator/internal/controller/postgrescluster/snapshots.go:368.16,370.3 1 0
github.com/crunchydata/postgres-operator/internal/controller/postgrescluster/snapshots.go:373.2,379.66 4 0
github.com/crunchydata/postgres-operator/internal/controller/postgrescluster/snapshots.go:379.66,381.3 1 0
github.com/crunchydata/postgres-operator/internal/controller/postgrescluster/snapshots.go:384.2,399.51 7 0
github.com/crunchydata/postgres-operator/internal/controller/postgrescluster/snapshots.go:408.45,412.16 2 0
github.com/crunchydata/postgres-operator/internal/controller/postgrescluster/snapshots.go:412.16,413.34 1 0
github.com/crunchydata/postgres-operator/internal/controller/postgrescluster/snapshots.go:413.34,415.4 1 0
github.com/crunchydata/postgres-operator/internal/controller/postgrescluster/snapshots.go:416.3,416.142 1 0
github.com/crunchydata/postgres-operator/internal/controller/postgrescluster/snapshots.go:419.2,419.22 1 0
github.com/crunchydata/postgres-operator/internal/controller/postgrescluster/snapshots.go:427.45,448.2 7 0
github.com/crunchydata/postgres-operator/internal/controller/postgrescluster/snapshots.go:455.66,460.16 3 0
github.com/crunchydata/postgres-operator/internal/controller/postgrescluster/snapshots.go:460.16,466.3 1 0
github.com/crunchydata/postgres-operator/internal/controller/postgrescluster/snapshots.go:467.2,467.16 1 0
github.com/crunchydata/postgres-operator/internal/controller/postgrescluster/snapshots.go:467.16,469.3 1 0
github.com/crunchydata/postgres-operator/internal/controller/postgrescluster/snapshots.go:472.2,472.33 1 0
github.com/crunchydata/postgres-operator/internal/controller/postgrescluster/snapshots.go:472.33,474.23 2 0
github.com/crunchydata/postgres-operator/internal/controller/postgrescluster/snapshots.go:474.23,476.4 1 0
github.com/crunchydata/postgres-operator/internal/controller/postgrescluster/snapshots.go:479.2,479.17 1 0
github.com/crunchydata/postgres-operator/internal/controller/postgrescluster/snapshots.go:485.66,490.16 3 0
github.com/crunchydata/postgres-operator/internal/controller/postgrescluster/snapshots.go:490.16,496.3 1 0
github.com/crunchydata/postgres-operator/internal/controller/postgrescluster/snapshots.go:497.2,497.16 1 0
github.com/crunchydata/postgres-operator/internal/controller/postgrescluster/snapshots.go:497.16,499.3 1 0
github.com/crunchydata/postgres-operator/internal/controller/postgrescluster/snapshots.go:501.2,508.33 3 0
github.com/crunchydata/postgres-operator/internal/controller/postgrescluster/snapshots.go:508.33,510.84 1 0
github.com/crunchydata/postgres-operator/internal/controller/postgrescluster/snapshots.go:510.84,512.4 1 0
github.com/crunchydata/postgres-operator/internal/controller/postgrescluster/snapshots.go:515.2,515.68 1 0
github.com/crunchydata/postgres-operator/internal/controller/postgrescluster/snapshots.go:515.68,517.3 1 0
github.com/crunchydata/postgres-operator/internal/controller/postgrescluster/snapshots.go:519.2,519.38 1 0
github.com/crunchydata/postgres-operator/internal/controller/postgrescluster/snapshots.go:525.112,534.37 3 5
github.com/crunchydata/postgres-operator/internal/controller/postgrescluster/snapshots.go:534.37,536.81 1 8
github.com/crunchydata/postgres-operator/internal/controller/postgrescluster/snapshots.go:536.81,538.4 1 3
github.com/crunchydata/postgres-operator/internal/controller/postgrescluster/snapshots.go:541.2,541.64 1 5
github.com/crunchydata/postgres-operator/internal/controller/postgrescluster/snapshots.go:541.64,543.3 1 3
github.com/crunchydata/postgres-operator/internal/controller/postgrescluster/snapshots.go:545.2,545.32 1 2
github.com/crunchydata/postgres-operator/internal/controller/postgrescluster/snapshots.go:550.45,553.16 2 0
github.com/crunchydata/postgres-operator/internal/controller/postgrescluster/snapshots.go:553.16,555.3 1 0
github.com/crunchydata/postgres-operator/internal/controller/postgrescluster/snapshots.go:556.2,563.53 3 0
github.com/crunchydata/postgres-operator/internal/controller/postgrescluster/snapshots.go:567.108,574.37 3 5
github.com/crunchydata/postgres-operator/internal/controller/postgrescluster/snapshots.go:574.37,576.81 1 8
github.com/crunchydata/postgres-operator/internal/controller/postgrescluster/snapshots.go:576.81,578.4 1 3
github.com/crunchydata/postgres-operator/internal/controller/postgrescluster/snapshots.go:581.2,581.62 1 5
github.com/crunchydata/postgres-operator/internal/controller/postgrescluster/snapshots.go:581.62,583.3 1 3
github.com/crunchydata/postgres-operator/internal/controller/postgrescluster/snapshots.go:585.2,585.28 1 2
github.com/crunchydata/postgres-operator/internal/controller/postgrescluster/snapshots.go:591.96,593.27 1 0
github.com/crunchydata/postgres-operator/internal/controller/postgrescluster/snapshots.go:593.27,596.17 2 0
github.com/crunchydata/postgres-operator/internal/controller/postgrescluster/snapshots.go:596.17,598.4 1 0
github.com/crunchydata/postgres-operator/internal/controller/postgrescluster/snapshots.go:600.2,600.12 1 0
github.com/crunchydata/postgres-operator/internal/controller/postgrescluster/snapshots.go:605.98,606.64 1 3
github.com/crunchydata/postgres-operator/internal/controller/postgrescluster/snapshots.go:606.64,607.45 1 3
github.com/crunchydata/postgres-operator/internal/controller/postgrescluster/snapshots.go:607.45,609.4 1 2
github.com/crunchydata/postgres-operator/internal/controller/postgrescluster/snapshots.go:611.2,611.14 1 1
github.com/crunchydata/postgres-operator/internal/controller/postgrescluster/topology.go:14.104,27.2 1 24
github.com/crunchydata/postgres-operator/internal/controller/postgrescluster/util.go:112.50,126.42 2 4
github.com/crunchydata/postgres-operator/internal/controller/postgrescluster/util.go:126.42,127.67 1 9
github.com/crunchydata/postgres-operator/internal/controller/postgrescluster/util.go:127.67,133.4 1 2
github.com/crunchydata/postgres-operator/internal/controller/postgrescluster/util.go:143.55,154.42 2 9
github.com/crunchydata/postgres-operator/internal/controller/postgrescluster/util.go:154.42,160.3 1 18
github.com/crunchydata/postgres-operator/internal/controller/postgrescluster/util.go:162.2,162.46 1 9
github.com/crunchydata/postgres-operator/internal/controller/postgrescluster/util.go:162.46,168.3 1 10
github.com/crunchydata/postgres-operator/internal/controller/postgrescluster/util.go:175.103,178.45 2 13
github.com/crunchydata/postgres-operator/internal/controller/postgrescluster/util.go:178.45,179.17 1 24
github.com/crunchydata/postgres-operator/internal/controller/postgrescluster/util.go:181.42,188.9 3 12
github.com/crunchydata/postgres-operator/internal/controller/postgrescluster/util.go:189.32,197.9 4 2
github.com/crunchydata/postgres-operator/internal/controller/postgrescluster/util.go:201.2,215.45 3 13
github.com/crunchydata/postgres-operator/internal/controller/postgrescluster/util.go:215.45,216.40 1 24
github.com/crunchydata/postgres-operator/internal/controller/postgrescluster/util.go:216.40,219.9 3 2
github.com/crunchydata/postgres-operator/internal/controller/postgrescluster/util.go:224.2,224.22 1 13
github.com/crunchydata/postgres-operator/internal/controller/postgrescluster/util.go:224.22,229.46 2 11
github.com/crunchydata/postgres-operator/internal/controller/postgrescluster/util.go:229.46,230.42 1 17
github.com/crunchydata/postgres-operator/internal/controller/postgrescluster/util.go:230.42,233.10 3 3
github.com/crunchydata/postgres-operator/internal/controller/postgrescluster/util.go:235.4,235.55 1 14
github.com/crunchydata/postgres-operator/internal/controller/postgrescluster/util.go:235.55,237.10 2 1
github.com/crunchydata/postgres-operator/internal/controller/postgrescluster/util.go:242.3,242.24 1 11
github.com/crunchydata/postgres-operator/internal/controller/postgrescluster/util.go:242.24,243.47 1 8
github.com/crunchydata/postgres-operator/internal/controller/postgrescluster/util.go:243.47,244.53 1 9
github.com/crunchydata/postgres-operator/internal/controller/postgrescluster/util.go:244.53,246.11 2 7
github.com/crunchydata/postgres-operator/internal/controller/postgrescluster/util.go:251.2,251.80 1 13
github.com/crunchydata/postgres-operator/internal/controller/postgrescluster/util.go:255.39,257.28 2 4
github.com/crunchydata/postgres-operator/internal/controller/postgrescluster/util.go:257.28,258.46 1 3
github.com/crunchydata/postgres-operator/internal/controller/postgrescluster/util.go:258.46,260.4 1 3
github.com/crunchydata/postgres-operator/internal/controller/postgrescluster/util.go:262.2,262.14 1 1
github.com/crunchydata/postgres-operator/internal/controller/postgrescluster/util.go:267.42,269.28 2 4
github.com/crunchydata/postgres-operator/internal/controller/postgrescluster/util.go:269.28,270.48 1 3
github.com/crunchydata/postgres-operator/internal/controller/postgrescluster/util.go:270.48,272.4 1 3
github.com/crunchydata/postgres-operator/internal/controller/postgrescluster/util.go:274.2,274.14 1 1
github.com/crunchydata/postgres-operator/internal/controller/postgrescluster/util.go:281.66,283.38 2 12
github.com/crunchydata/postgres-operator/internal/controller/postgrescluster/util.go:283.38,285.3 1 1
github.com/crunchydata/postgres-operator/internal/controller/postgrescluster/util.go:286.2,286.61 1 11
github.com/crunchydata/postgres-operator/internal/controller/postgrescluster/volumes.go:36.44,40.16 3 0
github.com/crunchydata/postgres-operator/internal/controller/postgrescluster/volumes.go:40.16,46.3 1 0
github.com/crunchydata/postgres-operator/internal/controller/postgrescluster/volumes.go:48.2,61.51 3 0
github.com/crunchydata/postgres-operator/internal/controller/postgrescluster/volumes.go:61.51,62.50 1 0
github.com/crunchydata/postgres-operator/internal/controller/postgrescluster/volumes.go:62.50,64.4 1 0
github.com/crunchydata/postgres-operator/internal/controller/postgrescluster/volumes.go:65.3,65.11 1 0
github.com/crunchydata/postgres-operator/internal/controller/postgrescluster/volumes.go:68.2,68.36 1 0
github.com/crunchydata/postgres-operator/internal/controller/postgrescluster/volumes.go:68.36,69.51 1 0
github.com/crunchydata/postgres-operator/internal/controller/postgrescluster/volumes.go:69.51,70.26 1 0
github.com/crunchydata/postgres-operator/internal/controller/postgrescluster/volumes.go:92.57,95.30 1 0
github.com/crunchydata/postgres-operator/internal/controller/postgrescluster/volumes.go:95.30,102.31 4 0
github.com/crunchydata/postgres-operator/internal/controller/postgrescluster/volumes.go:102.31,104.7 1 0
github.com/crunchydata/postgres-operator/internal/controller/postgrescluster/volumes.go:108.5,108.49 1 0
github.com/crunchydata/postgres-operator/internal/controller/postgrescluster/volumes.go:108.49,116.31 5 0
github.com/crunchydata/postgres-operator/internal/controller/postgrescluster/volumes.go:116.31,118.7 1 0
github.com/crunchydata/postgres-operator/internal/controller/postgrescluster/volumes.go:122.5,123.47 1 0
github.com/crunchydata/postgres-operator/internal/controller/postgrescluster/volumes.go:123.47,126.6 1 0
github.com/crunchydata/postgres-operator/internal/controller/postgrescluster/volumes.go:134.49,140.49 1 0
github.com/crunchydata/postgres-operator/internal/controller/postgrescluster/volumes.go:140.49,148.36 5 0
github.com/crunchydata/postgres-operator/internal/controller/postgrescluster/volumes.go:148.36,150.7 1 0
github.com/crunchydata/postgres-operator/internal/controller/postgrescluster/volumes.go:159.57,159.57 0 0
github.com/crunchydata/postgres-operator/internal/controller/postgrescluster/volumes.go:164.2,164.27 1 0
github.com/crunchydata/postgres-operator/internal/controller/postgrescluster/volumes.go:164.27,166.3 1 0
github.com/crunchydata/postgres-operator/internal/controller/postgrescluster/volumes.go:166.8,170.3 1 0
github.com/crunchydata/postgres-operator/internal/controller/postgrescluster/volumes.go:172.2,172.32 1 0
github.com/crunchydata/postgres-operator/internal/controller/postgrescluster/volumes.go:172.32,174.3 1 0
github.com/crunchydata/postgres-operator/internal/controller/postgrescluster/volumes.go:174.8,176.3 1 0
github.com/crunchydata/postgres-operator/internal/controller/postgrescluster/volumes.go:178.2,178.51 1 0
github.com/crunchydata/postgres-operator/internal/controller/postgrescluster/volumes.go:190.44,196.55 2 0
github.com/crunchydata/postgres-operator/internal/controller/postgrescluster/volumes.go:196.55,198.43 1 0
github.com/crunchydata/postgres-operator/internal/controller/postgrescluster/volumes.go:198.43,202.4 3 0
github.com/crunchydata/postgres-operator/internal/controller/postgrescluster/volumes.go:203.3,210.15 2 0
github.com/crunchydata/postgres-operator/internal/controller/postgrescluster/volumes.go:210.15,213.4 1 0
github.com/crunchydata/postgres-operator/internal/controller/postgrescluster/volumes.go:216.2,219.14 1 0
github.com/crunchydata/postgres-operator/internal/controller/postgrescluster/volumes.go:219.14,222.3 1 0
github.com/crunchydata/postgres-operator/internal/controller/postgrescluster/volumes.go:223.2,223.21 1 0
github.com/crunchydata/postgres-operator/internal/controller/postgrescluster/volumes.go:237.44,240.25 1 0
github.com/crunchydata/postgres-operator/internal/controller/postgrescluster/volumes.go:240.25,242.31 1 0
github.com/crunchydata/postgres-operator/internal/controller/postgrescluster/volumes.go:242.31,244.4 1 0
github.com/crunchydata/postgres-operator/internal/controller/postgrescluster/volumes.go:247.2,247.40 1 0
github.com/crunchydata/postgres-operator/internal/controller/postgrescluster/volumes.go:247.40,249.40 1 0
github.com/crunchydata/postgres-operator/internal/controller/postgrescluster/volumes.go:249.40,267.68 4 0
github.com/crunchydata/postgres-operator/internal/controller/postgrescluster/volumes.go:267.68,269.5 1 0
github.com/crunchydata/postgres-operator/internal/controller/postgrescluster/volumes.go:270.4,270.65 1 0
github.com/crunchydata/postgres-operator/internal/controller/postgrescluster/volumes.go:270.65,272.5 1 0
github.com/crunchydata/postgres-operator/internal/controller/postgrescluster/volumes.go:273.4,273.37 1 0
github.com/crunchydata/postgres-operator/internal/controller/postgrescluster/volumes.go:276.2,276.21 1 0
github.com/crunchydata/postgres-operator/internal/controller/postgrescluster/volumes.go:290.44,293.25 1 0
github.com/crunchydata/postgres-operator/internal/controller/postgrescluster/volumes.go:293.25,295.31 1 0
github.com/crunchydata/postgres-operator/internal/controller/postgrescluster/volumes.go:295.31,297.4 1 0
github.com/crunchydata/postgres-operator/internal/controller/postgrescluster/volumes.go:300.2,301.26 1 0
github.com/crunchydata/postgres-operator/internal/controller/postgrescluster/volumes.go:301.26,320.67 4 0
github.com/crunchydata/postgres-operator/internal/controller/postgrescluster/volumes.go:320.67,322.4 1 0
github.com/crunchydata/postgres-operator/internal/controller/postgrescluster/volumes.go:323.3,323.64 1 0
github.com/crunchydata/postgres-operator/internal/controller/postgrescluster/volumes.go:323.64,325.4 1 0
github.com/crunchydata/postgres-operator/internal/controller/postgrescluster/volumes.go:326.3,326.36 1 0
github.com/crunchydata/postgres-operator/internal/controller/postgrescluster/volumes.go:328.2,328.21 1 0
github.com/crunchydata/postgres-operator/internal/controller/postgrescluster/volumes.go:341.44,344.25 1 0
github.com/crunchydata/postgres-operator/internal/controller/postgrescluster/volumes.go:344.25,346.31 1 0
github.com/crunchydata/postgres-operator/internal/controller/postgrescluster/volumes.go:346.31,348.4 1 0
github.com/crunchydata/postgres-operator/internal/controller/postgrescluster/volumes.go:351.2,351.52 1 0
github.com/crunchydata/postgres-operator/internal/controller/postgrescluster/volumes.go:351.52,354.44 1 0
github.com/crunchydata/postgres-operator/internal/controller/postgrescluster/volumes.go:354.44,369.68 3 0
github.com/crunchydata/postgres-operator/internal/controller/postgrescluster/volumes.go:369.68,371.5 1 0
github.com/crunchydata/postgres-operator/internal/controller/postgrescluster/volumes.go:372.4,372.65 1 0
github.com/crunchydata/postgres-operator/internal/controller/postgrescluster/volumes.go:372.65,374.5 1 0
github.com/crunchydata/postgres-operator/internal/controller/postgrescluster/volumes.go:375.4,375.37 1 0
github.com/crunchydata/postgres-operator/internal/controller/postgrescluster/volumes.go:378.2,378.21 1 0
github.com/crunchydata/postgres-operator/internal/controller/postgrescluster/volumes.go:387.50,390.42 1 0
github.com/crunchydata/postgres-operator/internal/controller/postgrescluster/volumes.go:390.42,396.18 2 0
github.com/crunchydata/postgres-operator/internal/controller/postgrescluster/volumes.go:396.18,398.4 1 0
github.com/crunchydata/postgres-operator/internal/controller/postgrescluster/volumes.go:400.3,408.19 4 0
github.com/crunchydata/postgres-operator/internal/controller/postgrescluster/volumes.go:408.19,410.4 1 0
github.com/crunchydata/postgres-operator/internal/controller/postgrescluster/volumes.go:412.3,417.19 1 0
github.com/crunchydata/postgres-operator/internal/controller/postgrescluster/volumes.go:417.19,419.4 1 0
github.com/crunchydata/postgres-operator/internal/controller/postgrescluster/volumes.go:421.3,426.19 1 0
github.com/crunchydata/postgres-operator/internal/controller/postgrescluster/volumes.go:426.19,428.4 1 0
github.com/crunchydata/postgres-operator/internal/controller/postgrescluster/volumes.go:430.3,430.56 1 0
github.com/crunchydata/postgres-operator/internal/controller/postgrescluster/volumes.go:433.2,433.19 1 0
github.com/crunchydata/postgres-operator/internal/controller/postgrescluster/volumes.go:444.75,450.26 3 0
github.com/crunchydata/postgres-operator/internal/controller/postgrescluster/volumes.go:450.26,451.42 1 0
github.com/crunchydata/postgres-operator/internal/controller/postgrescluster/volumes.go:451.42,452.33 1 0
github.com/crunchydata/postgres-operator/internal/controller/postgrescluster/volumes.go:452.33,455.5 1 0
github.com/crunchydata/postgres-operator/internal/controller/postgrescluster/volumes.go:456.4,456.31 1 0
github.com/crunchydata/postgres-operator/internal/controller/postgrescluster/volumes.go:456.31,460.5 1 0
github.com/crunchydata/postgres-operator/internal/controller/postgrescluster/volumes.go:466.2,501.40 6 0
github.com/crunchydata/postgres-operator/internal/controller/postgrescluster/volumes.go:501.40,503.3 1 0
github.com/crunchydata/postgres-operator/internal/controller/postgrescluster/volumes.go:505.2,539.40 2 0
github.com/crunchydata/postgres-operator/internal/controller/postgrescluster/volumes.go:539.40,542.3 1 0
github.com/crunchydata/postgres-operator/internal/controller/postgrescluster/volumes.go:543.2,547.70 3 0
github.com/crunchydata/postgres-operator/internal/controller/postgrescluster/volumes.go:547.70,549.3 1 0
github.com/crunchydata/postgres-operator/internal/controller/postgrescluster/volumes.go:552.2,552.49 1 0
github.com/crunchydata/postgres-operator/internal/controller/postgrescluster/volumes.go:552.49,554.3 1 0
github.com/crunchydata/postgres-operator/internal/controller/postgrescluster/volumes.go:556.2,556.18 1 0
github.com/crunchydata/postgres-operator/internal/controller/postgrescluster/volumes.go:567.75,573.26 3 0
github.com/crunchydata/postgres-operator/internal/controller/postgrescluster/volumes.go:573.26,574.42 1 0
github.com/crunchydata/postgres-operator/internal/controller/postgrescluster/volumes.go:574.42,575.33 1 0
github.com/crunchydata/postgres-operator/internal/controller/postgrescluster/volumes.go:575.33,578.5 1 0
github.com/crunchydata/postgres-operator/internal/controller/postgrescluster/volumes.go:579.4,579.31 1 0
github.com/crunchydata/postgres-operator/internal/controller/postgrescluster/volumes.go:579.31,583.5 1 0
github.com/crunchydata/postgres-operator/internal/controller/postgrescluster/volumes.go:587.2,618.40 6 0
github.com/crunchydata/postgres-operator/internal/controller/postgrescluster/volumes.go:618.40,620.3 1 0
github.com/crunchydata/postgres-operator/internal/controller/postgrescluster/volumes.go:622.2,656.40 2 0
github.com/crunchydata/postgres-operator/internal/controller/postgrescluster/volumes.go:656.40,659.3 1 0
github.com/crunchydata/postgres-operator/internal/controller/postgrescluster/volumes.go:660.2,664.70 3 0
github.com/crunchydata/postgres-operator/internal/controller/postgrescluster/volumes.go:664.70,666.3 1 0
github.com/crunchydata/postgres-operator/internal/controller/postgrescluster/volumes.go:669.2,669.49 1 0
github.com/crunchydata/postgres-operator/internal/controller/postgrescluster/volumes.go:669.49,671.3 1 0
github.com/crunchydata/postgres-operator/internal/controller/postgrescluster/volumes.go:673.2,673.18 1 0
github.com/crunchydata/postgres-operator/internal/controller/postgrescluster/volumes.go:684.75,690.26 3 0
github.com/crunchydata/postgres-operator/internal/controller/postgrescluster/volumes.go:690.26,691.42 1 0
github.com/crunchydata/postgres-operator/internal/controller/postgrescluster/volumes.go:691.42,692.33 1 0
github.com/crunchydata/postgres-operator/internal/controller/postgrescluster/volumes.go:692.33,695.5 1 0
github.com/crunchydata/postgres-operator/internal/controller/postgrescluster/volumes.go:696.4,696.31 1 0
github.com/crunchydata/postgres-operator/internal/controller/postgrescluster/volumes.go:696.31,700.5 1 0
github.com/crunchydata/postgres-operator/internal/controller/postgrescluster/volumes.go:704.2,740.53 6 0
github.com/crunchydata/postgres-operator/internal/controller/postgrescluster/volumes.go:740.53,742.3 1 0
github.com/crunchydata/postgres-operator/internal/controller/postgrescluster/volumes.go:744.2,777.75 2 0
github.com/crunchydata/postgres-operator/internal/controller/postgrescluster/volumes.go:777.75,779.3 1 0
github.com/crunchydata/postgres-operator/internal/controller/postgrescluster/volumes.go:780.2,784.70 3 0
github.com/crunchydata/postgres-operator/internal/controller/postgrescluster/volumes.go:784.70,786.3 1 0
github.com/crunchydata/postgres-operator/internal/controller/postgrescluster/volumes.go:789.2,789.49 1 0
github.com/crunchydata/postgres-operator/internal/controller/postgrescluster/volumes.go:789.49,791.3 1 0
github.com/crunchydata/postgres-operator/internal/controller/postgrescluster/volumes.go:792.2,792.18 1 0
github.com/crunchydata/postgres-operator/internal/controller/postgrescluster/volumes.go:800.9,802.59 2 6
github.com/crunchydata/postgres-operator/internal/controller/postgrescluster/volumes.go:802.59,804.3 1 5
github.com/crunchydata/postgres-operator/internal/controller/postgrescluster/volumes.go:806.2,806.34 1 6
github.com/crunchydata/postgres-operator/internal/controller/postgrescluster/volumes.go:806.34,815.3 1 3
github.com/crunchydata/postgres-operator/internal/controller/postgrescluster/volumes.go:817.2,817.33 1 6
github.com/crunchydata/postgres-operator/internal/controller/postgrescluster/volumes.go:817.33,820.3 1 5
github.com/crunchydata/postgres-operator/internal/controller/postgrescluster/volumes.go:826.2,826.32 1 6
github.com/crunchydata/postgres-operator/internal/controller/postgrescluster/volumes.go:826.32,830.3 3 1
github.com/crunchydata/postgres-operator/internal/controller/postgrescluster/volumes.go:832.2,832.55 1 5
github.com/crunchydata/postgres-operator/internal/controller/postgrescluster/volumes.go:832.55,834.47 2 4
github.com/crunchydata/postgres-operator/internal/controller/postgrescluster/volumes.go:834.47,835.11 1 5
github.com/crunchydata/postgres-operator/internal/controller/postgrescluster/volumes.go:846.28,847.21 1 2
github.com/crunchydata/postgres-operator/internal/controller/postgrescluster/volumes.go:854.55,856.21 2 2
github.com/crunchydata/postgres-operator/internal/controller/postgrescluster/volumes.go:858.12,859.24 1 1
github.com/crunchydata/postgres-operator/internal/controller/postgrescluster/volumes.go:863.3,863.54 1 4
github.com/crunchydata/postgres-operator/internal/controller/postgrescluster/volumes.go:863.54,866.4 1 3
github.com/crunchydata/postgres-operator/internal/controller/postgrescluster/volumes.go:869.2,869.12 1 2
github.com/crunchydata/postgres-operator/internal/controller/postgrescluster/volumes.go:877.21,880.61 2 7
github.com/crunchydata/postgres-operator/internal/controller/postgrescluster/volumes.go:880.61,881.39 1 3
github.com/crunchydata/postgres-operator/internal/controller/postgrescluster/volumes.go:881.39,882.59 1 4
github.com/crunchydata/postgres-operator/internal/controller/postgrescluster/volumes.go:882.59,884.10 2 3
github.com/crunchydata/postgres-operator/internal/controller/postgrescluster/volumes.go:889.2,889.17 1 7
github.com/crunchydata/postgres-operator/internal/controller/postgrescluster/volumes.go:893.91,894.30 1 2
github.com/crunchydata/postgres-operator/internal/controller/postgrescluster/volumes.go:894.30,895.52 1 3
github.com/crunchydata/postgres-operator/internal/controller/postgrescluster/volumes.go:895.52,897.4 1 2
github.com/crunchydata/postgres-operator/internal/controller/postgrescluster/volumes.go:899.2,899.11 1 0
github.com/crunchydata/postgres-operator/internal/controller/postgrescluster/watches.go:21.46,23.121 1 1
github.com/crunchydata/postgres-operator/internal/controller/postgrescluster/watches.go:23.121,32.46 3 13
github.com/crunchydata/postgres-operator/internal/controller/postgrescluster/watches.go:32.46,38.5 2 1
github.com/crunchydata/postgres-operator/internal/controller/postgrescluster/watches.go:42.4,44.47 1 12
github.com/crunchydata/postgres-operator/internal/controller/postgrescluster/watches.go:44.47,50.5 2 3
github.com/crunchydata/postgres-operator/internal/controller/postgrescluster/watches.go:54.4,56.39 1 9
github.com/crunchydata/postgres-operator/internal/controller/postgrescluster/watches.go:56.39,62.5 2 0
github.com/crunchydata/postgres-operator/internal/controller/postgrescluster/watches.go:65.4,78.49 4 9
github.com/crunchydata/postgres-operator/internal/controller/postgrescluster/watches.go:78.49,80.86 1 43
github.com/crunchydata/postgres-operator/internal/controller/postgrescluster/watches.go:80.86,86.6 2 5
github.com/crunchydata/postgres-operator/internal/controller/runtime/apply.go:26.56,35.16 4 0
github.com/crunchydata/postgres-operator/internal/controller/runtime/apply.go:35.16,37.3 1 0
github.com/crunchydata/postgres-operator/internal/controller/runtime/apply.go:41.2,43.38 2 0
github.com/crunchydata/postgres-operator/internal/controller/runtime/apply.go:44.23,48.79 2 0
github.com/crunchydata/postgres-operator/internal/controller/runtime/apply.go:48.79,50.4 1 0
github.com/crunchydata/postgres-operator/internal/controller/runtime/apply.go:54.2,54.36 1 0
github.com/crunchydata/postgres-operator/internal/controller/runtime/apply.go:54.36,56.3 1 0
github.com/crunchydata/postgres-operator/internal/controller/runtime/apply.go:57.2,57.12 1 0
github.com/crunchydata/postgres-operator/internal/controller/runtime/client.go:51.106,53.2 1 0
github.com/crunchydata/postgres-operator/internal/controller/runtime/client.go:55.106,57.2 1 0
github.com/crunchydata/postgres-operator/internal/controller/runtime/client.go:59.119,61.2 1 0
github.com/crunchydata/postgres-operator/internal/controller/runtime/client.go:63.119,65.2 1 0
github.com/crunchydata/postgres-operator/internal/controller/runtime/client.go:67.105,69.2 1 0
github.com/crunchydata/postgres-operator/internal/controller/runtime/client.go:71.123,73.2 1 0
github.com/crunchydata/postgres-operator/internal/controller/runtime/client.go:75.106,77.2 1 0
github.com/crunchydata/postgres-operator/internal/controller/runtime/client.go:82.83,84.2 1 0
github.com/crunchydata/postgres-operator/internal/controller/runtime/client.go:85.115,87.2 1 0
github.com/crunchydata/postgres-operator/internal/controller/runtime/conversion.go:32.52,37.2 2 1
github.com/crunchydata/postgres-operator/internal/controller/runtime/conversion.go:46.50,51.2 2 1
github.com/crunchydata/postgres-operator/internal/controller/runtime/conversion.go:54.89,62.2 4 1
github.com/crunchydata/postgres-operator/internal/controller/runtime/conversion.go:65.85,73.2 4 1
github.com/crunchydata/postgres-operator/internal/controller/runtime/patch.go:25.31,25.53 1 8
github.com/crunchydata/postgres-operator/internal/controller/runtime/patch.go:27.51,30.27 2 6
github.com/crunchydata/postgres-operator/internal/controller/runtime/patch.go:30.27,33.3 2 17
github.com/crunchydata/postgres-operator/internal/controller/runtime/patch.go:35.2,35.19 1 6
github.com/crunchydata/postgres-operator/internal/controller/runtime/patch.go:51.70,53.33 2 3
github.com/crunchydata/postgres-operator/internal/controller/runtime/patch.go:53.33,60.3 2 2
github.com/crunchydata/postgres-operator/internal/controller/runtime/patch.go:62.2,64.10 2 3
github.com/crunchydata/postgres-operator/internal/controller/runtime/patch.go:72.57,79.2 2 2
github.com/crunchydata/postgres-operator/internal/controller/runtime/patch.go:87.74,89.33 2 3
github.com/crunchydata/postgres-operator/internal/controller/runtime/patch.go:89.33,96.3 2 2
github.com/crunchydata/postgres-operator/internal/controller/runtime/patch.go:98.2,100.10 2 3
github.com/crunchydata/postgres-operator/internal/controller/runtime/patch.go:104.48,104.74 1 7
github.com/crunchydata/postgres-operator/internal/controller/runtime/patch.go:107.60,107.91 1 7
github.com/crunchydata/postgres-operator/internal/controller/runtime/patch.go:110.39,110.66 1 1
github.com/crunchydata/postgres-operator/internal/controller/runtime/patch.go:113.47,113.77 1 1
github.com/crunchydata/postgres-operator/internal/controller/runtime/patch.go:119.33,119.56 1 12
github.com/crunchydata/postgres-operator/internal/controller/runtime/patch.go:129.72,132.20 2 15
github.com/crunchydata/postgres-operator/internal/controller/runtime/patch.go:132.20,134.10 2 17
github.com/crunchydata/postgres-operator/internal/controller/runtime/patch.go:134.10,137.4 2 12
github.com/crunchydata/postgres-operator/internal/controller/runtime/patch.go:139.3,140.18 2 17
github.com/crunchydata/postgres-operator/internal/controller/runtime/patch.go:143.2,143.19 1 15
github.com/crunchydata/postgres-operator/internal/controller/runtime/patch.go:143.19,144.31 1 1
github.com/crunchydata/postgres-operator/internal/controller/runtime/patch.go:144.31,144.47 1 1
github.com/crunchydata/postgres-operator/internal/controller/runtime/patch.go:147.2,147.34 1 14
github.com/crunchydata/postgres-operator/internal/controller/runtime/patch.go:147.34,150.3 2 13
github.com/crunchydata/postgres-operator/internal/controller/runtime/patch.go:152.2,154.10 2 14
github.com/crunchydata/postgres-operator/internal/controller/runtime/patch.go:159.59,161.2 1 2
github.com/crunchydata/postgres-operator/internal/controller/runtime/patch.go:164.49,164.75 1 11
github.com/crunchydata/postgres-operator/internal/controller/runtime/patch.go:167.61,167.92 1 11
github.com/crunchydata/postgres-operator/internal/controller/runtime/patch.go:170.40,170.67 1 1
github.com/crunchydata/postgres-operator/internal/controller/runtime/patch.go:173.48,173.79 1 1
github.com/crunchydata/postgres-operator/internal/controller/runtime/pod_client.go:26.64,30.16 4 0
github.com/crunchydata/postgres-operator/internal/controller/runtime/pod_client.go:30.16,32.3 1 0
github.com/crunchydata/postgres-operator/internal/controller/runtime/pod_client.go:33.2,33.73 1 0
github.com/crunchydata/postgres-operator/internal/controller/runtime/pod_client.go:38.63,44.10 2 0
github.com/crunchydata/postgres-operator/internal/controller/runtime/pod_client.go:44.10,58.17 3 0
github.com/crunchydata/postgres-operator/internal/controller/runtime/pod_client.go:58.17,64.4 1 0
github.com/crunchydata/postgres-operator/internal/controller/runtime/pod_client.go:66.3,66.13 1 0
github.com/crunchydata/postgres-operator/internal/controller/runtime/reconcile.go:15.66,17.25 2 5
github.com/crunchydata/postgres-operator/internal/controller/runtime/reconcile.go:17.25,21.3 1 4
github.com/crunchydata/postgres-operator/internal/controller/runtime/reconcile.go:22.2,22.15 1 4
github.com/crunchydata/postgres-operator/internal/controller/runtime/reconcile.go:29.60,37.2 1 2
github.com/crunchydata/postgres-operator/internal/controller/runtime/reconcile.go:42.63,43.16 1 2
github.com/crunchydata/postgres-operator/internal/controller/runtime/reconcile.go:43.16,45.3 1 1
github.com/crunchydata/postgres-operator/internal/controller/runtime/reconcile.go:48.2,48.32 1 2
github.com/crunchydata/postgres-operator/internal/controller/runtime/reconcile.go:57.44,64.2 1 1
github.com/crunchydata/postgres-operator/internal/controller/runtime/reconcile.go:68.66,70.16 1 3
github.com/crunchydata/postgres-operator/internal/controller/runtime/reconcile.go:70.16,72.3 1 2
github.com/crunchydata/postgres-operator/internal/controller/runtime/reconcile.go:75.2,75.61 1 3
github.com/crunchydata/postgres-operator/internal/controller/runtime/runtime.go:31.13,32.51 1 1
github.com/crunchydata/postgres-operator/internal/controller/runtime/runtime.go:32.51,33.13 1 0
github.com/crunchydata/postgres-operator/internal/controller/runtime/runtime.go:35.2,35.52 1 1
github.com/crunchydata/postgres-operator/internal/controller/runtime/runtime.go:35.52,36.13 1 0
github.com/crunchydata/postgres-operator/internal/controller/runtime/runtime.go:38.2,38.47 1 1
github.com/crunchydata/postgres-operator/internal/controller/runtime/runtime.go:38.47,39.13 1 0
github.com/crunchydata/postgres-operator/internal/controller/runtime/runtime.go:41.2,41.61 1 1
github.com/crunchydata/postgres-operator/internal/controller/runtime/runtime.go:41.61,42.13 1 0
github.com/crunchydata/postgres-operator/internal/controller/runtime/runtime.go:48.40,48.69 1 0
github.com/crunchydata/postgres-operator/internal/controller/runtime/runtime.go:53.88,57.19 3 0
github.com/crunchydata/postgres-operator/internal/controller/runtime/runtime.go:57.19,59.3 1 0
github.com/crunchydata/postgres-operator/internal/controller/runtime/runtime.go:61.2,61.27 1 0
github.com/crunchydata/postgres-operator/internal/controller/runtime/runtime.go:61.27,63.3 1 0
github.com/crunchydata/postgres-operator/internal/controller/runtime/runtime.go:65.2,65.16 1 0
github.com/crunchydata/postgres-operator/internal/controller/runtime/runtime.go:65.16,67.3 1 0
github.com/crunchydata/postgres-operator/internal/controller/runtime/runtime.go:69.2,69.15 1 0
github.com/crunchydata/postgres-operator/internal/controller/runtime/runtime.go:73.39,73.64 1 0
github.com/crunchydata/postgres-operator/internal/controller/runtime/ticker.go:28.40,30.2 1 1
github.com/crunchydata/postgres-operator/internal/controller/runtime/ticker.go:34.40,36.2 1 1
github.com/crunchydata/postgres-operator/internal/controller/runtime/ticker.go:38.33,38.74 1 3
github.com/crunchydata/postgres-operator/internal/controller/runtime/ticker.go:44.9,49.17 2 2
github.com/crunchydata/postgres-operator/internal/controller/runtime/ticker.go:49.17,51.3 1 5
github.com/crunchydata/postgres-operator/internal/controller/runtime/ticker.go:53.2,53.17 1 2
github.com/crunchydata/postgres-operator/internal/controller/runtime/ticker.go:53.17,55.3 1 1
github.com/crunchydata/postgres-operator/internal/controller/runtime/ticker.go:58.2,58.12 1 2
github.com/crunchydata/postgres-operator/internal/controller/runtime/ticker.go:58.12,61.7 2 2
github.com/crunchydata/postgres-operator/internal/controller/runtime/ticker.go:61.7,62.11 1 6
github.com/crunchydata/postgres-operator/internal/controller/runtime/ticker.go:63.20,64.11 1 4
github.com/crunchydata/postgres-operator/internal/controller/runtime/ticker.go:65.22,66.11 1 1
github.com/crunchydata/postgres-operator/internal/controller/runtime/ticker.go:71.2,71.12 1 2
github.com/crunchydata/postgres-operator/internal/patroni/api.go:43.17,62.2 5 4
github.com/crunchydata/postgres-operator/internal/patroni/api.go:72.17,93.2 5 4
github.com/crunchydata/postgres-operator/internal/patroni/api.go:103.17,124.2 5 4
github.com/crunchydata/postgres-operator/internal/patroni/api.go:130.9,134.16 3 1
github.com/crunchydata/postgres-operator/internal/patroni/api.go:134.16,143.3 3 1
github.com/crunchydata/postgres-operator/internal/patroni/api.go:145.2,145.12 1 1
github.com/crunchydata/postgres-operator/internal/patroni/api.go:150.91,169.2 5 1
github.com/crunchydata/postgres-operator/internal/patroni/api.go:175.70,183.16 3 5
github.com/crunchydata/postgres-operator/internal/patroni/api.go:183.16,185.3 1 1
github.com/crunchydata/postgres-operator/internal/patroni/api.go:187.2,187.27 1 4
github.com/crunchydata/postgres-operator/internal/patroni/api.go:187.27,189.3 1 1
github.com/crunchydata/postgres-operator/internal/patroni/api.go:191.2,197.16 3 3
github.com/crunchydata/postgres-operator/internal/patroni/api.go:197.16,199.3 1 1
github.com/crunchydata/postgres-operator/internal/patroni/api.go:201.2,201.33 1 2
github.com/crunchydata/postgres-operator/internal/patroni/api.go:201.33,202.59 1 2
github.com/crunchydata/postgres-operator/internal/patroni/api.go:202.59,204.4 1 1
github.com/crunchydata/postgres-operator/internal/patroni/api.go:207.2,207.15 1 1
github.com/crunchydata/postgres-operator/internal/patroni/certificates.go:22.64,25.23 2 8
github.com/crunchydata/postgres-operator/internal/patroni/certificates.go:25.23,26.51 1 14
github.com/crunchydata/postgres-operator/internal/patroni/certificates.go:26.51,28.4 1 13
github.com/crunchydata/postgres-operator/internal/patroni/certificates.go:28.9,30.4 1 1
github.com/crunchydata/postgres-operator/internal/patroni/certificates.go:33.2,33.17 1 7
github.com/crunchydata/postgres-operator/internal/patroni/certificates.go:38.82,56.2 1 2
github.com/crunchydata/postgres-operator/internal/patroni/config.go:44.19,160.33 2 6
github.com/crunchydata/postgres-operator/internal/patroni/config.go:160.33,164.46 2 1
github.com/crunchydata/postgres-operator/internal/patroni/config.go:164.46,166.4 1 1
github.com/crunchydata/postgres-operator/internal/patroni/config.go:170.3,190.4 1 1
github.com/crunchydata/postgres-operator/internal/patroni/config.go:193.2,193.35 1 6
github.com/crunchydata/postgres-operator/internal/patroni/config.go:193.35,204.3 1 6
github.com/crunchydata/postgres-operator/internal/patroni/config.go:206.2,207.64 2 6
github.com/crunchydata/postgres-operator/internal/patroni/config.go:215.18,218.69 2 18
github.com/crunchydata/postgres-operator/internal/patroni/config.go:218.69,220.3 1 10
github.com/crunchydata/postgres-operator/internal/patroni/config.go:223.2,233.40 4 18
github.com/crunchydata/postgres-operator/internal/patroni/config.go:233.40,237.3 1 1
github.com/crunchydata/postgres-operator/internal/patroni/config.go:240.2,240.60 1 18
github.com/crunchydata/postgres-operator/internal/patroni/config.go:240.60,242.3 1 3
github.com/crunchydata/postgres-operator/internal/patroni/config.go:243.2,243.39 1 18
github.com/crunchydata/postgres-operator/internal/patroni/config.go:243.39,245.3 1 5
github.com/crunchydata/postgres-operator/internal/patroni/config.go:246.2,246.19 1 18
github.com/crunchydata/postgres-operator/internal/patroni/config.go:246.19,248.3 1 1
github.com/crunchydata/postgres-operator/internal/patroni/config.go:249.2,261.49 3 18
github.com/crunchydata/postgres-operator/internal/patroni/config.go:261.49,263.21 2 3
github.com/crunchydata/postgres-operator/internal/patroni/config.go:263.21,265.4 1 0
github.com/crunchydata/postgres-operator/internal/patroni/config.go:268.3,272.30 3 3
github.com/crunchydata/postgres-operator/internal/patroni/config.go:272.30,274.32 2 2
github.com/crunchydata/postgres-operator/internal/patroni/config.go:274.32,276.5 1 2
github.com/crunchydata/postgres-operator/internal/patroni/config.go:278.4,278.73 1 2
github.com/crunchydata/postgres-operator/internal/patroni/config.go:281.3,281.34 1 3
github.com/crunchydata/postgres-operator/internal/patroni/config.go:281.34,289.4 2 2
github.com/crunchydata/postgres-operator/internal/patroni/config.go:291.3,292.36 2 3
github.com/crunchydata/postgres-operator/internal/patroni/config.go:295.2,295.13 1 18
github.com/crunchydata/postgres-operator/internal/patroni/config.go:305.19,315.46 3 3
github.com/crunchydata/postgres-operator/internal/patroni/config.go:315.46,316.32 1 1
github.com/crunchydata/postgres-operator/internal/patroni/config.go:316.32,317.46 1 1
github.com/crunchydata/postgres-operator/internal/patroni/config.go:317.46,318.40 1 1
github.com/crunchydata/postgres-operator/internal/patroni/config.go:318.40,324.6 1 1
github.com/crunchydata/postgres-operator/internal/patroni/config.go:328.2,420.18 3 3
github.com/crunchydata/postgres-operator/internal/patroni/config.go:425.89,450.2 1 2
github.com/crunchydata/postgres-operator/internal/patroni/config.go:456.19,518.65 6 6
github.com/crunchydata/postgres-operator/internal/patroni/config.go:518.65,529.3 2 1
github.com/crunchydata/postgres-operator/internal/patroni/config.go:533.2,535.35 2 6
github.com/crunchydata/postgres-operator/internal/patroni/config.go:535.35,543.32 3 6
github.com/crunchydata/postgres-operator/internal/patroni/config.go:543.32,552.4 2 0
github.com/crunchydata/postgres-operator/internal/patroni/config.go:552.9,581.63 2 6
github.com/crunchydata/postgres-operator/internal/patroni/config.go:581.63,583.5 1 1
github.com/crunchydata/postgres-operator/internal/patroni/config.go:589.4,596.5 1 6
github.com/crunchydata/postgres-operator/internal/patroni/config.go:600.2,601.64 2 6
github.com/crunchydata/postgres-operator/internal/patroni/config.go:605.59,620.30 2 10
github.com/crunchydata/postgres-operator/internal/patroni/config.go:620.30,622.3 1 1
github.com/crunchydata/postgres-operator/internal/patroni/config.go:623.2,623.32 1 10
github.com/crunchydata/postgres-operator/internal/patroni/config.go:623.32,625.3 1 1
github.com/crunchydata/postgres-operator/internal/patroni/config.go:627.2,627.15 1 10
github.com/crunchydata/postgres-operator/internal/patroni/failover.go:82.13,92.2 1 1
github.com/crunchydata/postgres-operator/internal/patroni/failover.go:153.55,166.2 1 4
github.com/crunchydata/postgres-operator/internal/patroni/failover.go:169.54,182.2 1 2
github.com/crunchydata/postgres-operator/internal/patroni/failover.go:188.9,189.33 1 4
github.com/crunchydata/postgres-operator/internal/patroni/failover.go:189.33,191.3 1 3
github.com/crunchydata/postgres-operator/internal/patroni/failover.go:193.2,193.54 1 4
github.com/crunchydata/postgres-operator/internal/patroni/failover.go:193.54,195.3 1 3
github.com/crunchydata/postgres-operator/internal/patroni/failover.go:197.2,212.28 6 4
github.com/crunchydata/postgres-operator/internal/patroni/failover.go:212.28,218.32 3 1
github.com/crunchydata/postgres-operator/internal/patroni/failover.go:218.32,220.4 1 2
github.com/crunchydata/postgres-operator/internal/patroni/failover.go:224.2,224.37 1 4
github.com/crunchydata/postgres-operator/internal/patroni/failover.go:224.37,226.3 1 3
github.com/crunchydata/postgres-operator/internal/patroni/failover.go:229.2,232.21 2 4
github.com/crunchydata/postgres-operator/internal/patroni/failover.go:232.21,237.3 2 4
github.com/crunchydata/postgres-operator/internal/patroni/failover.go:240.2,240.24 1 4
github.com/crunchydata/postgres-operator/internal/patroni/failover.go:240.24,244.36 2 4
github.com/crunchydata/postgres-operator/internal/patroni/failover.go:244.36,246.4 1 4
github.com/crunchydata/postgres-operator/internal/patroni/failover.go:250.2,250.32 1 4
github.com/crunchydata/postgres-operator/internal/patroni/failover.go:250.32,254.3 1 4
github.com/crunchydata/postgres-operator/internal/patroni/failover.go:256.2,256.43 1 4
github.com/crunchydata/postgres-operator/internal/patroni/failover.go:256.43,258.3 1 0
github.com/crunchydata/postgres-operator/internal/patroni/failover.go:260.2,282.12 12 4
github.com/crunchydata/postgres-operator/internal/patroni/failover.go:331.3,333.20 2 3
github.com/crunchydata/postgres-operator/internal/patroni/failover.go:333.20,335.3 1 1
github.com/crunchydata/postgres-operator/internal/patroni/failover.go:338.2,367.42 5 3
github.com/crunchydata/postgres-operator/internal/patroni/failover.go:395.75,401.22 2 6
github.com/crunchydata/postgres-operator/internal/patroni/failover.go:401.22,403.3 1 1
github.com/crunchydata/postgres-operator/internal/patroni/failover.go:406.2,412.31 6 5
github.com/crunchydata/postgres-operator/internal/patroni/failover.go:412.31,413.20 1 8
github.com/crunchydata/postgres-operator/internal/patroni/failover.go:413.20,419.4 5 7
github.com/crunchydata/postgres-operator/internal/patroni/failover.go:422.2,422.22 1 5
github.com/crunchydata/postgres-operator/internal/patroni/failover.go:422.22,432.29 7 5
github.com/crunchydata/postgres-operator/internal/patroni/failover.go:432.29,435.4 2 1
github.com/crunchydata/postgres-operator/internal/patroni/failover.go:437.3,437.30 1 5
github.com/crunchydata/postgres-operator/internal/patroni/failover.go:437.30,439.4 1 3
github.com/crunchydata/postgres-operator/internal/patroni/failover.go:442.2,448.17 4 5
github.com/crunchydata/postgres-operator/internal/patroni/failover.go:452.75,455.26 2 10
github.com/crunchydata/postgres-operator/internal/patroni/failover.go:455.26,459.3 2 6
github.com/crunchydata/postgres-operator/internal/patroni/failover.go:462.2,468.34 2 4
github.com/crunchydata/postgres-operator/internal/patroni/failover.go:469.19,475.51 1 2
github.com/crunchydata/postgres-operator/internal/patroni/failover.go:477.18,483.53 1 1
github.com/crunchydata/postgres-operator/internal/patroni/failover.go:485.19,492.49 1 1
github.com/crunchydata/postgres-operator/internal/patroni/failover.go:496.2,496.51 1 4
github.com/crunchydata/postgres-operator/internal/patroni/failover.go:496.51,504.3 1 1
github.com/crunchydata/postgres-operator/internal/patroni/failover.go:506.2,506.24 1 4
github.com/crunchydata/postgres-operator/internal/patroni/failover.go:513.12,519.53 4 5
github.com/crunchydata/postgres-operator/internal/patroni/failover.go:519.53,520.31 1 5
github.com/crunchydata/postgres-operator/internal/patroni/failover.go:520.31,522.4 1 5
github.com/crunchydata/postgres-operator/internal/patroni/failover.go:525.2,525.23 1 5
github.com/crunchydata/postgres-operator/internal/patroni/failover.go:525.23,527.3 1 1
github.com/crunchydata/postgres-operator/internal/patroni/failover.go:530.2,530.33 1 5
github.com/crunchydata/postgres-operator/internal/patroni/failover.go:530.33,532.3 1 3
github.com/crunchydata/postgres-operator/internal/patroni/failover.go:532.8,532.61 1 2
github.com/crunchydata/postgres-operator/internal/patroni/failover.go:532.61,536.56 2 2
github.com/crunchydata/postgres-operator/internal/patroni/failover.go:536.56,538.4 1 1
github.com/crunchydata/postgres-operator/internal/patroni/failover.go:541.3,541.72 1 2
github.com/crunchydata/postgres-operator/internal/patroni/failover.go:541.72,543.4 1 1
github.com/crunchydata/postgres-operator/internal/patroni/failover.go:547.2,547.73 1 5
github.com/crunchydata/postgres-operator/internal/patroni/failover.go:547.73,551.82 2 0
github.com/crunchydata/postgres-operator/internal/patroni/failover.go:551.82,553.4 1 0
github.com/crunchydata/postgres-operator/internal/patroni/failover.go:555.3,555.79 1 0
github.com/crunchydata/postgres-operator/internal/patroni/failover.go:555.79,557.4 1 0
github.com/crunchydata/postgres-operator/internal/patroni/failover.go:561.2,563.15 2 5
github.com/crunchydata/postgres-operator/internal/patroni/failover.go:571.27,604.2 11 1
github.com/crunchydata/postgres-operator/internal/patroni/postgres.go:16.55,19.17 2 7
github.com/crunchydata/postgres-operator/internal/patroni/postgres.go:19.17,26.53 1 6
github.com/crunchydata/postgres-operator/internal/patroni/postgres.go:26.53,27.65 1 5
github.com/crunchydata/postgres-operator/internal/patroni/postgres.go:27.65,28.56 1 3
github.com/crunchydata/postgres-operator/internal/patroni/postgres.go:28.56,29.29 1 1
github.com/crunchydata/postgres-operator/internal/patroni/postgres.go:29.29,30.47 1 4
github.com/crunchydata/postgres-operator/internal/patroni/postgres.go:30.47,32.8 1 2
github.com/crunchydata/postgres-operator/internal/patroni/postgres.go:39.2,39.15 1 7
github.com/crunchydata/postgres-operator/internal/patroni/postgres.go:43.75,46.17 2 7
github.com/crunchydata/postgres-operator/internal/patroni/postgres.go:46.17,64.53 1 6
github.com/crunchydata/postgres-operator/internal/patroni/postgres.go:64.53,65.65 1 5
github.com/crunchydata/postgres-operator/internal/patroni/postgres.go:65.65,66.69 1 3
github.com/crunchydata/postgres-operator/internal/patroni/postgres.go:66.69,67.32 1 1
github.com/crunchydata/postgres-operator/internal/patroni/postgres.go:67.32,68.23 1 5
github.com/crunchydata/postgres-operator/internal/patroni/postgres.go:69.34,70.49 1 1
github.com/crunchydata/postgres-operator/internal/patroni/postgres.go:70.49,72.9 1 1
github.com/crunchydata/postgres-operator/internal/patroni/postgres.go:73.15,74.36 1 4
github.com/crunchydata/postgres-operator/internal/patroni/postgres.go:82.2,82.15 1 7
github.com/crunchydata/postgres-operator/internal/patroni/rbac.go:36.72,47.62 3 2
github.com/crunchydata/postgres-operator/internal/patroni/rbac.go:47.62,53.3 1 1
github.com/crunchydata/postgres-operator/internal/patroni/rbac.go:55.2,71.14 3 2
github.com/crunchydata/postgres-operator/internal/patroni/reconcile.go:25.73,27.2 1 12
github.com/crunchydata/postgres-operator/internal/patroni/reconcile.go:36.9,45.2 4 2
github.com/crunchydata/postgres-operator/internal/patroni/reconcile.go:52.9,63.2 5 2
github.com/crunchydata/postgres-operator/internal/patroni/reconcile.go:69.9,75.16 4 2
github.com/crunchydata/postgres-operator/internal/patroni/reconcile.go:75.16,77.3 1 2
github.com/crunchydata/postgres-operator/internal/patroni/reconcile.go:79.2,79.12 1 2
github.com/crunchydata/postgres-operator/internal/patroni/reconcile.go:93.9,102.48 4 1
github.com/crunchydata/postgres-operator/internal/patroni/reconcile.go:102.48,103.73 1 1
github.com/crunchydata/postgres-operator/internal/patroni/reconcile.go:103.73,105.4 1 1
github.com/crunchydata/postgres-operator/internal/patroni/reconcile.go:108.2,134.12 9 1
github.com/crunchydata/postgres-operator/internal/patroni/reconcile.go:138.84,172.2 6 1
github.com/crunchydata/postgres-operator/internal/patroni/reconcile.go:176.43,177.16 1 6
github.com/crunchydata/postgres-operator/internal/patroni/reconcile.go:177.16,179.3 1 1
github.com/crunchydata/postgres-operator/internal/patroni/reconcile.go:187.2,189.47 2 5
github.com/crunchydata/postgres-operator/internal/patroni/reconcile.go:193.49,194.16 1 6
github.com/crunchydata/postgres-operator/internal/patroni/reconcile.go:194.16,196.3 1 1
github.com/crunchydata/postgres-operator/internal/patroni/reconcile.go:203.2,204.60 2 5
github.com/crunchydata/postgres-operator/internal/patroni/reconcile.go:209.49,210.16 1 5
github.com/crunchydata/postgres-operator/internal/patroni/reconcile.go:210.16,212.3 1 1
github.com/crunchydata/postgres-operator/internal/patroni/reconcile.go:219.2,220.59 2 4
github.com/crunchydata/postgres-operator/internal/bridge/client.go:85.92,95.2 9 0
github.com/crunchydata/postgres-operator/internal/bridge/client.go:128.98,131.2 2 0
github.com/crunchydata/postgres-operator/internal/bridge/client.go:140.99,143.2 2 0
github.com/crunchydata/postgres-operator/internal/bridge/client.go:221.48,225.94 2 71
github.com/crunchydata/postgres-operator/internal/bridge/client.go:225.94,227.3 1 6
github.com/crunchydata/postgres-operator/internal/bridge/client.go:229.2,239.3 1 71
github.com/crunchydata/postgres-operator/internal/bridge/client.go:253.3,257.47 2 66
github.com/crunchydata/postgres-operator/internal/bridge/client.go:257.47,259.3 1 7
github.com/crunchydata/postgres-operator/internal/bridge/client.go:264.2,264.61 1 66
github.com/crunchydata/postgres-operator/internal/bridge/client.go:264.61,266.3 1 36
github.com/crunchydata/postgres-operator/internal/bridge/client.go:268.2,270.19 3 66
github.com/crunchydata/postgres-operator/internal/bridge/client.go:270.19,272.3 1 7
github.com/crunchydata/postgres-operator/internal/bridge/client.go:273.2,275.65 2 66
github.com/crunchydata/postgres-operator/internal/bridge/client.go:275.65,279.17 2 79
github.com/crunchydata/postgres-operator/internal/bridge/client.go:279.17,284.4 2 79
github.com/crunchydata/postgres-operator/internal/bridge/client.go:289.3,293.45 2 79
github.com/crunchydata/postgres-operator/internal/bridge/client.go:293.45,296.4 2 14
github.com/crunchydata/postgres-operator/internal/bridge/client.go:299.3,299.29 1 79
github.com/crunchydata/postgres-operator/internal/bridge/client.go:303.2,303.35 1 66
github.com/crunchydata/postgres-operator/internal/bridge/client.go:303.35,305.3 1 1
github.com/crunchydata/postgres-operator/internal/bridge/client.go:309.2,309.22 1 66
github.com/crunchydata/postgres-operator/internal/bridge/client.go:324.3,330.70 2 60
github.com/crunchydata/postgres-operator/internal/bridge/client.go:330.70,334.19 2 6
github.com/crunchydata/postgres-operator/internal/bridge/client.go:334.19,335.9 1 4
github.com/crunchydata/postgres-operator/internal/bridge/client.go:339.3,346.10 4 2
github.com/crunchydata/postgres-operator/internal/bridge/client.go:347.18,350.16 2 1
github.com/crunchydata/postgres-operator/internal/bridge/client.go:352.21,354.19 1 1
github.com/crunchydata/postgres-operator/internal/bridge/client.go:358.2,358.22 1 60
github.com/crunchydata/postgres-operator/internal/bridge/client.go:361.94,369.16 3 11
github.com/crunchydata/postgres-operator/internal/bridge/client.go:369.16,373.10 3 11
github.com/crunchydata/postgres-operator/internal/bridge/client.go:375.64,376.55 1 8
github.com/crunchydata/postgres-operator/internal/bridge/client.go:376.55,378.5 1 3
github.com/crunchydata/postgres-operator/internal/bridge/client.go:381.55,382.55 1 2
github.com/crunchydata/postgres-operator/internal/bridge/client.go:384.11,386.53 1 1
github.com/crunchydata/postgres-operator/internal/bridge/client.go:390.2,390.20 1 11
github.com/crunchydata/postgres-operator/internal/bridge/client.go:393.80,400.16 3 5
github.com/crunchydata/postgres-operator/internal/bridge/client.go:400.16,404.10 3 5
github.com/crunchydata/postgres-operator/internal/bridge/client.go:406.64,407.55 1 4
github.com/crunchydata/postgres-operator/internal/bridge/client.go:407.55,409.5 1 2
github.com/crunchydata/postgres-operator/internal/bridge/client.go:411.11,413.53 1 1
github.com/crunchydata/postgres-operator/internal/bridge/client.go:417.2,417.20 1 5
github.com/crunchydata/postgres-operator/internal/bridge/client.go:424.106,428.21 3 5
github.com/crunchydata/postgres-operator/internal/bridge/client.go:428.21,430.3 1 5
github.com/crunchydata/postgres-operator/internal/bridge/client.go:431.2,436.16 2 5
github.com/crunchydata/postgres-operator/internal/bridge/client.go:436.16,440.10 3 5
github.com/crunchydata/postgres-operator/internal/bridge/client.go:442.64,443.55 1 4
github.com/crunchydata/postgres-operator/internal/bridge/client.go:443.55,445.5 1 0
github.com/crunchydata/postgres-operator/internal/bridge/client.go:447.11,449.53 1 1
github.com/crunchydata/postgres-operator/internal/bridge/client.go:453.2,453.29 1 5
github.com/crunchydata/postgres-operator/internal/bridge/client.go:460.32,464.16 3 3
github.com/crunchydata/postgres-operator/internal/bridge/client.go:464.16,466.3 1 0
github.com/crunchydata/postgres-operator/internal/bridge/client.go:468.2,473.16 2 3
github.com/crunchydata/postgres-operator/internal/bridge/client.go:473.16,477.10 3 3
github.com/crunchydata/postgres-operator/internal/bridge/client.go:479.64,480.55 1 2
github.com/crunchydata/postgres-operator/internal/bridge/client.go:480.55,483.5 2 0
github.com/crunchydata/postgres-operator/internal/bridge/client.go:484.4,484.71 1 2
github.com/crunchydata/postgres-operator/internal/bridge/client.go:484.71,486.5 1 0
github.com/crunchydata/postgres-operator/internal/bridge/client.go:488.11,490.53 1 1
github.com/crunchydata/postgres-operator/internal/bridge/client.go:494.2,494.20 1 3
github.com/crunchydata/postgres-operator/internal/bridge/client.go:502.107,511.16 4 5
github.com/crunchydata/postgres-operator/internal/bridge/client.go:511.16,515.10 3 5
github.com/crunchydata/postgres-operator/internal/bridge/client.go:517.64,518.55 1 2
github.com/crunchydata/postgres-operator/internal/bridge/client.go:518.55,520.5 1 0
github.com/crunchydata/postgres-operator/internal/bridge/client.go:527.47,528.15 1 1
github.com/crunchydata/postgres-operator/internal/bridge/client.go:529.51,531.13 2 2
github.com/crunchydata/postgres-operator/internal/bridge/client.go:533.11,535.53 1 1
github.com/crunchydata/postgres-operator/internal/bridge/client.go:539.2,539.36 1 5
github.com/crunchydata/postgres-operator/internal/bridge/client.go:544.98,552.16 3 3
github.com/crunchydata/postgres-operator/internal/bridge/client.go:552.16,556.10 3 3
github.com/crunchydata/postgres-operator/internal/bridge/client.go:558.64,559.55 1 2
github.com/crunchydata/postgres-operator/internal/bridge/client.go:559.55,562.5 2 0
github.com/crunchydata/postgres-operator/internal/bridge/client.go:563.4,563.71 1 2
github.com/crunchydata/postgres-operator/internal/bridge/client.go:563.71,565.5 1 0
github.com/crunchydata/postgres-operator/internal/bridge/client.go:567.11,569.53 1 1
github.com/crunchydata/postgres-operator/internal/bridge/client.go:573.2,573.20 1 3
github.com/crunchydata/postgres-operator/internal/bridge/client.go:578.110,586.16 3 3
github.com/crunchydata/postgres-operator/internal/bridge/client.go:586.16,590.10 3 3
github.com/crunchydata/postgres-operator/internal/bridge/client.go:592.64,593.55 1 2
github.com/crunchydata/postgres-operator/internal/bridge/client.go:593.55,596.5 2 0
github.com/crunchydata/postgres-operator/internal/bridge/client.go:597.4,597.71 1 2
github.com/crunchydata/postgres-operator/internal/bridge/client.go:597.71,599.5 1 0
github.com/crunchydata/postgres-operator/internal/bridge/client.go:601.11,603.53 1 1
github.com/crunchydata/postgres-operator/internal/bridge/client.go:607.2,607.20 1 3
github.com/crunchydata/postgres-operator/internal/bridge/client.go:612.112,620.16 3 3
github.com/crunchydata/postgres-operator/internal/bridge/client.go:620.16,624.10 3 3
github.com/crunchydata/postgres-operator/internal/bridge/client.go:626.64,627.55 1 2
github.com/crunchydata/postgres-operator/internal/bridge/client.go:627.55,630.5 2 0
github.com/crunchydata/postgres-operator/internal/bridge/client.go:631.4,631.71 1 2
github.com/crunchydata/postgres-operator/internal/bridge/client.go:631.71,633.5 1 0
github.com/crunchydata/postgres-operator/internal/bridge/client.go:635.11,637.53 1 1
github.com/crunchydata/postgres-operator/internal/bridge/client.go:641.2,641.20 1 3
github.com/crunchydata/postgres-operator/internal/bridge/client.go:648.39,652.16 3 3
github.com/crunchydata/postgres-operator/internal/bridge/client.go:652.16,654.3 1 0
github.com/crunchydata/postgres-operator/internal/bridge/client.go:656.2,661.16 2 3
github.com/crunchydata/postgres-operator/internal/bridge/client.go:661.16,665.10 3 3
github.com/crunchydata/postgres-operator/internal/bridge/client.go:667.64,668.55 1 2
github.com/crunchydata/postgres-operator/internal/bridge/client.go:668.55,671.5 2 0
github.com/crunchydata/postgres-operator/internal/bridge/client.go:672.4,672.71 1 2
github.com/crunchydata/postgres-operator/internal/bridge/client.go:672.71,674.5 1 0
github.com/crunchydata/postgres-operator/internal/bridge/client.go:676.11,678.53 1 1
github.com/crunchydata/postgres-operator/internal/bridge/client.go:682.2,682.20 1 3
github.com/crunchydata/postgres-operator/internal/bridge/client.go:688.119,696.16 3 3
github.com/crunchydata/postgres-operator/internal/bridge/client.go:696.16,700.10 3 3
github.com/crunchydata/postgres-operator/internal/bridge/client.go:702.64,703.55 1 2
github.com/crunchydata/postgres-operator/internal/bridge/client.go:703.55,706.5 2 0
github.com/crunchydata/postgres-operator/internal/bridge/client.go:707.4,707.71 1 2
github.com/crunchydata/postgres-operator/internal/bridge/client.go:707.71,709.5 1 0
github.com/crunchydata/postgres-operator/internal/bridge/client.go:711.11,713.53 1 1
github.com/crunchydata/postgres-operator/internal/bridge/client.go:717.2,717.20 1 3
github.com/crunchydata/postgres-operator/internal/bridge/client.go:724.32,734.16 4 3
github.com/crunchydata/postgres-operator/internal/bridge/client.go:734.16,738.10 3 3
github.com/crunchydata/postgres-operator/internal/bridge/client.go:740.64,741.55 1 2
github.com/crunchydata/postgres-operator/internal/bridge/client.go:741.55,744.5 2 0
github.com/crunchydata/postgres-operator/internal/bridge/client.go:745.4,745.71 1 2
github.com/crunchydata/postgres-operator/internal/bridge/client.go:745.71,747.5 1 0
github.com/crunchydata/postgres-operator/internal/bridge/client.go:749.11,751.53 1 1
github.com/crunchydata/postgres-operator/internal/bridge/client.go:755.2,755.20 1 3
github.com/crunchydata/postgres-operator/internal/bridge/client.go:760.123,768.16 3 3
github.com/crunchydata/postgres-operator/internal/bridge/client.go:768.16,772.10 3 3
github.com/crunchydata/postgres-operator/internal/bridge/client.go:774.64,775.55 1 2
github.com/crunchydata/postgres-operator/internal/bridge/client.go:775.55,777.5 1 0
github.com/crunchydata/postgres-operator/internal/bridge/client.go:779.11,781.53 1 1
github.com/crunchydata/postgres-operator/internal/bridge/client.go:785.2,785.20 1 3
github.com/crunchydata/postgres-operator/internal/bridge/client.go:790.110,798.16 3 3
github.com/crunchydata/postgres-operator/internal/bridge/client.go:798.16,802.10 3 3
github.com/crunchydata/postgres-operator/internal/bridge/client.go:804.64,805.55 1 2
github.com/crunchydata/postgres-operator/internal/bridge/client.go:805.55,807.5 1 0
github.com/crunchydata/postgres-operator/internal/bridge/client.go:809.11,811.53 1 1
github.com/crunchydata/postgres-operator/internal/bridge/client.go:815.2,815.26 1 3
github.com/crunchydata/postgres-operator/internal/bridge/installation.go:70.87,88.64 3 0
github.com/crunchydata/postgres-operator/internal/bridge/installation.go:88.64,90.5 1 0
github.com/crunchydata/postgres-operator/internal/bridge/installation.go:97.63,99.7 1 0
github.com/crunchydata/postgres-operator/internal/bridge/installation.go:109.3,114.16 4 0
github.com/crunchydata/postgres-operator/internal/bridge/installation.go:114.16,121.3 2 0
github.com/crunchydata/postgres-operator/internal/bridge/installation.go:124.2,124.83 1 0
github.com/crunchydata/postgres-operator/internal/bridge/installation.go:124.83,126.3 1 0
github.com/crunchydata/postgres-operator/internal/bridge/installation.go:129.2,129.45 1 0
github.com/crunchydata/postgres-operator/internal/bridge/installation.go:129.45,132.3 2 0
github.com/crunchydata/postgres-operator/internal/bridge/installation.go:134.2,134.20 1 0
github.com/crunchydata/postgres-operator/internal/bridge/installation.go:141.3,143.16 2 12
github.com/crunchydata/postgres-operator/internal/bridge/installation.go:143.16,145.3 1 0
github.com/crunchydata/postgres-operator/internal/bridge/installation.go:149.2,149.36 1 12
github.com/crunchydata/postgres-operator/internal/bridge/installation.go:149.36,151.3 1 0
github.com/crunchydata/postgres-operator/internal/bridge/installation.go:154.2,155.69 2 12
github.com/crunchydata/postgres-operator/internal/bridge/installation.go:155.69,157.3 1 1
github.com/crunchydata/postgres-operator/internal/bridge/installation.go:162.2,162.31 1 12
github.com/crunchydata/postgres-operator/internal/bridge/installation.go:162.31,163.24 1 5
github.com/crunchydata/postgres-operator/internal/bridge/installation.go:163.24,165.4 1 2
github.com/crunchydata/postgres-operator/internal/bridge/installation.go:167.3,170.49 3 3
github.com/crunchydata/postgres-operator/internal/bridge/installation.go:174.2,175.68 2 7
github.com/crunchydata/postgres-operator/internal/bridge/installation.go:175.68,177.3 1 1
github.com/crunchydata/postgres-operator/internal/bridge/installation.go:182.2,182.93 1 7
github.com/crunchydata/postgres-operator/internal/bridge/installation.go:182.93,184.3 1 6
github.com/crunchydata/postgres-operator/internal/bridge/installation.go:187.2,187.66 1 1
github.com/crunchydata/postgres-operator/internal/bridge/installation.go:194.9,204.16 5 11
github.com/crunchydata/postgres-operator/internal/bridge/installation.go:204.16,206.3 1 11
github.com/crunchydata/postgres-operator/internal/bridge/installation.go:208.2,208.12 1 11
github.com/crunchydata/postgres-operator/internal/bridge/installation.go:218.9,223.53 2 6
github.com/crunchydata/postgres-operator/internal/bridge/installation.go:223.53,236.3 8 1
github.com/crunchydata/postgres-operator/internal/bridge/installation.go:238.2,238.16 1 5
github.com/crunchydata/postgres-operator/internal/bridge/installation.go:238.16,252.3 8 5
github.com/crunchydata/postgres-operator/internal/bridge/installation.go:254.2,254.12 1 5
github.com/crunchydata/postgres-operator/internal/bridge/installation.go:262.9,265.16 2 2
github.com/crunchydata/postgres-operator/internal/bridge/installation.go:265.16,277.3 7 2
github.com/crunchydata/postgres-operator/internal/bridge/installation.go:279.2,279.12 1 2
github.com/crunchydata/postgres-operator/internal/bridge/quantity.go:13.42,16.65 1 3
github.com/crunchydata/postgres-operator/internal/bridge/quantity.go:16.65,18.3 1 3
github.com/crunchydata/postgres-operator/internal/bridge/quantity.go:20.2,20.52 1 0
github.com/crunchydata/postgres-operator/internal/bridge/quantity.go:24.48,27.72 1 3
github.com/crunchydata/postgres-operator/internal/bridge/quantity.go:27.72,29.3 1 3
github.com/crunchydata/postgres-operator/internal/bridge/quantity.go:31.2,31.51 1 0
github.com/crunchydata/postgres-operator/internal/bridge/quantity.go:35.45,38.12 2 6
github.com/crunchydata/postgres-operator/internal/bridge/quantity.go:38.12,40.3 1 2
github.com/crunchydata/postgres-operator/internal/bridge/quantity.go:43.2,43.28 1 4
github.com/crunchydata/postgres-operator/internal/pgadmin/config.go:70.105,96.41 2 4
github.com/crunchydata/postgres-operator/internal/pgadmin/config.go:96.41,102.3 1 1
github.com/crunchydata/postgres-operator/internal/pgadmin/config.go:104.2,104.15 1 4
github.com/crunchydata/postgres-operator/internal/pgadmin/config.go:108.32,153.2 4 6
github.com/crunchydata/postgres-operator/internal/pgadmin/config.go:156.66,158.21 2 4
github.com/crunchydata/postgres-operator/internal/pgadmin/config.go:158.21,160.3 1 2
github.com/crunchydata/postgres-operator/internal/pgadmin/config.go:164.2,166.17 2 4
github.com/crunchydata/postgres-operator/internal/pgadmin/reconcile.go:130.9,131.88 1 3
github.com/crunchydata/postgres-operator/internal/pgadmin/reconcile.go:131.88,134.3 1 1
github.com/crunchydata/postgres-operator/internal/pgadmin/reconcile.go:136.2,147.16 7 2
github.com/crunchydata/postgres-operator/internal/pgadmin/reconcile.go:147.16,149.3 1 2
github.com/crunchydata/postgres-operator/internal/pgadmin/reconcile.go:150.2,150.12 1 2
github.com/crunchydata/postgres-operator/internal/pgadmin/reconcile.go:158.3,159.88 1 4
github.com/crunchydata/postgres-operator/internal/pgadmin/reconcile.go:159.88,162.3 1 1
github.com/crunchydata/postgres-operator/internal/pgadmin/reconcile.go:165.2,300.51 18 3
github.com/crunchydata/postgres-operator/internal/pgadmin/users.go:31.9,236.23 8 5
github.com/crunchydata/postgres-operator/internal/pgadmin/users.go:236.23,239.17 2 3
github.com/crunchydata/postgres-operator/internal/pgadmin/users.go:239.17,244.4 1 3
github.com/crunchydata/postgres-operator/internal/pgadmin/users.go:247.2,247.16 1 5
github.com/crunchydata/postgres-operator/internal/pgadmin/users.go:247.16,255.3 3 5
github.com/crunchydata/postgres-operator/internal/pgadmin/users.go:257.2,257.12 1 5
github.com/crunchydata/postgres-operator/internal/pgaudit/postgres.go:33.76,51.2 4 1
github.com/crunchydata/postgres-operator/internal/pgaudit/postgres.go:54.63,61.2 1 2
github.com/crunchydata/postgres-operator/internal/pgmonitor/exporter.go:48.99,59.40 5 0
github.com/crunchydata/postgres-operator/internal/pgmonitor/exporter.go:59.40,61.17 2 0
github.com/crunchydata/postgres-operator/internal/pgmonitor/exporter.go:61.17,64.12 2 0
github.com/crunchydata/postgres-operator/internal/pgmonitor/exporter.go:66.3,66.44 1 0
github.com/crunchydata/postgres-operator/internal/pgmonitor/exporter.go:70.2,71.16 2 0
github.com/crunchydata/postgres-operator/internal/pgmonitor/exporter.go:71.16,74.3 1 0
github.com/crunchydata/postgres-operator/internal/pgmonitor/exporter.go:74.8,76.3 1 0
github.com/crunchydata/postgres-operator/internal/pgmonitor/exporter.go:79.2,80.16 2 0
github.com/crunchydata/postgres-operator/internal/pgmonitor/exporter.go:80.16,83.3 1 0
github.com/crunchydata/postgres-operator/internal/pgmonitor/exporter.go:83.8,85.3 1 0
github.com/crunchydata/postgres-operator/internal/pgmonitor/exporter.go:88.2,88.40 1 0
github.com/crunchydata/postgres-operator/internal/pgmonitor/exporter.go:88.40,90.17 2 0
github.com/crunchydata/postgres-operator/internal/pgmonitor/exporter.go:90.17,93.4 1 0
github.com/crunchydata/postgres-operator/internal/pgmonitor/exporter.go:93.9,95.4 1 0
github.com/crunchydata/postgres-operator/internal/pgmonitor/exporter.go:99.2,99.44 1 0
github.com/crunchydata/postgres-operator/internal/pgmonitor/exporter.go:99.44,101.3 1 0
github.com/crunchydata/postgres-operator/internal/pgmonitor/exporter.go:105.2,105.16 1 0
github.com/crunchydata/postgres-operator/internal/pgmonitor/exporter.go:111.84,127.24 2 3
github.com/crunchydata/postgres-operator/internal/pgmonitor/exporter.go:127.24,135.3 1 2
github.com/crunchydata/postgres-operator/internal/pgmonitor/exporter.go:137.2,182.21 2 3
github.com/crunchydata/postgres-operator/internal/pgmonitor/postgres.go:26.102,28.57 1 2
github.com/crunchydata/postgres-operator/internal/pgmonitor/postgres.go:28.57,34.3 1 1
github.com/crunchydata/postgres-operator/internal/pgmonitor/postgres.go:39.120,41.57 1 3
github.com/crunchydata/postgres-operator/internal/pgmonitor/postgres.go:41.57,49.3 2 2
github.com/crunchydata/postgres-operator/internal/pgmonitor/postgres.go:56.89,70.2 4 0
github.com/crunchydata/postgres-operator/internal/pgmonitor/postgres.go:77.65,106.16 4 0
github.com/crunchydata/postgres-operator/internal/pgmonitor/postgres.go:106.16,147.3 2 0
github.com/crunchydata/postgres-operator/internal/pgmonitor/postgres.go:149.2,149.12 1 0
github.com/crunchydata/postgres-operator/internal/pgmonitor/util.go:16.54,20.81 2 2
github.com/crunchydata/postgres-operator/internal/pgmonitor/util.go:20.81,24.3 2 1
github.com/crunchydata/postgres-operator/internal/pgmonitor/util.go:26.2,26.28 1 1
github.com/crunchydata/postgres-operator/internal/pgmonitor/util.go:30.82,33.57 1 11
github.com/crunchydata/postgres-operator/internal/pgmonitor/util.go:33.57,35.3 1 1
github.com/crunchydata/postgres-operator/internal/pgmonitor/util.go:36.2,36.36 1 10
github.com/crunchydata/postgres-operator/internal/pgmonitor/util.go:36.36,38.3 1 3
github.com/crunchydata/postgres-operator/internal/pgmonitor/util.go:39.2,39.46 1 7
github.com/crunchydata/postgres-operator/internal/pgmonitor/util.go:39.46,41.3 1 1
github.com/crunchydata/postgres-operator/internal/pgmonitor/util.go:42.2,42.55 1 6
github.com/crunchydata/postgres-operator/internal/pgmonitor/util.go:42.55,44.3 1 1
github.com/crunchydata/postgres-operator/internal/pgmonitor/util.go:45.2,45.13 1 5
github.com/crunchydata/postgres-operator/internal/postgis/postgis.go:20.76,46.2 4 1
github.com/crunchydata/postgres-operator/internal/postgres/password/md5.go:28.47,35.2 2 4
github.com/crunchydata/postgres-operator/internal/postgres/password/md5.go:38.61,43.2 1 2
github.com/crunchydata/postgres-operator/internal/postgres/password/password.go:42.106,43.22 1 3
github.com/crunchydata/postgres-operator/internal/postgres/password/password.go:44.10,46.30 1 1
github.com/crunchydata/postgres-operator/internal/postgres/password/password.go:47.11,48.49 1 1
github.com/crunchydata/postgres-operator/internal/postgres/password/password.go:49.13,50.41 1 1
github.com/crunchydata/postgres-operator/internal/postgres/password/scram.go:85.49,88.16 2 5
github.com/crunchydata/postgres-operator/internal/postgres/password/scram.go:88.16,90.3 1 1
github.com/crunchydata/postgres-operator/internal/postgres/password/scram.go:94.2,109.22 7 4
github.com/crunchydata/postgres-operator/internal/postgres/password/scram.go:113.53,115.2 1 13
github.com/crunchydata/postgres-operator/internal/postgres/password/scram.go:119.73,124.2 3 5
github.com/crunchydata/postgres-operator/internal/postgres/password/scram.go:128.78,133.2 3 9
github.com/crunchydata/postgres-operator/internal/postgres/password/scram.go:137.40,141.33 1 13
github.com/crunchydata/postgres-operator/internal/postgres/password/scram.go:141.33,142.39 1 205
github.com/crunchydata/postgres-operator/internal/postgres/password/scram.go:142.39,144.4 1 8
github.com/crunchydata/postgres-operator/internal/postgres/password/scram.go:147.2,147.13 1 5
github.com/crunchydata/postgres-operator/internal/postgres/password/scram.go:162.43,165.50 1 10
github.com/crunchydata/postgres-operator/internal/postgres/password/scram.go:165.50,167.3 1 4
github.com/crunchydata/postgres-operator/internal/postgres/password/scram.go:172.2,173.41 2 6
github.com/crunchydata/postgres-operator/internal/postgres/password/scram.go:173.41,175.3 1 1
github.com/crunchydata/postgres-operator/internal/postgres/password/scram.go:177.2,177.24 1 5
github.com/crunchydata/postgres-operator/internal/postgres/password/scram.go:181.55,188.2 1 7
github.com/crunchydata/postgres-operator/internal/postgres/password/scram.go:192.52,194.16 1 4
github.com/crunchydata/postgres-operator/internal/postgres/password/scram.go:194.16,196.3 1 2
github.com/crunchydata/postgres-operator/internal/postgres/password/scram.go:200.2,206.18 3 2
github.com/crunchydata/postgres-operator/internal/text/text.go:9.41,11.2 1 10
github.com/crunchydata/postgres-operator/internal/testing/cmp/cmp.go:23.48,27.28 3 0
github.com/crunchydata/postgres-operator/internal/testing/cmp/cmp.go:27.28,28.73 1 0
github.com/crunchydata/postgres-operator/internal/testing/cmp/cmp.go:28.73,29.32 1 0
github.com/crunchydata/postgres-operator/internal/testing/cmp/cmp.go:29.32,30.43 1 0
github.com/crunchydata/postgres-operator/internal/testing/cmp/cmp.go:30.43,32.6 1 0
github.com/crunchydata/postgres-operator/internal/testing/cmp/cmp.go:33.5,39.8 1 0
github.com/crunchydata/postgres-operator/internal/testing/cmp/cmp.go:44.2,44.42 1 0
github.com/crunchydata/postgres-operator/internal/testing/cmp/cmp.go:51.64,53.2 1 0
github.com/crunchydata/postgres-operator/internal/testing/cmp/cmp.go:57.38,59.2 1 0
github.com/crunchydata/postgres-operator/internal/testing/cmp/cmp.go:62.68,64.2 1 0
github.com/crunchydata/postgres-operator/internal/testing/cmp/cmp.go:67.85,73.2 1 0
github.com/crunchydata/postgres-operator/internal/testing/cmp/cmp.go:76.62,78.16 2 0
github.com/crunchydata/postgres-operator/internal/testing/cmp/cmp.go:78.16,79.31 1 0
github.com/crunchydata/postgres-operator/internal/testing/cmp/cmp.go:79.31,79.69 1 0
github.com/crunchydata/postgres-operator/internal/testing/cmp/cmp.go:81.2,81.38 1 0
github.com/crunchydata/postgres-operator/internal/testing/cmp/cmp.go:85.61,87.16 2 0
github.com/crunchydata/postgres-operator/internal/testing/cmp/cmp.go:87.16,88.31 1 0
github.com/crunchydata/postgres-operator/internal/testing/cmp/cmp.go:88.31,88.69 1 0
github.com/crunchydata/postgres-operator/internal/testing/cmp/cmp.go:90.2,92.4 1 0
github.com/crunchydata/postgres-operator/internal/testing/cmp/cmp.go:100.38,102.2 1 0
github.com/crunchydata/postgres-operator/internal/testing/cmp/cmp.go:107.77,109.2 1 0
github.com/crunchydata/postgres-operator/internal/testing/cmp/cmp.go:115.52,116.19 1 26
github.com/crunchydata/postgres-operator/internal/testing/cmp/cmp.go:116.19,118.3 1 3
github.com/crunchydata/postgres-operator/internal/testing/cmp/cmp.go:120.2,123.40 3 23
github.com/crunchydata/postgres-operator/internal/testing/cmp/cmp.go:123.40,128.45 2 38
github.com/crunchydata/postgres-operator/internal/testing/cmp/cmp.go:128.45,130.4 1 5
github.com/crunchydata/postgres-operator/internal/testing/cmp/cmp.go:132.3,132.10 1 38
github.com/crunchydata/postgres-operator/internal/testing/cmp/cmp.go:133.36,134.32 1 23
github.com/crunchydata/postgres-operator/internal/testing/cmp/cmp.go:136.41,138.32 2 13
github.com/crunchydata/postgres-operator/internal/testing/cmp/cmp.go:141.3,141.30 1 38
github.com/crunchydata/postgres-operator/internal/testing/cmp/cmp.go:146.2,146.25 1 23
github.com/crunchydata/postgres-operator/internal/testing/cmp/cmp.go:146.25,147.25 1 23
github.com/crunchydata/postgres-operator/internal/testing/cmp/cmp.go:147.25,148.74 1 44
github.com/crunchydata/postgres-operator/internal/testing/cmp/cmp.go:148.74,150.5 1 19
github.com/crunchydata/postgres-operator/internal/testing/cmp/cmp.go:152.3,152.21 1 4
github.com/crunchydata/postgres-operator/internal/testing/cmp/cmp.go:153.17,154.24 1 18
github.com/crunchydata/postgres-operator/internal/testing/cmp/cmp.go:154.24,155.29 1 32
github.com/crunchydata/postgres-operator/internal/testing/cmp/cmp.go:155.29,157.5 1 27
github.com/crunchydata/postgres-operator/internal/testing/cmp/cmp.go:157.10,159.5 1 5
github.com/crunchydata/postgres-operator/internal/testing/cmp/cmp.go:163.2,163.65 1 23
github.com/crunchydata/postgres-operator/internal/testing/events/recorder.go:34.66,42.113 3 0
github.com/crunchydata/postgres-operator/internal/testing/events/recorder.go:42.113,52.21 7 0
github.com/crunchydata/postgres-operator/internal/testing/events/recorder.go:52.21,55.4 2 0
github.com/crunchydata/postgres-operator/internal/testing/events/recorder.go:57.3,60.22 3 0
github.com/crunchydata/postgres-operator/internal/testing/events/recorder.go:60.22,62.4 1 0
github.com/crunchydata/postgres-operator/internal/testing/events/recorder.go:64.3,79.5 1 0
github.com/crunchydata/postgres-operator/internal/testing/events/recorder.go:82.2,82.18 1 0
github.com/crunchydata/postgres-operator/internal/testing/events/recorder.go:87.139,88.49 1 0
github.com/crunchydata/postgres-operator/internal/testing/events/recorder.go:90.84,91.21 1 0
github.com/crunchydata/postgres-operator/internal/testing/events/recorder.go:91.21,93.3 1 0
github.com/crunchydata/postgres-operator/internal/testing/events/recorder.go:95.101,96.21 1 0
github.com/crunchydata/postgres-operator/internal/testing/events/recorder.go:96.21,98.3 1 0
github.com/crunchydata/postgres-operator/internal/tracing/errors.go:17.36,18.16 1 2
github.com/crunchydata/postgres-operator/internal/tracing/errors.go:18.16,20.3 1 1
github.com/crunchydata/postgres-operator/internal/tracing/errors.go:21.2,21.21 1 1
github.com/crunchydata/postgres-operator/internal/tracing/errors.go:21.21,23.3 1 1
github.com/crunchydata/postgres-operator/internal/tracing/errors.go:24.2,24.14 1 1
github.com/crunchydata/postgres-operator/internal/tracing/errors.go:29.38,30.35 1 2
github.com/crunchydata/postgres-operator/internal/tracing/errors.go:30.35,32.3 1 1
github.com/crunchydata/postgres-operator/internal/tracing/errors.go:33.2,33.12 1 2
github.com/crunchydata/postgres-operator/internal/tracing/tracing.go:27.33,27.47 1 2
github.com/crunchydata/postgres-operator/internal/tracing/tracing.go:32.46,33.50 1 5
github.com/crunchydata/postgres-operator/internal/tracing/tracing.go:33.50,35.3 1 2
github.com/crunchydata/postgres-operator/internal/tracing/tracing.go:36.2,36.15 1 3
github.com/crunchydata/postgres-operator/internal/tracing/tracing.go:40.64,42.2 1 2
github.com/crunchydata/postgres-operator/internal/tracing/tracing.go:45.58,51.2 2 1
github.com/crunchydata/postgres-operator/internal/tracing/tracing.go:54.101,56.2 1 4
github.com/crunchydata/postgres-operator/internal/tracing/tracing.go:59.37,59.78 1 1
github.com/crunchydata/postgres-operator/internal/tracing/tracing.go:62.35,62.75 1 1
github.com/crunchydata/postgres-operator/internal/tracing/tracing.go:65.34,65.77 1 1
github.com/crunchydata/postgres-operator/internal/testing/require/encoding.go:21.3,40.2 6 13
github.com/crunchydata/postgres-operator/internal/testing/require/encoding.go:46.3,49.22 2 3
github.com/crunchydata/postgres-operator/internal/testing/require/encoding.go:49.22,51.3 1 0
github.com/crunchydata/postgres-operator/internal/testing/require/encoding.go:53.2,53.26 1 3
github.com/crunchydata/postgres-operator/internal/testing/require/encoding.go:53.26,55.3 1 2
github.com/crunchydata/postgres-operator/internal/testing/require/encoding.go:57.2,60.82 3 3
github.com/crunchydata/postgres-operator/internal/testing/require/errors.go:18.57,26.2 4 0
github.com/crunchydata/postgres-operator/internal/testing/require/errors.go:30.71,36.2 4 0
github.com/crunchydata/postgres-operator/internal/testing/require/errors.go:39.37,40.16 1 0
github.com/crunchydata/postgres-operator/internal/testing/require/errors.go:40.16,41.13 1 0
github.com/crunchydata/postgres-operator/internal/testing/require/errors.go:43.2,43.10 1 0
github.com/crunchydata/postgres-operator/internal/testing/require/exec.go:16.34,16.66 2 0
github.com/crunchydata/postgres-operator/internal/testing/require/exec.go:21.35,21.68 2 0
github.com/crunchydata/postgres-operator/internal/testing/require/exec.go:26.38,26.74 2 0
github.com/crunchydata/postgres-operator/internal/testing/require/exec.go:33.70,37.35 3 3
github.com/crunchydata/postgres-operator/internal/testing/require/exec.go:37.35,39.18 2 0
github.com/crunchydata/postgres-operator/internal/testing/require/exec.go:39.18,43.18 3 0
github.com/crunchydata/postgres-operator/internal/testing/require/exec.go:43.18,44.40 1 0
github.com/crunchydata/postgres-operator/internal/testing/require/exec.go:44.40,48.6 3 0
github.com/crunchydata/postgres-operator/internal/testing/require/exec.go:49.10,49.60 1 0
github.com/crunchydata/postgres-operator/internal/testing/require/exec.go:49.60,50.40 1 0
github.com/crunchydata/postgres-operator/internal/testing/require/exec.go:50.40,57.6 3 0
github.com/crunchydata/postgres-operator/internal/testing/require/exec.go:58.10,59.40 1 0
github.com/crunchydata/postgres-operator/internal/testing/require/exec.go:59.40,63.6 3 0
github.com/crunchydata/postgres-operator/internal/testing/require/exec.go:66.3,66.19 1 0
github.com/crunchydata/postgres-operator/internal/testing/require/kubernetes.go:42.79,45.21 2 0
github.com/crunchydata/postgres-operator/internal/testing/require/kubernetes.go:45.21,47.3 1 0
github.com/crunchydata/postgres-operator/internal/testing/require/kubernetes.go:49.2,52.3 1 0
github.com/crunchydata/postgres-operator/internal/testing/require/kubernetes.go:73.43,77.2 3 0
github.com/crunchydata/postgres-operator/internal/testing/require/kubernetes.go:81.69,99.45 11 0
github.com/crunchydata/postgres-operator/internal/testing/require/kubernetes.go:99.45,102.3 2 0
github.com/crunchydata/postgres-operator/internal/testing/require/kubernetes.go:104.2,104.11 1 0
github.com/crunchydata/postgres-operator/internal/testing/require/kubernetes.go:109.60,113.2 3 0
github.com/crunchydata/postgres-operator/internal/testing/require/kubernetes.go:115.68,118.21 2 0
github.com/crunchydata/postgres-operator/internal/testing/require/kubernetes.go:118.21,120.3 1 0
github.com/crunchydata/postgres-operator/internal/testing/require/kubernetes.go:122.2,127.27 3 0
github.com/crunchydata/postgres-operator/internal/testing/require/kubernetes.go:127.27,129.3 1 0
github.com/crunchydata/postgres-operator/internal/testing/require/kubernetes.go:131.2,131.27 1 0
github.com/crunchydata/postgres-operator/internal/testing/require/kubernetes.go:131.27,133.38 1 0
github.com/crunchydata/postgres-operator/internal/testing/require/kubernetes.go:133.38,137.4 3 0
github.com/crunchydata/postgres-operator/internal/testing/require/kubernetes.go:140.3,146.32 4 0
github.com/crunchydata/postgres-operator/internal/testing/require/kubernetes.go:146.32,148.4 1 0
github.com/crunchydata/postgres-operator/internal/testing/require/kubernetes.go:149.3,162.5 4 0
github.com/crunchydata/postgres-operator/internal/testing/require/kubernetes.go:162.5,168.4 4 0
github.com/crunchydata/postgres-operator/internal/testing/require/kubernetes.go:170.3,182.28 3 0
github.com/crunchydata/postgres-operator/internal/testing/require/kubernetes.go:182.28,185.4 2 0
github.com/crunchydata/postgres-operator/internal/testing/require/kubernetes.go:187.3,187.23 1 0
github.com/crunchydata/postgres-operator/internal/testing/require/kubernetes.go:190.2,192.19 2 0
github.com/crunchydata/postgres-operator/internal/testing/require/kubernetes.go:192.19,198.28 4 0
github.com/crunchydata/postgres-operator/internal/testing/require/kubernetes.go:198.28,202.4 3 0
github.com/crunchydata/postgres-operator/internal/testing/require/kubernetes.go:205.2,210.27 3 0
github.com/crunchydata/postgres-operator/internal/testing/require/kubernetes.go:215.64,229.19 8 0
github.com/crunchydata/postgres-operator/internal/testing/require/kubernetes.go:229.19,231.3 1 0
github.com/crunchydata/postgres-operator/internal/testing/require/kubernetes.go:233.2,233.11 1 0
github.com/crunchydata/postgres-operator/internal/testing/require/parallel.go:16.49,20.16 3 0
github.com/crunchydata/postgres-operator/internal/testing/require/parallel.go:20.16,25.3 2 0
github.com/crunchydata/postgres-operator/internal/shell/paths.go:25.40,26.51 1 14
github.com/crunchydata/postgres-operator/internal/shell/paths.go:26.51,28.3 1 9
github.com/crunchydata/postgres-operator/internal/shell/paths.go:29.2,29.33 1 14
github.com/crunchydata/postgres-operator/internal/shell/paths.go:29.33,31.3 1 10
github.com/crunchydata/postgres-operator/internal/shell/paths.go:32.2,32.11 1 4
github.com/crunchydata/postgres-operator/internal/shell/paths.go:46.59,48.21 1 8
github.com/crunchydata/postgres-operator/internal/shell/paths.go:48.21,50.3 1 1
github.com/crunchydata/postgres-operator/internal/shell/paths.go:53.2,54.26 2 7
github.com/crunchydata/postgres-operator/internal/shell/paths.go:54.26,55.24 1 13
github.com/crunchydata/postgres-operator/internal/shell/paths.go:55.24,57.4 1 5
github.com/crunchydata/postgres-operator/internal/shell/paths.go:57.9,59.4 1 8
github.com/crunchydata/postgres-operator/internal/shell/paths.go:63.2,64.34 2 7
github.com/crunchydata/postgres-operator/internal/shell/paths.go:64.34,65.73 1 13
github.com/crunchydata/postgres-operator/internal/shell/paths.go:65.73,69.17 2 8
github.com/crunchydata/postgres-operator/internal/shell/paths.go:69.17,72.5 2 21
github.com/crunchydata/postgres-operator/internal/shell/paths.go:78.2,95.4 2 7
github.com/crunchydata/postgres-operator/internal/shell/quote.go:21.33,25.2 1 54
github.com/crunchydata/postgres-operator/internal/shell/quote.go:28.39,30.19 2 14
github.com/crunchydata/postgres-operator/internal/shell/quote.go:30.19,32.3 1 47
github.com/crunchydata/postgres-operator/internal/shell/quote.go:33.2,33.15 1 14
github.com/crunchydata/postgres-operator/internal/pgbouncer/analytics.go:94.13,106.2 1 1
github.com/crunchydata/postgres-operator/internal/pgbouncer/analytics.go:238.87,239.15 1 1
github.com/crunchydata/postgres-operator/internal/pgbouncer/analytics.go:239.15,241.3 1 1
github.com/crunchydata/postgres-operator/internal/pgbouncer/analytics.go:242.2,248.16 4 0
github.com/crunchydata/postgres-operator/internal/pgbouncer/analytics.go:248.16,250.3 1 0
github.com/crunchydata/postgres-operator/internal/pgbouncer/analytics.go:251.2,254.18 3 0
github.com/crunchydata/postgres-operator/internal/pgbouncer/analytics.go:254.18,273.17 4 0
github.com/crunchydata/postgres-operator/internal/pgbouncer/analytics.go:273.17,275.12 2 0
github.com/crunchydata/postgres-operator/internal/pgbouncer/analytics.go:278.3,287.19 6 0
github.com/crunchydata/postgres-operator/internal/pgbouncer/analytics.go:291.2,293.16 3 0
github.com/crunchydata/postgres-operator/internal/pgbouncer/analytics.go:293.16,298.24 3 0
github.com/crunchydata/postgres-operator/internal/pgbouncer/analytics.go:298.24,301.4 2 0
github.com/crunchydata/postgres-operator/internal/pgbouncer/analytics.go:303.3,303.24 1 0
github.com/crunchydata/postgres-operator/internal/pgbouncer/analytics.go:303.24,330.18 6 0
github.com/crunchydata/postgres-operator/internal/pgbouncer/analytics.go:330.18,331.13 1 0
github.com/crunchydata/postgres-operator/internal/pgbouncer/analytics.go:334.4,334.49 1 0
github.com/crunchydata/postgres-operator/internal/pgbouncer/analytics.go:334.49,341.25 5 0
github.com/crunchydata/postgres-operator/internal/pgbouncer/analytics.go:341.25,343.6 1 0
github.com/crunchydata/postgres-operator/internal/pgbouncer/analytics.go:348.2,348.26 1 0
github.com/crunchydata/postgres-operator/internal/pgbouncer/analytics.go:356.27,357.15 1 1
github.com/crunchydata/postgres-operator/internal/pgbouncer/analytics.go:357.15,359.3 1 1
github.com/crunchydata/postgres-operator/internal/pgbouncer/analytics.go:360.2,366.16 3 0
github.com/crunchydata/postgres-operator/internal/pgbouncer/analytics.go:366.16,368.3 1 0
github.com/crunchydata/postgres-operator/internal/pgbouncer/analytics.go:369.2,376.29 5 0
github.com/crunchydata/postgres-operator/internal/pgbouncer/analytics.go:376.29,381.53 3 0
github.com/crunchydata/postgres-operator/internal/pgbouncer/analytics.go:381.53,383.4 1 0
github.com/crunchydata/postgres-operator/internal/pgbouncer/analytics.go:386.3,386.23 1 0
github.com/crunchydata/postgres-operator/internal/pgbouncer/analytics.go:386.23,388.4 1 0
github.com/crunchydata/postgres-operator/internal/pgbouncer/analytics.go:391.3,391.17 1 0
github.com/crunchydata/postgres-operator/internal/pgbouncer/analytics.go:394.2,394.18 1 0
github.com/crunchydata/postgres-operator/internal/pgbouncer/analytics.go:394.18,396.3 1 0
github.com/crunchydata/postgres-operator/internal/pgbouncer/analytics.go:397.2,400.34 2 0
github.com/crunchydata/postgres-operator/internal/pgbouncer/analytics.go:400.34,402.3 1 0
github.com/crunchydata/postgres-operator/internal/pgbouncer/analytics.go:404.2,404.23 1 0
github.com/crunchydata/postgres-operator/internal/pgbouncer/analytics.go:408.110,412.41 2 6
github.com/crunchydata/postgres-operator/internal/pgbouncer/analytics.go:412.41,422.3 1 1
github.com/crunchydata/postgres-operator/internal/pgbouncer/analytics.go:425.2,425.39 1 6
github.com/crunchydata/postgres-operator/internal/pgbouncer/analytics.go:425.39,427.30 1 5
github.com/crunchydata/postgres-operator/internal/pgbouncer/analytics.go:427.30,437.4 1 1
github.com/crunchydata/postgres-operator/internal/pgbouncer/analytics.go:440.3,440.23 1 5
github.com/crunchydata/postgres-operator/internal/pgbouncer/analytics.go:440.23,450.4 1 1
github.com/crunchydata/postgres-operator/internal/pgbouncer/analytics.go:453.3,453.39 1 5
github.com/crunchydata/postgres-operator/internal/pgbouncer/analytics.go:453.39,463.4 1 1
github.com/crunchydata/postgres-operator/internal/pgbouncer/analytics.go:466.3,466.58 1 5
github.com/crunchydata/postgres-operator/internal/pgbouncer/analytics.go:466.58,476.4 1 1
github.com/crunchydata/postgres-operator/internal/pgbouncer/analytics.go:480.2,480.79 1 6
github.com/crunchydata/postgres-operator/internal/pgbouncer/analytics.go:480.79,490.3 1 4
github.com/crunchydata/postgres-operator/internal/pgbouncer/analytics.go:492.2,492.24 1 6
github.com/crunchydata/postgres-operator/internal/pgbouncer/analytics.go:500.7,517.22 5 5
github.com/crunchydata/postgres-operator/internal/pgbouncer/analytics.go:517.22,519.3 1 2
github.com/crunchydata/postgres-operator/internal/pgbouncer/analytics.go:522.2,522.23 1 5
github.com/crunchydata/postgres-operator/internal/pgbouncer/analytics.go:522.23,524.3 1 2
github.com/crunchydata/postgres-operator/internal/pgbouncer/analytics.go:526.2,526.20 1 5
github.com/crunchydata/postgres-operator/internal/pgbouncer/analytics.go:530.58,547.39 2 3
github.com/crunchydata/postgres-operator/internal/pgbouncer/analytics.go:547.39,568.3 1 3
github.com/crunchydata/postgres-operator/internal/pgbouncer/analytics.go:570.2,570.45 1 3
github.com/crunchydata/postgres-operator/internal/pgbouncer/analytics.go:570.45,572.55 2 1
github.com/crunchydata/postgres-operator/internal/pgbouncer/analytics.go:572.55,574.4 1 2
github.com/crunchydata/postgres-operator/internal/pgbouncer/analytics.go:577.2,577.39 1 3
github.com/crunchydata/postgres-operator/internal/pgbouncer/analytics.go:577.39,579.49 2 1
github.com/crunchydata/postgres-operator/internal/pgbouncer/analytics.go:579.49,581.4 1 1
github.com/crunchydata/postgres-operator/internal/pgbouncer/analytics.go:584.2,585.41 2 3
github.com/crunchydata/postgres-operator/internal/pgbouncer/analytics.go:585.41,587.3 1 2
github.com/crunchydata/postgres-operator/internal/pgbouncer/analytics.go:587.8,588.49 1 1
github.com/crunchydata/postgres-operator/internal/pgbouncer/analytics.go:588.49,608.4 1 1
github.com/crunchydata/postgres-operator/internal/pgbouncer/analytics.go:611.2,611.15 1 3
github.com/crunchydata/postgres-operator/internal/pgbouncer/analytics.go:615.75,616.29 1 1
github.com/crunchydata/postgres-operator/internal/pgbouncer/analytics.go:616.29,665.3 8 2
github.com/crunchydata/postgres-operator/internal/pgbouncer/certificates.go:34.82,38.30 3 10
github.com/crunchydata/postgres-operator/internal/pgbouncer/certificates.go:38.30,40.52 1 2
github.com/crunchydata/postgres-operator/internal/pgbouncer/certificates.go:40.52,43.4 2 1
github.com/crunchydata/postgres-operator/internal/pgbouncer/certificates.go:46.2,46.21 1 10
github.com/crunchydata/postgres-operator/internal/pgbouncer/certificates.go:46.21,51.3 1 9
github.com/crunchydata/postgres-operator/internal/pgbouncer/certificates.go:53.2,54.48 2 10
github.com/crunchydata/postgres-operator/internal/pgbouncer/certificates.go:60.27,61.19 1 11
github.com/crunchydata/postgres-operator/internal/pgbouncer/certificates.go:61.19,81.3 1 3
github.com/crunchydata/postgres-operator/internal/pgbouncer/certificates.go:90.2,93.30 3 8
github.com/crunchydata/postgres-operator/internal/pgbouncer/certificates.go:93.30,95.31 1 16
github.com/crunchydata/postgres-operator/internal/pgbouncer/certificates.go:96.30,98.42 2 1
github.com/crunchydata/postgres-operator/internal/pgbouncer/certificates.go:100.32,102.42 2 7
github.com/crunchydata/postgres-operator/internal/pgbouncer/certificates.go:104.31,106.42 2 7
github.com/crunchydata/postgres-operator/internal/pgbouncer/certificates.go:110.2,110.21 1 8
github.com/crunchydata/postgres-operator/internal/pgbouncer/certificates.go:110.21,125.3 1 1
github.com/crunchydata/postgres-operator/internal/pgbouncer/certificates.go:127.2,128.48 2 8
github.com/crunchydata/postgres-operator/internal/pgbouncer/config.go:47.39,49.20 2 15
github.com/crunchydata/postgres-operator/internal/pgbouncer/config.go:49.20,51.3 1 96
github.com/crunchydata/postgres-operator/internal/pgbouncer/config.go:53.2,56.25 3 15
github.com/crunchydata/postgres-operator/internal/pgbouncer/config.go:56.25,57.22 1 96
github.com/crunchydata/postgres-operator/internal/pgbouncer/config.go:57.22,59.4 1 7
github.com/crunchydata/postgres-operator/internal/pgbouncer/config.go:59.9,61.4 1 89
github.com/crunchydata/postgres-operator/internal/pgbouncer/config.go:63.2,63.19 1 15
github.com/crunchydata/postgres-operator/internal/pgbouncer/config.go:67.47,71.33 1 6
github.com/crunchydata/postgres-operator/internal/pgbouncer/config.go:71.33,73.3 1 12
github.com/crunchydata/postgres-operator/internal/pgbouncer/config.go:75.2,77.22 2 6
github.com/crunchydata/postgres-operator/internal/pgbouncer/config.go:80.79,135.89 4 6
github.com/crunchydata/postgres-operator/internal/pgbouncer/config.go:135.89,137.3 1 0
github.com/crunchydata/postgres-operator/internal/pgbouncer/config.go:141.2,141.57 1 6
github.com/crunchydata/postgres-operator/internal/pgbouncer/config.go:141.57,143.3 1 0
github.com/crunchydata/postgres-operator/internal/pgbouncer/config.go:146.2,165.60 3 6
github.com/crunchydata/postgres-operator/internal/pgbouncer/config.go:165.60,167.3 1 2
github.com/crunchydata/postgres-operator/internal/pgbouncer/config.go:169.2,179.20 3 6
github.com/crunchydata/postgres-operator/internal/pgbouncer/config.go:179.20,181.3 1 2
github.com/crunchydata/postgres-operator/internal/pgbouncer/config.go:183.2,183.15 1 6
github.com/crunchydata/postgres-operator/internal/pgbouncer/config.go:191.29,240.2 4 10
github.com/crunchydata/postgres-operator/internal/pgbouncer/config.go:244.42,270.2 3 8
github.com/crunchydata/postgres-operator/internal/pgbouncer/postgres.go:29.60,55.2 2 2
github.com/crunchydata/postgres-operator/internal/pgbouncer/postgres.go:58.77,103.16 4 2
github.com/crunchydata/postgres-operator/internal/pgbouncer/postgres.go:103.16,116.3 2 1
github.com/crunchydata/postgres-operator/internal/pgbouncer/postgres.go:118.2,118.12 1 2
github.com/crunchydata/postgres-operator/internal/pgbouncer/postgres.go:126.9,202.2 4 1
github.com/crunchydata/postgres-operator/internal/pgbouncer/postgres.go:204.59,214.2 1 3
github.com/crunchydata/postgres-operator/internal/pgbouncer/reconcile.go:33.3,34.74 1 3
github.com/crunchydata/postgres-operator/internal/pgbouncer/reconcile.go:34.74,37.3 1 1
github.com/crunchydata/postgres-operator/internal/pgbouncer/reconcile.go:39.2,42.69 3 2
github.com/crunchydata/postgres-operator/internal/pgbouncer/reconcile.go:52.9,53.74 1 6
github.com/crunchydata/postgres-operator/internal/pgbouncer/reconcile.go:53.74,56.3 1 1
github.com/crunchydata/postgres-operator/internal/pgbouncer/reconcile.go:58.2,73.24 5 5
github.com/crunchydata/postgres-operator/internal/pgbouncer/reconcile.go:73.24,77.17 3 2
github.com/crunchydata/postgres-operator/internal/pgbouncer/reconcile.go:77.17,80.4 2 2
github.com/crunchydata/postgres-operator/internal/pgbouncer/reconcile.go:81.8,81.53 1 3
github.com/crunchydata/postgres-operator/internal/pgbouncer/reconcile.go:81.53,85.3 2 1
github.com/crunchydata/postgres-operator/internal/pgbouncer/reconcile.go:87.2,87.16 1 5
github.com/crunchydata/postgres-operator/internal/pgbouncer/reconcile.go:87.16,93.3 3 5
github.com/crunchydata/postgres-operator/internal/pgbouncer/reconcile.go:95.2,95.59 1 5
github.com/crunchydata/postgres-operator/internal/pgbouncer/reconcile.go:95.59,100.17 4 5
github.com/crunchydata/postgres-operator/internal/pgbouncer/reconcile.go:100.17,109.4 4 5
github.com/crunchydata/postgres-operator/internal/pgbouncer/reconcile.go:111.3,111.17 1 5
github.com/crunchydata/postgres-operator/internal/pgbouncer/reconcile.go:111.17,113.4 1 5
github.com/crunchydata/postgres-operator/internal/pgbouncer/reconcile.go:114.3,114.17 1 5
github.com/crunchydata/postgres-operator/internal/pgbouncer/reconcile.go:114.17,116.4 1 5
github.com/crunchydata/postgres-operator/internal/pgbouncer/reconcile.go:117.3,117.17 1 5
github.com/crunchydata/postgres-operator/internal/pgbouncer/reconcile.go:117.17,119.4 1 5
github.com/crunchydata/postgres-operator/internal/pgbouncer/reconcile.go:122.2,122.12 1 5
github.com/crunchydata/postgres-operator/internal/pgbouncer/reconcile.go:134.3,135.74 1 9
github.com/crunchydata/postgres-operator/internal/pgbouncer/reconcile.go:135.74,138.3 1 1
github.com/crunchydata/postgres-operator/internal/pgbouncer/reconcile.go:140.2,158.40 6 8
github.com/crunchydata/postgres-operator/internal/pgbouncer/reconcile.go:158.40,160.3 1 1
github.com/crunchydata/postgres-operator/internal/pgbouncer/reconcile.go:162.2,197.75 3 8
github.com/crunchydata/postgres-operator/internal/pgbouncer/reconcile.go:197.75,203.3 1 6
github.com/crunchydata/postgres-operator/internal/pgbouncer/reconcile.go:206.2,208.76 1 8
github.com/crunchydata/postgres-operator/internal/pgbouncer/reconcile.go:208.76,210.3 1 3
github.com/crunchydata/postgres-operator/internal/pgbouncer/reconcile.go:212.2,217.52 2 8
github.com/crunchydata/postgres-operator/internal/pgbouncer/reconcile.go:217.52,219.3 1 1
github.com/crunchydata/postgres-operator/internal/pgbouncer/reconcile.go:221.2,223.65 2 8
github.com/crunchydata/postgres-operator/internal/pgbouncer/reconcile.go:223.65,227.3 1 1
github.com/crunchydata/postgres-operator/internal/pgbouncer/reconcile.go:234.3,235.74 1 2
github.com/crunchydata/postgres-operator/internal/pgbouncer/reconcile.go:235.74,238.3 1 1
github.com/crunchydata/postgres-operator/internal/pgbouncer/reconcile.go:240.2,240.68 1 1
github.com/crunchydata/postgres-operator/internal/pki/common.go:29.47,31.2 1 33
github.com/crunchydata/postgres-operator/internal/pki/common.go:34.47,36.2 1 33
github.com/crunchydata/postgres-operator/internal/pki/common.go:42.30,65.2 7 13
github.com/crunchydata/postgres-operator/internal/pki/common.go:69.30,95.2 8 20
github.com/crunchydata/postgres-operator/internal/pki/encoding.go:32.52,33.43 1 12
github.com/crunchydata/postgres-operator/internal/pki/encoding.go:33.43,36.3 2 1
github.com/crunchydata/postgres-operator/internal/pki/encoding.go:38.2,41.9 1 11
github.com/crunchydata/postgres-operator/internal/pki/encoding.go:45.56,48.55 2 6
github.com/crunchydata/postgres-operator/internal/pki/encoding.go:48.55,50.3 1 2
github.com/crunchydata/postgres-operator/internal/pki/encoding.go:52.2,53.16 2 4
github.com/crunchydata/postgres-operator/internal/pki/encoding.go:53.16,55.3 1 2
github.com/crunchydata/postgres-operator/internal/pki/encoding.go:56.2,56.12 1 4
github.com/crunchydata/postgres-operator/internal/pki/encoding.go:66.51,67.20 1 4
github.com/crunchydata/postgres-operator/internal/pki/encoding.go:67.20,69.3 1 1
github.com/crunchydata/postgres-operator/internal/pki/encoding.go:71.2,72.16 2 4
github.com/crunchydata/postgres-operator/internal/pki/encoding.go:72.16,74.3 1 1
github.com/crunchydata/postgres-operator/internal/pki/encoding.go:76.2,79.9 1 3
github.com/crunchydata/postgres-operator/internal/pki/encoding.go:83.55,86.52 2 6
github.com/crunchydata/postgres-operator/internal/pki/encoding.go:86.52,88.3 1 2
github.com/crunchydata/postgres-operator/internal/pki/encoding.go:90.2,91.16 2 4
github.com/crunchydata/postgres-operator/internal/pki/encoding.go:91.16,93.3 1 2
github.com/crunchydata/postgres-operator/internal/pki/encoding.go:94.2,94.12 1 4
github.com/crunchydata/postgres-operator/internal/pki/pki.go:24.52,26.2 1 18
github.com/crunchydata/postgres-operator/internal/pki/pki.go:29.42,30.19 1 3
github.com/crunchydata/postgres-operator/internal/pki/pki.go:30.19,32.3 1 1
github.com/crunchydata/postgres-operator/internal/pki/pki.go:33.2,33.34 1 2
github.com/crunchydata/postgres-operator/internal/pki/pki.go:38.42,39.48 1 3
github.com/crunchydata/postgres-operator/internal/pki/pki.go:39.48,41.3 1 2
github.com/crunchydata/postgres-operator/internal/pki/pki.go:42.2,42.47 1 1
github.com/crunchydata/postgres-operator/internal/pki/pki.go:46.76,51.26 2 17
github.com/crunchydata/postgres-operator/internal/pki/pki.go:51.26,53.3 1 10
github.com/crunchydata/postgres-operator/internal/pki/pki.go:55.2,55.11 1 17
github.com/crunchydata/postgres-operator/internal/pki/pki.go:59.50,60.42 1 17
github.com/crunchydata/postgres-operator/internal/pki/pki.go:60.42,62.3 1 5
github.com/crunchydata/postgres-operator/internal/pki/pki.go:63.2,63.35 1 12
github.com/crunchydata/postgres-operator/internal/pki/pki.go:82.71,87.16 4 20
github.com/crunchydata/postgres-operator/internal/pki/pki.go:87.16,89.3 1 20
github.com/crunchydata/postgres-operator/internal/pki/pki.go:90.2,90.16 1 20
github.com/crunchydata/postgres-operator/internal/pki/pki.go:90.16,93.3 2 20
github.com/crunchydata/postgres-operator/internal/pki/pki.go:95.2,95.19 1 20
github.com/crunchydata/postgres-operator/internal/pki/pki.go:99.55,100.49 1 10
github.com/crunchydata/postgres-operator/internal/pki/pki.go:100.49,102.3 1 3
github.com/crunchydata/postgres-operator/internal/pki/pki.go:104.2,131.11 7 7
github.com/crunchydata/postgres-operator/internal/pki/pki.go:137.29,142.16 4 13
github.com/crunchydata/postgres-operator/internal/pki/pki.go:142.16,144.3 1 13
github.com/crunchydata/postgres-operator/internal/pki/pki.go:145.2,145.16 1 13
github.com/crunchydata/postgres-operator/internal/pki/pki.go:145.16,150.3 2 13
github.com/crunchydata/postgres-operator/internal/pki/pki.go:152.2,152.19 1 13
github.com/crunchydata/postgres-operator/internal/pki/pki.go:157.79,158.49 1 15
github.com/crunchydata/postgres-operator/internal/pki/pki.go:158.49,160.3 1 2
github.com/crunchydata/postgres-operator/internal/pki/pki.go:161.2,161.49 1 13
github.com/crunchydata/postgres-operator/internal/pki/pki.go:161.49,163.3 1 3
github.com/crunchydata/postgres-operator/internal/pki/pki.go:165.2,195.11 8 10
github.com/crunchydata/postgres-operator/internal/pki/pki.go:201.56,205.2 3 7
github.com/crunchydata/postgres-operator/internal/pki/pki.go:212.29,216.8 2 2
github.com/crunchydata/postgres-operator/internal/pki/pki.go:216.8,218.3 1 1
github.com/crunchydata/postgres-operator/internal/pki/pki.go:219.2,219.59 1 1
github.com/crunchydata/postgres-operator/internal/postgres/config.go:119.63,121.2 1 19
github.com/crunchydata/postgres-operator/internal/postgres/config.go:125.61,127.2 1 31
github.com/crunchydata/postgres-operator/internal/postgres/config.go:131.59,133.2 1 32
github.com/crunchydata/postgres-operator/internal/postgres/config.go:140.92,170.9 5 7
github.com/crunchydata/postgres-operator/internal/postgres/config.go:171.18,174.38 2 1
github.com/crunchydata/postgres-operator/internal/postgres/config.go:176.19,179.36 2 1
github.com/crunchydata/postgres-operator/internal/postgres/config.go:181.21,184.36 2 1
github.com/crunchydata/postgres-operator/internal/postgres/config.go:186.22,189.36 2 1
github.com/crunchydata/postgres-operator/internal/postgres/config.go:191.10,194.36 2 3
github.com/crunchydata/postgres-operator/internal/postgres/config.go:197.2,197.15 1 7
github.com/crunchydata/postgres-operator/internal/postgres/config.go:205.10,207.2 1 11
github.com/crunchydata/postgres-operator/internal/postgres/config.go:211.67,212.40 1 11
github.com/crunchydata/postgres-operator/internal/postgres/config.go:212.40,214.3 1 2
github.com/crunchydata/postgres-operator/internal/postgres/config.go:216.2,216.22 1 9
github.com/crunchydata/postgres-operator/internal/postgres/config.go:221.68,265.2 1 18
github.com/crunchydata/postgres-operator/internal/postgres/config.go:268.46,276.2 1 1
github.com/crunchydata/postgres-operator/internal/postgres/config.go:285.12,398.2 5 9
github.com/crunchydata/postgres-operator/internal/postgres/config.go:407.12,419.53 7 9
github.com/crunchydata/postgres-operator/internal/postgres/config.go:419.53,420.57 1 0
github.com/crunchydata/postgres-operator/internal/postgres/config.go:420.57,423.4 2 0
github.com/crunchydata/postgres-operator/internal/postgres/config.go:431.2,431.63 1 9
github.com/crunchydata/postgres-operator/internal/postgres/config.go:431.63,436.3 1 9
github.com/crunchydata/postgres-operator/internal/postgres/config.go:436.8,443.3 1 0
github.com/crunchydata/postgres-operator/internal/postgres/config.go:446.2,455.49 3 9
github.com/crunchydata/postgres-operator/internal/postgres/config.go:455.49,464.3 1 0
github.com/crunchydata/postgres-operator/internal/postgres/config.go:466.2,563.75 3 9
github.com/crunchydata/postgres-operator/internal/postgres/databases.go:19.9,41.27 8 4
github.com/crunchydata/postgres-operator/internal/postgres/databases.go:41.27,42.17 1 2
github.com/crunchydata/postgres-operator/internal/postgres/databases.go:42.17,46.4 1 2
github.com/crunchydata/postgres-operator/internal/postgres/databases.go:48.2,71.12 5 4
github.com/crunchydata/postgres-operator/internal/postgres/exec.go:25.27,28.30 2 11
github.com/crunchydata/postgres-operator/internal/postgres/exec.go:28.30,30.3 1 23
github.com/crunchydata/postgres-operator/internal/postgres/exec.go:35.2,41.46 4 11
github.com/crunchydata/postgres-operator/internal/postgres/exec.go:50.27,64.2 2 1
github.com/crunchydata/postgres-operator/internal/postgres/exec.go:72.27,78.30 3 4
github.com/crunchydata/postgres-operator/internal/postgres/exec.go:78.30,80.3 1 14
github.com/crunchydata/postgres-operator/internal/postgres/exec.go:85.2,102.46 5 4
github.com/crunchydata/postgres-operator/internal/postgres/hba.go:16.21,39.2 1 1
github.com/crunchydata/postgres-operator/internal/postgres/hba.go:51.40,53.2 1 17
github.com/crunchydata/postgres-operator/internal/postgres/hba.go:64.60,66.2 1 35
github.com/crunchydata/postgres-operator/internal/postgres/hba.go:68.71,72.37 1 6
github.com/crunchydata/postgres-operator/internal/postgres/hba.go:72.37,75.31 1 2
github.com/crunchydata/postgres-operator/internal/postgres/hba.go:75.31,75.59 1 6
github.com/crunchydata/postgres-operator/internal/postgres/hba.go:81.2,81.24 1 6
github.com/crunchydata/postgres-operator/internal/postgres/hba.go:84.67,88.37 1 11
github.com/crunchydata/postgres-operator/internal/postgres/hba.go:88.37,91.31 1 2
github.com/crunchydata/postgres-operator/internal/postgres/hba.go:91.31,91.59 1 6
github.com/crunchydata/postgres-operator/internal/postgres/hba.go:97.2,97.24 1 11
github.com/crunchydata/postgres-operator/internal/postgres/hba.go:101.77,104.2 2 17
github.com/crunchydata/postgres-operator/internal/postgres/hba.go:107.76,110.2 2 17
github.com/crunchydata/postgres-operator/internal/postgres/hba.go:113.73,116.2 2 17
github.com/crunchydata/postgres-operator/internal/postgres/hba.go:119.102,121.26 2 3
github.com/crunchydata/postgres-operator/internal/postgres/hba.go:121.26,123.3 1 3
github.com/crunchydata/postgres-operator/internal/postgres/hba.go:124.2,124.12 1 3
github.com/crunchydata/postgres-operator/internal/postgres/hba.go:128.70,131.2 2 4
github.com/crunchydata/postgres-operator/internal/postgres/hba.go:134.82,137.2 2 11
github.com/crunchydata/postgres-operator/internal/postgres/hba.go:139.82,142.2 2 0
github.com/crunchydata/postgres-operator/internal/postgres/hba.go:145.84,148.2 2 1
github.com/crunchydata/postgres-operator/internal/postgres/hba.go:151.70,154.2 2 1
github.com/crunchydata/postgres-operator/internal/postgres/hba.go:157.94,159.51 2 2
github.com/crunchydata/postgres-operator/internal/postgres/hba.go:159.51,161.3 1 3
github.com/crunchydata/postgres-operator/internal/postgres/hba.go:162.2,162.12 1 2
github.com/crunchydata/postgres-operator/internal/postgres/hba.go:166.76,169.2 2 2
github.com/crunchydata/postgres-operator/internal/postgres/hba.go:173.76,176.2 2 1
github.com/crunchydata/postgres-operator/internal/postgres/hba.go:179.68,182.2 2 5
github.com/crunchydata/postgres-operator/internal/postgres/hba.go:185.68,188.2 2 3
github.com/crunchydata/postgres-operator/internal/postgres/hba.go:191.98,193.26 2 8
github.com/crunchydata/postgres-operator/internal/postgres/hba.go:193.26,195.3 1 3
github.com/crunchydata/postgres-operator/internal/postgres/hba.go:196.2,196.12 1 8
github.com/crunchydata/postgres-operator/internal/postgres/hba.go:200.53,201.27 1 17
github.com/crunchydata/postgres-operator/internal/postgres/hba.go:201.27,204.3 1 4
github.com/crunchydata/postgres-operator/internal/postgres/hba.go:206.2,207.77 1 13
github.com/crunchydata/postgres-operator/internal/postgres/hba.go:216.64,217.27 1 4
github.com/crunchydata/postgres-operator/internal/postgres/hba.go:217.27,218.17 1 6
github.com/crunchydata/postgres-operator/internal/postgres/hba.go:218.17,220.4 1 4
github.com/crunchydata/postgres-operator/internal/postgres/hba.go:226.58,227.27 1 4
github.com/crunchydata/postgres-operator/internal/postgres/hba.go:227.27,228.49 1 11
github.com/crunchydata/postgres-operator/internal/postgres/hba.go:228.49,231.4 1 43
github.com/crunchydata/postgres-operator/internal/postgres/hba.go:234.3,234.57 1 11
github.com/crunchydata/postgres-operator/internal/postgres/hba.go:234.57,236.4 1 7
github.com/crunchydata/postgres-operator/internal/postgres/hba.go:241.44,243.2 1 8
github.com/crunchydata/postgres-operator/internal/postgres/hba.go:246.36,248.2 1 4
github.com/crunchydata/postgres-operator/internal/postgres/huge_pages.go:19.75,20.33 1 4
github.com/crunchydata/postgres-operator/internal/postgres/huge_pages.go:20.33,22.3 1 1
github.com/crunchydata/postgres-operator/internal/postgres/huge_pages.go:22.8,24.3 1 3
github.com/crunchydata/postgres-operator/internal/postgres/huge_pages.go:29.64,30.53 1 4
github.com/crunchydata/postgres-operator/internal/postgres/huge_pages.go:30.53,31.55 1 4
github.com/crunchydata/postgres-operator/internal/postgres/huge_pages.go:31.55,32.80 1 3
github.com/crunchydata/postgres-operator/internal/postgres/huge_pages.go:32.80,35.64 2 3
github.com/crunchydata/postgres-operator/internal/postgres/huge_pages.go:35.64,37.6 1 1
github.com/crunchydata/postgres-operator/internal/postgres/huge_pages.go:42.2,42.14 1 3
github.com/crunchydata/postgres-operator/internal/postgres/parameters.go:16.33,71.2 12 2
github.com/crunchydata/postgres-operator/internal/postgres/parameters.go:83.38,87.2 1 10
github.com/crunchydata/postgres-operator/internal/postgres/parameters.go:90.51,91.15 1 4
github.com/crunchydata/postgres-operator/internal/postgres/parameters.go:91.15,93.3 1 1
github.com/crunchydata/postgres-operator/internal/postgres/parameters.go:95.2,95.30 1 3
github.com/crunchydata/postgres-operator/internal/postgres/parameters.go:99.50,100.15 1 2
github.com/crunchydata/postgres-operator/internal/postgres/parameters.go:100.15,102.3 1 1
github.com/crunchydata/postgres-operator/internal/postgres/parameters.go:104.2,106.3 1 1
github.com/crunchydata/postgres-operator/internal/postgres/parameters.go:110.49,112.2 1 34
github.com/crunchydata/postgres-operator/internal/postgres/parameters.go:116.68,119.20 2 6
github.com/crunchydata/postgres-operator/internal/postgres/parameters.go:119.20,120.22 1 3
github.com/crunchydata/postgres-operator/internal/postgres/parameters.go:120.22,122.4 1 2
github.com/crunchydata/postgres-operator/internal/postgres/parameters.go:122.9,124.4 1 1
github.com/crunchydata/postgres-operator/internal/postgres/parameters.go:127.2,127.22 1 6
github.com/crunchydata/postgres-operator/internal/postgres/parameters.go:131.57,134.2 2 39
github.com/crunchydata/postgres-operator/internal/postgres/parameters.go:137.47,140.2 2 7
github.com/crunchydata/postgres-operator/internal/postgres/parameters.go:142.52,146.2 1 73
github.com/crunchydata/postgres-operator/internal/postgres/parameters.go:149.51,152.2 2 31
github.com/crunchydata/postgres-operator/internal/postgres/parameters.go:154.41,156.27 2 1
github.com/crunchydata/postgres-operator/internal/postgres/parameters.go:156.27,158.3 1 2
github.com/crunchydata/postgres-operator/internal/postgres/parameters.go:160.2,163.25 3 1
github.com/crunchydata/postgres-operator/internal/postgres/parameters.go:163.25,165.3 1 2
github.com/crunchydata/postgres-operator/internal/postgres/parameters.go:166.2,166.19 1 1
github.com/crunchydata/postgres-operator/internal/postgres/performance.go:71.13,80.2 1 1
github.com/crunchydata/postgres-operator/internal/postgres/performance.go:339.30,340.15 1 1
github.com/crunchydata/postgres-operator/internal/postgres/performance.go:340.15,342.3 1 1
github.com/crunchydata/postgres-operator/internal/postgres/performance.go:343.2,373.16 4 0
github.com/crunchydata/postgres-operator/internal/postgres/performance.go:373.16,375.3 1 0
github.com/crunchydata/postgres-operator/internal/postgres/performance.go:376.2,379.18 3 0
github.com/crunchydata/postgres-operator/internal/postgres/performance.go:379.18,404.17 4 0
github.com/crunchydata/postgres-operator/internal/postgres/performance.go:404.17,406.12 2 0
github.com/crunchydata/postgres-operator/internal/postgres/performance.go:410.3,418.27 8 0
github.com/crunchydata/postgres-operator/internal/postgres/performance.go:421.2,421.26 1 0
github.com/crunchydata/postgres-operator/internal/postgres/performance.go:429.33,430.15 1 1
github.com/crunchydata/postgres-operator/internal/postgres/performance.go:430.15,432.3 1 1
github.com/crunchydata/postgres-operator/internal/postgres/performance.go:433.2,439.16 3 0
github.com/crunchydata/postgres-operator/internal/postgres/performance.go:439.16,441.3 1 0
github.com/crunchydata/postgres-operator/internal/postgres/performance.go:444.2,444.34 1 0
github.com/crunchydata/postgres-operator/internal/postgres/performance.go:444.34,445.48 1 0
github.com/crunchydata/postgres-operator/internal/postgres/performance.go:445.48,447.4 1 0
github.com/crunchydata/postgres-operator/internal/postgres/performance.go:451.2,455.16 3 0
github.com/crunchydata/postgres-operator/internal/postgres/performance.go:455.16,457.3 1 0
github.com/crunchydata/postgres-operator/internal/postgres/performance.go:460.2,461.16 2 0
github.com/crunchydata/postgres-operator/internal/postgres/performance.go:461.16,463.3 1 0
github.com/crunchydata/postgres-operator/internal/postgres/performance.go:466.2,467.16 2 0
github.com/crunchydata/postgres-operator/internal/postgres/performance.go:467.16,469.3 1 0
github.com/crunchydata/postgres-operator/internal/postgres/performance.go:472.2,474.22 2 0
github.com/crunchydata/postgres-operator/internal/postgres/performance.go:478.79,479.15 1 1
github.com/crunchydata/postgres-operator/internal/postgres/performance.go:479.15,481.3 1 1
github.com/crunchydata/postgres-operator/internal/postgres/performance.go:482.2,493.68 3 0
github.com/crunchydata/postgres-operator/internal/postgres/performance.go:493.68,495.3 1 0
github.com/crunchydata/postgres-operator/internal/postgres/performance.go:497.2,497.19 1 0
github.com/crunchydata/postgres-operator/internal/postgres/performance.go:501.78,502.15 1 1
github.com/crunchydata/postgres-operator/internal/postgres/performance.go:502.15,504.3 1 1
github.com/crunchydata/postgres-operator/internal/postgres/performance.go:505.2,523.16 4 0
github.com/crunchydata/postgres-operator/internal/postgres/performance.go:523.16,525.3 1 0
github.com/crunchydata/postgres-operator/internal/postgres/performance.go:526.2,528.18 2 0
github.com/crunchydata/postgres-operator/internal/postgres/performance.go:528.18,530.95 2 0
github.com/crunchydata/postgres-operator/internal/postgres/performance.go:530.95,531.12 1 0
github.com/crunchydata/postgres-operator/internal/postgres/performance.go:533.3,533.63 1 0
github.com/crunchydata/postgres-operator/internal/postgres/performance.go:537.2,553.16 3 0
github.com/crunchydata/postgres-operator/internal/postgres/performance.go:553.16,556.20 2 0
github.com/crunchydata/postgres-operator/internal/postgres/performance.go:556.20,560.87 3 0
github.com/crunchydata/postgres-operator/internal/postgres/performance.go:560.87,561.13 1 0
github.com/crunchydata/postgres-operator/internal/postgres/performance.go:564.4,572.73 2 0
github.com/crunchydata/postgres-operator/internal/postgres/performance.go:576.2,576.22 1 0
github.com/crunchydata/postgres-operator/internal/postgres/performance.go:580.89,581.15 1 1
github.com/crunchydata/postgres-operator/internal/postgres/performance.go:581.15,583.3 1 1
github.com/crunchydata/postgres-operator/internal/postgres/performance.go:584.2,608.16 3 0
github.com/crunchydata/postgres-operator/internal/postgres/performance.go:608.16,610.3 1 0
github.com/crunchydata/postgres-operator/internal/postgres/performance.go:611.2,614.18 3 0
github.com/crunchydata/postgres-operator/internal/postgres/performance.go:614.18,634.17 3 0
github.com/crunchydata/postgres-operator/internal/postgres/performance.go:634.17,635.12 1 0
github.com/crunchydata/postgres-operator/internal/postgres/performance.go:638.3,638.23 1 0
github.com/crunchydata/postgres-operator/internal/postgres/performance.go:638.23,640.4 1 0
github.com/crunchydata/postgres-operator/internal/postgres/performance.go:641.3,641.27 1 0
github.com/crunchydata/postgres-operator/internal/postgres/performance.go:641.27,643.4 1 0
github.com/crunchydata/postgres-operator/internal/postgres/performance.go:645.3,645.27 1 0
github.com/crunchydata/postgres-operator/internal/postgres/performance.go:648.2,648.26 1 0
github.com/crunchydata/postgres-operator/internal/postgres/performance.go:652.121,656.35 2 5
github.com/crunchydata/postgres-operator/internal/postgres/performance.go:656.35,664.3 1 1
github.com/crunchydata/postgres-operator/internal/postgres/performance.go:667.2,667.45 1 5
github.com/crunchydata/postgres-operator/internal/postgres/performance.go:667.45,668.37 1 1
github.com/crunchydata/postgres-operator/internal/postgres/performance.go:668.37,678.4 1 1
github.com/crunchydata/postgres-operator/internal/postgres/performance.go:682.2,682.51 1 5
github.com/crunchydata/postgres-operator/internal/postgres/performance.go:682.51,684.60 2 1
github.com/crunchydata/postgres-operator/internal/postgres/performance.go:684.60,686.4 1 2
github.com/crunchydata/postgres-operator/internal/postgres/performance.go:688.3,694.5 1 1
github.com/crunchydata/postgres-operator/internal/postgres/performance.go:698.2,698.52 1 5
github.com/crunchydata/postgres-operator/internal/postgres/performance.go:698.52,706.3 1 1
github.com/crunchydata/postgres-operator/internal/postgres/performance.go:709.2,709.49 1 5
github.com/crunchydata/postgres-operator/internal/postgres/performance.go:709.49,710.71 1 1
github.com/crunchydata/postgres-operator/internal/postgres/performance.go:710.71,718.4 1 1
github.com/crunchydata/postgres-operator/internal/postgres/performance.go:721.2,721.24 1 5
github.com/crunchydata/postgres-operator/internal/postgres/performance.go:725.53,727.26 2 4
github.com/crunchydata/postgres-operator/internal/postgres/performance.go:727.26,729.3 1 3
github.com/crunchydata/postgres-operator/internal/postgres/performance.go:730.2,730.31 1 1
github.com/crunchydata/postgres-operator/internal/postgres/performance.go:733.24,734.11 1 3
github.com/crunchydata/postgres-operator/internal/postgres/performance.go:734.11,736.3 1 1
github.com/crunchydata/postgres-operator/internal/postgres/performance.go:737.2,737.10 1 2
github.com/crunchydata/postgres-operator/internal/postgres/performance.go:740.28,741.11 1 3
github.com/crunchydata/postgres-operator/internal/postgres/performance.go:741.11,743.3 1 1
github.com/crunchydata/postgres-operator/internal/postgres/performance.go:744.2,744.10 1 2
github.com/crunchydata/postgres-operator/internal/postgres/reconcile.go:20.43,22.2 1 10
github.com/crunchydata/postgres-operator/internal/postgres/reconcile.go:25.70,27.2 1 3
github.com/crunchydata/postgres-operator/internal/postgres/reconcile.go:30.43,32.2 1 2
github.com/crunchydata/postgres-operator/internal/postgres/reconcile.go:35.42,37.2 1 3
github.com/crunchydata/postgres-operator/internal/postgres/reconcile.go:40.50,46.2 1 10
github.com/crunchydata/postgres-operator/internal/postgres/reconcile.go:49.45,55.2 1 1
github.com/crunchydata/postgres-operator/internal/postgres/reconcile.go:67.3,191.60 9 9
github.com/crunchydata/postgres-operator/internal/postgres/reconcile.go:191.60,193.3 1 4
github.com/crunchydata/postgres-operator/internal/postgres/reconcile.go:195.2,218.42 3 9
github.com/crunchydata/postgres-operator/internal/postgres/reconcile.go:218.42,232.3 5 2
github.com/crunchydata/postgres-operator/internal/postgres/reconcile.go:234.2,234.75 1 9
github.com/crunchydata/postgres-operator/internal/postgres/reconcile.go:234.75,242.3 5 1
github.com/crunchydata/postgres-operator/internal/postgres/reconcile.go:246.2,246.24 1 9
github.com/crunchydata/postgres-operator/internal/postgres/reconcile.go:246.24,262.3 6 2
github.com/crunchydata/postgres-operator/internal/postgres/reconcile.go:265.2,265.73 1 9
github.com/crunchydata/postgres-operator/internal/postgres/reconcile.go:265.73,280.3 7 2
github.com/crunchydata/postgres-operator/internal/postgres/reconcile.go:282.2,287.36 2 9
github.com/crunchydata/postgres-operator/internal/postgres/reconcile.go:287.36,289.3 1 1
github.com/crunchydata/postgres-operator/internal/postgres/reconcile.go:291.2,291.66 1 9
github.com/crunchydata/postgres-operator/internal/postgres/reconcile.go:296.86,302.49 2 7
github.com/crunchydata/postgres-operator/internal/postgres/reconcile.go:302.49,303.57 1 9
github.com/crunchydata/postgres-operator/internal/postgres/reconcile.go:303.57,305.4 1 6
github.com/crunchydata/postgres-operator/internal/postgres/reconcile.go:314.2,314.53 1 7
github.com/crunchydata/postgres-operator/internal/postgres/reconcile.go:314.53,316.3 1 4
github.com/crunchydata/postgres-operator/internal/postgres/reconcile.go:318.2,318.12 1 7
github.com/crunchydata/postgres-operator/internal/postgres/sql.go:16.36,22.2 1 2
github.com/crunchydata/postgres-operator/internal/postgres/users.go:30.54,35.47 3 13
github.com/crunchydata/postgres-operator/internal/postgres/users.go:35.47,37.3 1 2
github.com/crunchydata/postgres-operator/internal/postgres/users.go:40.2,42.30 3 11
github.com/crunchydata/postgres-operator/internal/postgres/users.go:42.30,43.70 1 15
github.com/crunchydata/postgres-operator/internal/postgres/users.go:43.70,44.12 1 4
github.com/crunchydata/postgres-operator/internal/postgres/users.go:46.3,46.31 1 11
github.com/crunchydata/postgres-operator/internal/postgres/users.go:48.2,48.19 1 11
github.com/crunchydata/postgres-operator/internal/postgres/users.go:48.19,50.3 1 7
github.com/crunchydata/postgres-operator/internal/postgres/users.go:50.8,52.3 1 4
github.com/crunchydata/postgres-operator/internal/postgres/users.go:55.2,56.49 2 7
github.com/crunchydata/postgres-operator/internal/postgres/users.go:66.9,91.23 9 6
github.com/crunchydata/postgres-operator/internal/postgres/users.go:91.23,99.30 4 5
github.com/crunchydata/postgres-operator/internal/postgres/users.go:99.30,102.4 2 1
github.com/crunchydata/postgres-operator/internal/postgres/users.go:104.3,104.17 1 5
github.com/crunchydata/postgres-operator/internal/postgres/users.go:104.17,111.4 1 5
github.com/crunchydata/postgres-operator/internal/postgres/users.go:113.2,172.56 9 6
github.com/crunchydata/postgres-operator/internal/postgres/users.go:172.56,174.89 2 0
github.com/crunchydata/postgres-operator/internal/postgres/users.go:174.89,177.4 2 0
github.com/crunchydata/postgres-operator/internal/postgres/users.go:180.2,180.12 1 6
github.com/crunchydata/postgres-operator/internal/postgres/users.go:185.42,193.23 5 1
github.com/crunchydata/postgres-operator/internal/postgres/users.go:193.23,197.39 2 4
github.com/crunchydata/postgres-operator/internal/postgres/users.go:197.39,200.12 2 1
github.com/crunchydata/postgres-operator/internal/postgres/users.go:204.3,204.31 1 3
github.com/crunchydata/postgres-operator/internal/postgres/users.go:204.31,205.12 1 1
github.com/crunchydata/postgres-operator/internal/postgres/users.go:208.3,249.80 6 2
github.com/crunchydata/postgres-operator/internal/postgres/users.go:251.2,251.12 1 1
github.com/crunchydata/postgres-operator/internal/postgres/validation.go:20.116,21.50 1 0
github.com/crunchydata/postgres-operator/internal/postgres/validation.go:21.50,23.3 1 0
github.com/crunchydata/postgres-operator/internal/postgres/validation.go:59.113,63.42 2 14
github.com/crunchydata/postgres-operator/internal/postgres/validation.go:63.42,65.3 1 0
github.com/crunchydata/postgres-operator/internal/postgres/validation.go:67.2,67.9 1 14
github.com/crunchydata/postgres-operator/internal/postgres/validation.go:68.26,71.50 1 1
github.com/crunchydata/postgres-operator/internal/postgres/validation.go:75.48,76.22 1 12
github.com/crunchydata/postgres-operator/internal/postgres/validation.go:76.22,79.4 1 12
github.com/crunchydata/postgres-operator/internal/postgres/validation.go:83.3,83.49 1 12
github.com/crunchydata/postgres-operator/internal/postgres/validation.go:83.49,85.4 1 1
github.com/crunchydata/postgres-operator/internal/postgres/validation.go:86.3,86.49 1 11
github.com/crunchydata/postgres-operator/internal/postgres/validation.go:86.49,88.4 1 1
github.com/crunchydata/postgres-operator/internal/postgres/validation.go:91.3,91.51 1 10
github.com/crunchydata/postgres-operator/internal/postgres/validation.go:93.30,94.22 1 1
github.com/crunchydata/postgres-operator/internal/postgres/validation.go:94.22,97.4 1 1
github.com/crunchydata/postgres-operator/internal/postgres/validation.go:101.3,101.54 1 1
github.com/crunchydata/postgres-operator/internal/postgres/validation.go:103.10,105.19 1 0
github.com/crunchydata/postgres-operator/internal/postgres/versions.go:23.72,26.2 2 10
github.com/crunchydata/postgres-operator/internal/validation/cluster_validator.go:91.65,107.2 1 2
github.com/crunchydata/postgres-operator/internal/validation/cluster_validator.go:110.89,116.31 2 2
github.com/crunchydata/postgres-operator/internal/validation/cluster_validator.go:116.31,118.34 2 20
github.com/crunchydata/postgres-operator/internal/validation/cluster_validator.go:118.34,121.24 2 26
github.com/crunchydata/postgres-operator/internal/validation/cluster_validator.go:122.30,124.25 2 3
github.com/crunchydata/postgres-operator/internal/validation/cluster_validator.go:125.32,126.22 1 10
github.com/crunchydata/postgres-operator/internal/validation/cluster_validator.go:127.29,128.19 1 13
github.com/crunchydata/postgres-operator/internal/validation/cluster_validator.go:133.2,133.15 1 2
github.com/crunchydata/postgres-operator/internal/validation/cluster_validator.go:139.44,139.72 1 5
github.com/crunchydata/postgres-operator/internal/validation/cluster_validator.go:140.54,140.87 1 0
github.com/crunchydata/postgres-operator/internal/validation/cluster_validator.go:142.92,146.53 2 5
github.com/crunchydata/postgres-operator/internal/validation/cluster_validator.go:146.53,147.78 1 5
github.com/crunchydata/postgres-operator/internal/validation/cluster_validator.go:147.78,156.4 1 4
github.com/crunchydata/postgres-operator/internal/validation/cluster_validator.go:159.3,159.77 1 5
github.com/crunchydata/postgres-operator/internal/validation/cluster_validator.go:159.77,162.83 3 1
github.com/crunchydata/postgres-operator/internal/validation/cluster_validator.go:162.83,170.5 1 0
github.com/crunchydata/postgres-operator/internal/validation/cluster_validator.go:174.3,174.41 1 5
github.com/crunchydata/postgres-operator/internal/validation/cluster_validator.go:174.41,178.52 3 5
github.com/crunchydata/postgres-operator/internal/validation/cluster_validator.go:178.52,184.33 4 5
github.com/crunchydata/postgres-operator/internal/validation/cluster_validator.go:184.33,192.6 1 1
github.com/crunchydata/postgres-operator/internal/validation/cluster_validator.go:197.2,197.16 1 5
github.com/crunchydata/postgres-operator/internal/validation/cluster_validator.go:203.49,203.82 1 6
github.com/crunchydata/postgres-operator/internal/validation/cluster_validator.go:204.59,204.90 1 0
github.com/crunchydata/postgres-operator/internal/validation/cluster_validator.go:206.97,209.101 2 5
github.com/crunchydata/postgres-operator/internal/validation/cluster_validator.go:209.101,218.3 2 2
github.com/crunchydata/postgres-operator/internal/validation/cluster_validator.go:221.2,222.61 2 3
github.com/crunchydata/postgres-operator/internal/validation/cluster_validator.go:222.61,223.34 1 3
github.com/crunchydata/postgres-operator/internal/validation/cluster_validator.go:223.34,232.12 2 2
github.com/crunchydata/postgres-operator/internal/validation/cluster_validator.go:235.3,235.39 1 1
github.com/crunchydata/postgres-operator/internal/validation/cluster_validator.go:235.39,239.77 2 1
github.com/crunchydata/postgres-operator/internal/validation/cluster_validator.go:239.77,247.5 1 0
github.com/crunchydata/postgres-operator/internal/validation/cluster_validator.go:254.2,254.20 1 3
github.com/crunchydata/postgres-operator/internal/validation/cluster_validator.go:254.20,262.3 1 2
github.com/crunchydata/postgres-operator/internal/validation/cluster_validator.go:264.2,264.16 1 3
github.com/crunchydata/postgres-operator/internal/validation/cluster_validator.go:270.46,270.76 1 11
github.com/crunchydata/postgres-operator/internal/validation/cluster_validator.go:271.56,271.89 1 0
github.com/crunchydata/postgres-operator/internal/validation/cluster_validator.go:273.94,277.53 3 4
github.com/crunchydata/postgres-operator/internal/validation/cluster_validator.go:277.53,278.31 1 4
github.com/crunchydata/postgres-operator/internal/validation/cluster_validator.go:278.31,280.4 1 4
github.com/crunchydata/postgres-operator/internal/validation/cluster_validator.go:284.2,284.23 1 4
github.com/crunchydata/postgres-operator/internal/validation/cluster_validator.go:284.23,292.3 1 3
github.com/crunchydata/postgres-operator/internal/validation/cluster_validator.go:295.2,295.33 1 4
github.com/crunchydata/postgres-operator/internal/validation/cluster_validator.go:295.33,304.3 1 4
github.com/crunchydata/postgres-operator/internal/validation/cluster_validator.go:310.2,310.53 1 4
github.com/crunchydata/postgres-operator/internal/validation/cluster_validator.go:310.53,311.31 1 4
github.com/crunchydata/postgres-operator/internal/validation/cluster_validator.go:311.31,319.4 1 4
github.com/crunchydata/postgres-operator/internal/validation/cluster_validator.go:322.2,322.16 1 4
github.com/crunchydata/postgres-operator/internal/validation/cluster_validator.go:328.47,328.78 1 6
github.com/crunchydata/postgres-operator/internal/validation/cluster_validator.go:329.57,329.90 1 0
github.com/crunchydata/postgres-operator/internal/validation/cluster_validator.go:331.95,334.39 2 5
github.com/crunchydata/postgres-operator/internal/validation/cluster_validator.go:334.39,343.3 2 2
github.com/crunchydata/postgres-operator/internal/validation/cluster_validator.go:346.2,351.77 2 3
github.com/crunchydata/postgres-operator/internal/validation/cluster_validator.go:351.77,359.3 1 1
github.com/crunchydata/postgres-operator/internal/validation/cluster_validator.go:362.2,362.30 1 3
github.com/crunchydata/postgres-operator/internal/validation/cluster_validator.go:362.30,370.3 1 3
github.com/crunchydata/postgres-operator/internal/validation/cluster_validator.go:372.2,372.16 1 3
github.com/crunchydata/postgres-operator/internal/validation/cluster_validator.go:378.42,378.68 1 10
github.com/crunchydata/postgres-operator/internal/validation/cluster_validator.go:379.52,379.85 1 0
github.com/crunchydata/postgres-operator/internal/validation/cluster_validator.go:381.90,384.53 2 4
github.com/crunchydata/postgres-operator/internal/validation/cluster_validator.go:384.53,385.74 1 4
github.com/crunchydata/postgres-operator/internal/validation/cluster_validator.go:385.74,387.35 1 3
github.com/crunchydata/postgres-operator/internal/validation/cluster_validator.go:387.35,389.35 2 3
github.com/crunchydata/postgres-operator/internal/validation/cluster_validator.go:389.35,397.6 1 1
github.com/crunchydata/postgres-operator/internal/validation/cluster_validator.go:402.3,402.59 1 4
github.com/crunchydata/postgres-operator/internal/validation/cluster_validator.go:402.59,410.4 1 4
github.com/crunchydata/postgres-operator/internal/validation/cluster_validator.go:413.3,414.65 2 4
github.com/crunchydata/postgres-operator/internal/validation/cluster_validator.go:414.65,415.36 1 3
github.com/crunchydata/postgres-operator/internal/validation/cluster_validator.go:415.36,417.5 1 3
github.com/crunchydata/postgres-operator/internal/validation/cluster_validator.go:419.3,419.14 1 4
github.com/crunchydata/postgres-operator/internal/validation/cluster_validator.go:419.14,427.4 1 1
github.com/crunchydata/postgres-operator/internal/validation/cluster_validator.go:431.2,431.53 1 4
github.com/crunchydata/postgres-operator/internal/validation/cluster_validator.go:431.53,432.41 1 4
github.com/crunchydata/postgres-operator/internal/validation/cluster_validator.go:432.41,440.4 1 0
github.com/crunchydata/postgres-operator/internal/validation/cluster_validator.go:440.9,448.4 1 4
github.com/crunchydata/postgres-operator/internal/validation/cluster_validator.go:451.2,451.16 1 4
github.com/crunchydata/postgres-operator/internal/validation/cluster_validator.go:457.43,457.70 1 0
github.com/crunchydata/postgres-operator/internal/validation/cluster_validator.go:458.53,458.83 1 0
github.com/crunchydata/postgres-operator/internal/validation/cluster_validator.go:460.91,464.68 2 2
github.com/crunchydata/postgres-operator/internal/validation/cluster_validator.go:464.68,465.74 1 0
github.com/crunchydata/postgres-operator/internal/validation/cluster_validator.go:465.74,473.4 1 0
github.com/crunchydata/postgres-operator/internal/validation/cluster_validator.go:476.2,476.16 1 2
github.com/crunchydata/postgres-operator/internal/validation/cluster_validator.go:482.38,482.59 1 2
github.com/crunchydata/postgres-operator/internal/validation/cluster_validator.go:483.48,483.81 1 0
github.com/crunchydata/postgres-operator/internal/validation/cluster_validator.go:485.86,489.41 2 2
github.com/crunchydata/postgres-operator/internal/validation/cluster_validator.go:489.41,497.3 1 2
github.com/crunchydata/postgres-operator/internal/validation/cluster_validator.go:500.2,500.70 1 2
github.com/crunchydata/postgres-operator/internal/validation/cluster_validator.go:500.70,501.58 1 0
github.com/crunchydata/postgres-operator/internal/validation/cluster_validator.go:501.58,509.4 1 0
github.com/crunchydata/postgres-operator/internal/validation/cluster_validator.go:512.2,512.16 1 2
github.com/crunchydata/postgres-operator/internal/validation/cluster_validator.go:518.41,518.65 1 0
github.com/crunchydata/postgres-operator/internal/validation/cluster_validator.go:519.51,519.81 1 0
github.com/crunchydata/postgres-operator/internal/validation/cluster_validator.go:521.89,525.32 2 2
github.com/crunchydata/postgres-operator/internal/validation/cluster_validator.go:525.32,529.56 2 0
github.com/crunchydata/postgres-operator/internal/validation/cluster_validator.go:529.56,531.94 2 0
github.com/crunchydata/postgres-operator/internal/validation/cluster_validator.go:531.94,539.5 1 0
github.com/crunchydata/postgres-operator/internal/validation/cluster_validator.go:540.9,548.4 1 0
github.com/crunchydata/postgres-operator/internal/validation/cluster_validator.go:551.3,551.46 1 0
github.com/crunchydata/postgres-operator/internal/validation/cluster_validator.go:551.46,559.4 1 0
github.com/crunchydata/postgres-operator/internal/validation/cluster_validator.go:562.2,562.16 1 2
github.com/crunchydata/postgres-operator/internal/validation/cluster_validator.go:568.46,568.76 1 3
github.com/crunchydata/postgres-operator/internal/validation/cluster_validator.go:569.56,569.86 1 0
github.com/crunchydata/postgres-operator/internal/validation/cluster_validator.go:571.94,576.44 3 5
github.com/crunchydata/postgres-operator/internal/validation/cluster_validator.go:576.44,584.3 1 2
github.com/crunchydata/postgres-operator/internal/validation/cluster_validator.go:587.2,587.28 1 5
github.com/crunchydata/postgres-operator/internal/validation/cluster_validator.go:587.28,595.3 1 1
github.com/crunchydata/postgres-operator/internal/validation/cluster_validator.go:597.2,597.16 1 5
github.com/crunchydata/postgres-operator/internal/validation/cluster_validator.go:603.43,603.70 1 6
github.com/crunchydata/postgres-operator/internal/validation/cluster_validator.go:604.53,604.83 1 0
github.com/crunchydata/postgres-operator/internal/validation/cluster_validator.go:606.91,610.55 2 2
github.com/crunchydata/postgres-operator/internal/validation/cluster_validator.go:610.55,618.3 1 2
github.com/crunchydata/postgres-operator/internal/validation/cluster_validator.go:621.2,621.36 1 2
github.com/crunchydata/postgres-operator/internal/validation/cluster_validator.go:621.36,629.3 1 2
github.com/crunchydata/postgres-operator/internal/validation/cluster_validator.go:632.2,632.70 1 2
github.com/crunchydata/postgres-operator/internal/validation/cluster_validator.go:632.70,640.3 1 2
github.com/crunchydata/postgres-operator/internal/validation/cluster_validator.go:642.2,642.16 1 2
github.com/crunchydata/postgres-operator/internal/validation/cluster_validator.go:646.48,648.21 2 4
github.com/crunchydata/postgres-operator/internal/validation/cluster_validator.go:648.21,650.3 1 2
github.com/crunchydata/postgres-operator/internal/validation/cluster_validator.go:651.2,651.12 1 2
github.com/crunchydata/postgres-operator/internal/validation/cluster_validator.go:655.52,663.40 4 1
github.com/crunchydata/postgres-operator/internal/validation/cluster_validator.go:663.40,669.3 5 1
github.com/crunchydata/postgres-operator/internal/validation/cluster_validator.go:671.2,671.20 1 1
github.com/crunchydata/postgres-operator/pkg/apis/postgres-operator.crunchydata.com/v1/postgrescluster_types.go:330.41,331.32 1 0
github.com/crunchydata/postgres-operator/pkg/apis/postgres-operator.crunchydata.com/v1/postgrescluster_types.go:331.32,333.3 1 0
github.com/crunchydata/postgres-operator/pkg/apis/postgres-operator.crunchydata.com/v1/postgrescluster_types.go:335.2,335.22 1 0
github.com/crunchydata/postgres-operator/pkg/apis/postgres-operator.crunchydata.com/v1/postgrescluster_types.go:335.22,337.3 1 0
github.com/crunchydata/postgres-operator/pkg/apis/postgres-operator.crunchydata.com/v1/postgrescluster_types.go:338.2,340.19 2 0
github.com/crunchydata/postgres-operator/pkg/apis/postgres-operator.crunchydata.com/v1/postgrescluster_types.go:340.19,343.3 2 0
github.com/crunchydata/postgres-operator/pkg/apis/postgres-operator.crunchydata.com/v1/postgrescluster_types.go:345.2,345.20 1 0
github.com/crunchydata/postgres-operator/pkg/apis/postgres-operator.crunchydata.com/v1/postgrescluster_types.go:345.20,347.3 1 0
github.com/crunchydata/postgres-operator/pkg/apis/postgres-operator.crunchydata.com/v1/postgrescluster_types.go:349.2,349.28 1 0
github.com/crunchydata/postgres-operator/pkg/apis/postgres-operator.crunchydata.com/v1/postgrescluster_types.go:349.28,351.3 1 0
github.com/crunchydata/postgres-operator/pkg/apis/postgres-operator.crunchydata.com/v1/postgrescluster_types.go:578.50,579.18 1 0
github.com/crunchydata/postgres-operator/pkg/apis/postgres-operator.crunchydata.com/v1/postgrescluster_types.go:579.18,581.3 1 0
github.com/crunchydata/postgres-operator/pkg/apis/postgres-operator.crunchydata.com/v1/postgrescluster_types.go:582.2,582.23 1 0
github.com/crunchydata/postgres-operator/pkg/apis/postgres-operator.crunchydata.com/v1/postgrescluster_types.go:582.23,585.3 2 0
github.com/crunchydata/postgres-operator/pkg/apis/postgres-operator.crunchydata.com/v1/postgrescluster_types.go:620.39,621.24 1 0
github.com/crunchydata/postgres-operator/pkg/apis/postgres-operator.crunchydata.com/v1/postgrescluster_types.go:621.24,623.3 1 0
github.com/crunchydata/postgres-operator/pkg/apis/postgres-operator.crunchydata.com/v1/postgrescluster_types.go:667.39,668.22 1 0
github.com/crunchydata/postgres-operator/pkg/apis/postgres-operator.crunchydata.com/v1/postgrescluster_types.go:668.22,670.3 1 0
github.com/crunchydata/postgres-operator/pkg/apis/postgres-operator.crunchydata.com/v1/postgrescluster_types.go:708.37,709.28 1 0
github.com/crunchydata/postgres-operator/pkg/apis/postgres-operator.crunchydata.com/v1/postgrescluster_types.go:709.28,711.3 1 0
github.com/crunchydata/postgres-operator/pkg/apis/postgres-operator.crunchydata.com/v1/postgrescluster_types.go:712.2,712.22 1 0
github.com/crunchydata/postgres-operator/pkg/apis/postgres-operator.crunchydata.com/v1/postgrescluster_types.go:712.22,714.3 1 0
github.com/crunchydata/postgres-operator/pkg/apis/postgres-operator.crunchydata.com/v1/postgrescluster_types.go:715.2,715.18 1 0
github.com/crunchydata/postgres-operator/pkg/apis/postgres-operator.crunchydata.com/v1/postgrescluster_types.go:727.13,729.2 1 0
github.com/crunchydata/postgres-operator/pkg/apis/postgres-operator.crunchydata.com/v1/postgrescluster_types.go:744.44,748.2 3 0
github.com/crunchydata/postgres-operator/pkg/apis/postgres-operator.crunchydata.com/v1/zz_generated.deepcopy.go:20.47,23.25 3 0
github.com/crunchydata/postgres-operator/pkg/apis/postgres-operator.crunchydata.com/v1/zz_generated.deepcopy.go:23.25,27.3 3 0
github.com/crunchydata/postgres-operator/pkg/apis/postgres-operator.crunchydata.com/v1/zz_generated.deepcopy.go:31.40,32.15 1 0
github.com/crunchydata/postgres-operator/pkg/apis/postgres-operator.crunchydata.com/v1/zz_generated.deepcopy.go:32.15,34.3 1 0
github.com/crunchydata/postgres-operator/pkg/apis/postgres-operator.crunchydata.com/v1/zz_generated.deepcopy.go:35.2,37.12 3 0
github.com/crunchydata/postgres-operator/pkg/apis/postgres-operator.crunchydata.com/v1/zz_generated.deepcopy.go:41.53,43.26 2 0
github.com/crunchydata/postgres-operator/pkg/apis/postgres-operator.crunchydata.com/v1/zz_generated.deepcopy.go:43.26,47.3 3 0
github.com/crunchydata/postgres-operator/pkg/apis/postgres-operator.crunchydata.com/v1/zz_generated.deepcopy.go:48.2,48.31 1 0
github.com/crunchydata/postgres-operator/pkg/apis/postgres-operator.crunchydata.com/v1/zz_generated.deepcopy.go:48.31,52.3 3 0
github.com/crunchydata/postgres-operator/pkg/apis/postgres-operator.crunchydata.com/v1/zz_generated.deepcopy.go:53.2,53.23 1 0
github.com/crunchydata/postgres-operator/pkg/apis/postgres-operator.crunchydata.com/v1/zz_generated.deepcopy.go:53.23,57.3 3 0
github.com/crunchydata/postgres-operator/pkg/apis/postgres-operator.crunchydata.com/v1/zz_generated.deepcopy.go:61.46,62.15 1 0
github.com/crunchydata/postgres-operator/pkg/apis/postgres-operator.crunchydata.com/v1/zz_generated.deepcopy.go:62.15,64.3 1 0
github.com/crunchydata/postgres-operator/pkg/apis/postgres-operator.crunchydata.com/v1/zz_generated.deepcopy.go:65.2,67.12 3 0
github.com/crunchydata/postgres-operator/pkg/apis/postgres-operator.crunchydata.com/v1/zz_generated.deepcopy.go:71.65,73.2 1 0
github.com/crunchydata/postgres-operator/pkg/apis/postgres-operator.crunchydata.com/v1/zz_generated.deepcopy.go:76.58,77.15 1 0
github.com/crunchydata/postgres-operator/pkg/apis/postgres-operator.crunchydata.com/v1/zz_generated.deepcopy.go:77.15,79.3 1 0
github.com/crunchydata/postgres-operator/pkg/apis/postgres-operator.crunchydata.com/v1/zz_generated.deepcopy.go:80.2,82.12 3 0
github.com/crunchydata/postgres-operator/pkg/apis/postgres-operator.crunchydata.com/v1/zz_generated.deepcopy.go:86.67,88.28 2 0
github.com/crunchydata/postgres-operator/pkg/apis/postgres-operator.crunchydata.com/v1/zz_generated.deepcopy.go:88.28,92.3 3 0
github.com/crunchydata/postgres-operator/pkg/apis/postgres-operator.crunchydata.com/v1/zz_generated.deepcopy.go:93.2,93.27 1 0
github.com/crunchydata/postgres-operator/pkg/apis/postgres-operator.crunchydata.com/v1/zz_generated.deepcopy.go:93.27,97.3 3 0
github.com/crunchydata/postgres-operator/pkg/apis/postgres-operator.crunchydata.com/v1/zz_generated.deepcopy.go:98.2,98.32 1 0
github.com/crunchydata/postgres-operator/pkg/apis/postgres-operator.crunchydata.com/v1/zz_generated.deepcopy.go:98.32,102.3 3 0
github.com/crunchydata/postgres-operator/pkg/apis/postgres-operator.crunchydata.com/v1/zz_generated.deepcopy.go:106.60,107.15 1 0
github.com/crunchydata/postgres-operator/pkg/apis/postgres-operator.crunchydata.com/v1/zz_generated.deepcopy.go:107.15,109.3 1 0
github.com/crunchydata/postgres-operator/pkg/apis/postgres-operator.crunchydata.com/v1/zz_generated.deepcopy.go:110.2,112.12 3 0
github.com/crunchydata/postgres-operator/pkg/apis/postgres-operator.crunchydata.com/v1/zz_generated.deepcopy.go:116.63,118.2 1 0
github.com/crunchydata/postgres-operator/pkg/apis/postgres-operator.crunchydata.com/v1/zz_generated.deepcopy.go:121.56,122.15 1 0
github.com/crunchydata/postgres-operator/pkg/apis/postgres-operator.crunchydata.com/v1/zz_generated.deepcopy.go:122.15,124.3 1 0
github.com/crunchydata/postgres-operator/pkg/apis/postgres-operator.crunchydata.com/v1/zz_generated.deepcopy.go:125.2,127.12 3 0
github.com/crunchydata/postgres-operator/pkg/apis/postgres-operator.crunchydata.com/v1/zz_generated.deepcopy.go:131.65,133.31 2 0
github.com/crunchydata/postgres-operator/pkg/apis/postgres-operator.crunchydata.com/v1/zz_generated.deepcopy.go:133.31,137.3 3 0
github.com/crunchydata/postgres-operator/pkg/apis/postgres-operator.crunchydata.com/v1/zz_generated.deepcopy.go:141.58,142.15 1 0
github.com/crunchydata/postgres-operator/pkg/apis/postgres-operator.crunchydata.com/v1/zz_generated.deepcopy.go:142.15,144.3 1 0
github.com/crunchydata/postgres-operator/pkg/apis/postgres-operator.crunchydata.com/v1/zz_generated.deepcopy.go:145.2,147.12 3 0
github.com/crunchydata/postgres-operator/pkg/apis/postgres-operator.crunchydata.com/v1/zz_generated.deepcopy.go:151.61,153.25 2 0
github.com/crunchydata/postgres-operator/pkg/apis/postgres-operator.crunchydata.com/v1/zz_generated.deepcopy.go:153.25,157.3 3 0
github.com/crunchydata/postgres-operator/pkg/apis/postgres-operator.crunchydata.com/v1/zz_generated.deepcopy.go:161.54,162.15 1 0
github.com/crunchydata/postgres-operator/pkg/apis/postgres-operator.crunchydata.com/v1/zz_generated.deepcopy.go:162.15,164.3 1 0
github.com/crunchydata/postgres-operator/pkg/apis/postgres-operator.crunchydata.com/v1/zz_generated.deepcopy.go:165.2,167.12 3 0
github.com/crunchydata/postgres-operator/pkg/apis/postgres-operator.crunchydata.com/v1/zz_generated.deepcopy.go:171.65,173.2 1 0
github.com/crunchydata/postgres-operator/pkg/apis/postgres-operator.crunchydata.com/v1/zz_generated.deepcopy.go:176.58,177.15 1 0
github.com/crunchydata/postgres-operator/pkg/apis/postgres-operator.crunchydata.com/v1/zz_generated.deepcopy.go:177.15,179.3 1 0
github.com/crunchydata/postgres-operator/pkg/apis/postgres-operator.crunchydata.com/v1/zz_generated.deepcopy.go:180.2,182.12 3 0
github.com/crunchydata/postgres-operator/pkg/apis/postgres-operator.crunchydata.com/v1/zz_generated.deepcopy.go:186.67,189.2 2 0
github.com/crunchydata/postgres-operator/pkg/apis/postgres-operator.crunchydata.com/v1/zz_generated.deepcopy.go:192.60,193.15 1 0
github.com/crunchydata/postgres-operator/pkg/apis/postgres-operator.crunchydata.com/v1/zz_generated.deepcopy.go:193.15,195.3 1 0
github.com/crunchydata/postgres-operator/pkg/apis/postgres-operator.crunchydata.com/v1/zz_generated.deepcopy.go:196.2,198.12 3 0
github.com/crunchydata/postgres-operator/pkg/apis/postgres-operator.crunchydata.com/v1/zz_generated.deepcopy.go:202.65,205.2 2 0
github.com/crunchydata/postgres-operator/pkg/apis/postgres-operator.crunchydata.com/v1/zz_generated.deepcopy.go:208.58,209.15 1 0
github.com/crunchydata/postgres-operator/pkg/apis/postgres-operator.crunchydata.com/v1/zz_generated.deepcopy.go:209.15,211.3 1 0
github.com/crunchydata/postgres-operator/pkg/apis/postgres-operator.crunchydata.com/v1/zz_generated.deepcopy.go:212.2,214.12 3 0
github.com/crunchydata/postgres-operator/pkg/apis/postgres-operator.crunchydata.com/v1/zz_generated.deepcopy.go:218.63,224.2 5 0
github.com/crunchydata/postgres-operator/pkg/apis/postgres-operator.crunchydata.com/v1/zz_generated.deepcopy.go:227.56,228.15 1 0
github.com/crunchydata/postgres-operator/pkg/apis/postgres-operator.crunchydata.com/v1/zz_generated.deepcopy.go:228.15,230.3 1 0
github.com/crunchydata/postgres-operator/pkg/apis/postgres-operator.crunchydata.com/v1/zz_generated.deepcopy.go:231.2,233.12 3 0
github.com/crunchydata/postgres-operator/pkg/apis/postgres-operator.crunchydata.com/v1/zz_generated.deepcopy.go:237.60,238.34 1 0
github.com/crunchydata/postgres-operator/pkg/apis/postgres-operator.crunchydata.com/v1/zz_generated.deepcopy.go:238.34,240.3 1 0
github.com/crunchydata/postgres-operator/pkg/apis/postgres-operator.crunchydata.com/v1/zz_generated.deepcopy.go:241.2,241.12 1 0
github.com/crunchydata/postgres-operator/pkg/apis/postgres-operator.crunchydata.com/v1/zz_generated.deepcopy.go:245.83,247.23 2 0
github.com/crunchydata/postgres-operator/pkg/apis/postgres-operator.crunchydata.com/v1/zz_generated.deepcopy.go:247.23,251.3 3 0
github.com/crunchydata/postgres-operator/pkg/apis/postgres-operator.crunchydata.com/v1/zz_generated.deepcopy.go:252.2,253.24 2 0
github.com/crunchydata/postgres-operator/pkg/apis/postgres-operator.crunchydata.com/v1/zz_generated.deepcopy.go:253.24,257.3 3 0
github.com/crunchydata/postgres-operator/pkg/apis/postgres-operator.crunchydata.com/v1/zz_generated.deepcopy.go:258.2,258.33 1 0
github.com/crunchydata/postgres-operator/pkg/apis/postgres-operator.crunchydata.com/v1/zz_generated.deepcopy.go:258.33,262.3 3 0
github.com/crunchydata/postgres-operator/pkg/apis/postgres-operator.crunchydata.com/v1/zz_generated.deepcopy.go:263.2,263.27 1 0
github.com/crunchydata/postgres-operator/pkg/apis/postgres-operator.crunchydata.com/v1/zz_generated.deepcopy.go:263.27,266.22 3 0
github.com/crunchydata/postgres-operator/pkg/apis/postgres-operator.crunchydata.com/v1/zz_generated.deepcopy.go:266.22,268.4 1 0
github.com/crunchydata/postgres-operator/pkg/apis/postgres-operator.crunchydata.com/v1/zz_generated.deepcopy.go:270.2,270.23 1 0
github.com/crunchydata/postgres-operator/pkg/apis/postgres-operator.crunchydata.com/v1/zz_generated.deepcopy.go:270.23,274.3 3 0
github.com/crunchydata/postgres-operator/pkg/apis/postgres-operator.crunchydata.com/v1/zz_generated.deepcopy.go:278.76,279.15 1 0
github.com/crunchydata/postgres-operator/pkg/apis/postgres-operator.crunchydata.com/v1/zz_generated.deepcopy.go:279.15,281.3 1 0
github.com/crunchydata/postgres-operator/pkg/apis/postgres-operator.crunchydata.com/v1/zz_generated.deepcopy.go:282.2,284.12 3 0
github.com/crunchydata/postgres-operator/pkg/apis/postgres-operator.crunchydata.com/v1/zz_generated.deepcopy.go:288.71,292.21 4 0
github.com/crunchydata/postgres-operator/pkg/apis/postgres-operator.crunchydata.com/v1/zz_generated.deepcopy.go:292.21,295.22 3 0
github.com/crunchydata/postgres-operator/pkg/apis/postgres-operator.crunchydata.com/v1/zz_generated.deepcopy.go:295.22,297.4 1 0
github.com/crunchydata/postgres-operator/pkg/apis/postgres-operator.crunchydata.com/v1/zz_generated.deepcopy.go:302.64,303.15 1 0
github.com/crunchydata/postgres-operator/pkg/apis/postgres-operator.crunchydata.com/v1/zz_generated.deepcopy.go:303.15,305.3 1 0
github.com/crunchydata/postgres-operator/pkg/apis/postgres-operator.crunchydata.com/v1/zz_generated.deepcopy.go:306.2,308.12 3 0
github.com/crunchydata/postgres-operator/pkg/apis/postgres-operator.crunchydata.com/v1/zz_generated.deepcopy.go:312.64,313.34 1 0
github.com/crunchydata/postgres-operator/pkg/apis/postgres-operator.crunchydata.com/v1/zz_generated.deepcopy.go:313.34,315.3 1 0
github.com/crunchydata/postgres-operator/pkg/apis/postgres-operator.crunchydata.com/v1/zz_generated.deepcopy.go:316.2,316.12 1 0
github.com/crunchydata/postgres-operator/pkg/apis/postgres-operator.crunchydata.com/v1/zz_generated.deepcopy.go:320.71,322.24 2 0
github.com/crunchydata/postgres-operator/pkg/apis/postgres-operator.crunchydata.com/v1/zz_generated.deepcopy.go:322.24,326.3 3 0
github.com/crunchydata/postgres-operator/pkg/apis/postgres-operator.crunchydata.com/v1/zz_generated.deepcopy.go:327.2,327.26 1 0
github.com/crunchydata/postgres-operator/pkg/apis/postgres-operator.crunchydata.com/v1/zz_generated.deepcopy.go:327.26,331.3 3 0
github.com/crunchydata/postgres-operator/pkg/apis/postgres-operator.crunchydata.com/v1/zz_generated.deepcopy.go:332.2,332.30 1 0
github.com/crunchydata/postgres-operator/pkg/apis/postgres-operator.crunchydata.com/v1/zz_generated.deepcopy.go:332.30,336.3 3 0
github.com/crunchydata/postgres-operator/pkg/apis/postgres-operator.crunchydata.com/v1/zz_generated.deepcopy.go:337.2,338.22 2 0
github.com/crunchydata/postgres-operator/pkg/apis/postgres-operator.crunchydata.com/v1/zz_generated.deepcopy.go:338.22,342.3 3 0
github.com/crunchydata/postgres-operator/pkg/apis/postgres-operator.crunchydata.com/v1/zz_generated.deepcopy.go:343.2,343.31 1 0
github.com/crunchydata/postgres-operator/pkg/apis/postgres-operator.crunchydata.com/v1/zz_generated.deepcopy.go:343.31,347.3 3 0
github.com/crunchydata/postgres-operator/pkg/apis/postgres-operator.crunchydata.com/v1/zz_generated.deepcopy.go:348.2,348.48 1 0
github.com/crunchydata/postgres-operator/pkg/apis/postgres-operator.crunchydata.com/v1/zz_generated.deepcopy.go:348.48,352.3 3 0
github.com/crunchydata/postgres-operator/pkg/apis/postgres-operator.crunchydata.com/v1/zz_generated.deepcopy.go:353.2,353.31 1 0
github.com/crunchydata/postgres-operator/pkg/apis/postgres-operator.crunchydata.com/v1/zz_generated.deepcopy.go:353.31,357.3 3 0
github.com/crunchydata/postgres-operator/pkg/apis/postgres-operator.crunchydata.com/v1/zz_generated.deepcopy.go:358.2,358.43 1 0
github.com/crunchydata/postgres-operator/pkg/apis/postgres-operator.crunchydata.com/v1/zz_generated.deepcopy.go:358.43,362.3 3 0
github.com/crunchydata/postgres-operator/pkg/apis/postgres-operator.crunchydata.com/v1/zz_generated.deepcopy.go:363.2,363.32 1 0
github.com/crunchydata/postgres-operator/pkg/apis/postgres-operator.crunchydata.com/v1/zz_generated.deepcopy.go:363.32,367.3 3 0
github.com/crunchydata/postgres-operator/pkg/apis/postgres-operator.crunchydata.com/v1/zz_generated.deepcopy.go:368.2,368.28 1 0
github.com/crunchydata/postgres-operator/pkg/apis/postgres-operator.crunchydata.com/v1/zz_generated.deepcopy.go:368.28,371.22 3 0
github.com/crunchydata/postgres-operator/pkg/apis/postgres-operator.crunchydata.com/v1/zz_generated.deepcopy.go:371.22,373.4 1 0
github.com/crunchydata/postgres-operator/pkg/apis/postgres-operator.crunchydata.com/v1/zz_generated.deepcopy.go:375.2,375.31 1 0
github.com/crunchydata/postgres-operator/pkg/apis/postgres-operator.crunchydata.com/v1/zz_generated.deepcopy.go:375.31,379.3 3 0
github.com/crunchydata/postgres-operator/pkg/apis/postgres-operator.crunchydata.com/v1/zz_generated.deepcopy.go:380.2,380.25 1 0
github.com/crunchydata/postgres-operator/pkg/apis/postgres-operator.crunchydata.com/v1/zz_generated.deepcopy.go:380.25,384.3 3 0
github.com/crunchydata/postgres-operator/pkg/apis/postgres-operator.crunchydata.com/v1/zz_generated.deepcopy.go:385.2,385.23 1 0
github.com/crunchydata/postgres-operator/pkg/apis/postgres-operator.crunchydata.com/v1/zz_generated.deepcopy.go:385.23,389.3 3 0
github.com/crunchydata/postgres-operator/pkg/apis/postgres-operator.crunchydata.com/v1/zz_generated.deepcopy.go:390.2,390.22 1 0
github.com/crunchydata/postgres-operator/pkg/apis/postgres-operator.crunchydata.com/v1/zz_generated.deepcopy.go:390.22,394.3 3 0
github.com/crunchydata/postgres-operator/pkg/apis/postgres-operator.crunchydata.com/v1/zz_generated.deepcopy.go:395.2,395.20 1 0
github.com/crunchydata/postgres-operator/pkg/apis/postgres-operator.crunchydata.com/v1/zz_generated.deepcopy.go:395.20,399.3 3 0
github.com/crunchydata/postgres-operator/pkg/apis/postgres-operator.crunchydata.com/v1/zz_generated.deepcopy.go:400.2,400.21 1 0
github.com/crunchydata/postgres-operator/pkg/apis/postgres-operator.crunchydata.com/v1/zz_generated.deepcopy.go:400.21,404.3 3 0
github.com/crunchydata/postgres-operator/pkg/apis/postgres-operator.crunchydata.com/v1/zz_generated.deepcopy.go:405.2,405.29 1 0
github.com/crunchydata/postgres-operator/pkg/apis/postgres-operator.crunchydata.com/v1/zz_generated.deepcopy.go:405.29,409.3 3 0
github.com/crunchydata/postgres-operator/pkg/apis/postgres-operator.crunchydata.com/v1/zz_generated.deepcopy.go:410.2,410.26 1 0
github.com/crunchydata/postgres-operator/pkg/apis/postgres-operator.crunchydata.com/v1/zz_generated.deepcopy.go:410.26,414.3 3 0
github.com/crunchydata/postgres-operator/pkg/apis/postgres-operator.crunchydata.com/v1/zz_generated.deepcopy.go:415.2,415.23 1 0
github.com/crunchydata/postgres-operator/pkg/apis/postgres-operator.crunchydata.com/v1/zz_generated.deepcopy.go:415.23,419.3 3 0
github.com/crunchydata/postgres-operator/pkg/apis/postgres-operator.crunchydata.com/v1/zz_generated.deepcopy.go:420.2,420.30 1 0
github.com/crunchydata/postgres-operator/pkg/apis/postgres-operator.crunchydata.com/v1/zz_generated.deepcopy.go:420.30,424.3 3 0
github.com/crunchydata/postgres-operator/pkg/apis/postgres-operator.crunchydata.com/v1/zz_generated.deepcopy.go:425.2,425.24 1 0
github.com/crunchydata/postgres-operator/pkg/apis/postgres-operator.crunchydata.com/v1/zz_generated.deepcopy.go:425.24,429.3 3 0
github.com/crunchydata/postgres-operator/pkg/apis/postgres-operator.crunchydata.com/v1/zz_generated.deepcopy.go:430.2,430.23 1 0
github.com/crunchydata/postgres-operator/pkg/apis/postgres-operator.crunchydata.com/v1/zz_generated.deepcopy.go:430.23,434.3 3 0
github.com/crunchydata/postgres-operator/pkg/apis/postgres-operator.crunchydata.com/v1/zz_generated.deepcopy.go:435.2,435.34 1 0
github.com/crunchydata/postgres-operator/pkg/apis/postgres-operator.crunchydata.com/v1/zz_generated.deepcopy.go:435.34,439.3 3 0
github.com/crunchydata/postgres-operator/pkg/apis/postgres-operator.crunchydata.com/v1/zz_generated.deepcopy.go:440.2,440.21 1 0
github.com/crunchydata/postgres-operator/pkg/apis/postgres-operator.crunchydata.com/v1/zz_generated.deepcopy.go:440.21,443.22 3 0
github.com/crunchydata/postgres-operator/pkg/apis/postgres-operator.crunchydata.com/v1/zz_generated.deepcopy.go:443.22,445.4 1 0
github.com/crunchydata/postgres-operator/pkg/apis/postgres-operator.crunchydata.com/v1/zz_generated.deepcopy.go:450.64,451.15 1 0
github.com/crunchydata/postgres-operator/pkg/apis/postgres-operator.crunchydata.com/v1/zz_generated.deepcopy.go:451.15,453.3 1 0
github.com/crunchydata/postgres-operator/pkg/apis/postgres-operator.crunchydata.com/v1/zz_generated.deepcopy.go:454.2,456.12 3 0
github.com/crunchydata/postgres-operator/pkg/apis/postgres-operator.crunchydata.com/v1/zz_generated.deepcopy.go:460.75,462.28 2 0
github.com/crunchydata/postgres-operator/pkg/apis/postgres-operator.crunchydata.com/v1/zz_generated.deepcopy.go:462.28,465.22 3 0
github.com/crunchydata/postgres-operator/pkg/apis/postgres-operator.crunchydata.com/v1/zz_generated.deepcopy.go:465.22,467.4 1 0
github.com/crunchydata/postgres-operator/pkg/apis/postgres-operator.crunchydata.com/v1/zz_generated.deepcopy.go:469.2,470.26 2 0
github.com/crunchydata/postgres-operator/pkg/apis/postgres-operator.crunchydata.com/v1/zz_generated.deepcopy.go:470.26,474.3 3 0
github.com/crunchydata/postgres-operator/pkg/apis/postgres-operator.crunchydata.com/v1/zz_generated.deepcopy.go:475.2,475.36 1 0
github.com/crunchydata/postgres-operator/pkg/apis/postgres-operator.crunchydata.com/v1/zz_generated.deepcopy.go:475.36,479.3 3 0
github.com/crunchydata/postgres-operator/pkg/apis/postgres-operator.crunchydata.com/v1/zz_generated.deepcopy.go:480.2,481.29 2 0
github.com/crunchydata/postgres-operator/pkg/apis/postgres-operator.crunchydata.com/v1/zz_generated.deepcopy.go:481.29,485.3 3 0
github.com/crunchydata/postgres-operator/pkg/apis/postgres-operator.crunchydata.com/v1/zz_generated.deepcopy.go:486.2,487.31 2 0
github.com/crunchydata/postgres-operator/pkg/apis/postgres-operator.crunchydata.com/v1/zz_generated.deepcopy.go:487.31,491.3 3 0
github.com/crunchydata/postgres-operator/pkg/apis/postgres-operator.crunchydata.com/v1/zz_generated.deepcopy.go:492.2,492.26 1 0
github.com/crunchydata/postgres-operator/pkg/apis/postgres-operator.crunchydata.com/v1/zz_generated.deepcopy.go:492.26,495.22 3 0
github.com/crunchydata/postgres-operator/pkg/apis/postgres-operator.crunchydata.com/v1/zz_generated.deepcopy.go:495.22,497.4 1 0
github.com/crunchydata/postgres-operator/pkg/apis/postgres-operator.crunchydata.com/v1/zz_generated.deepcopy.go:502.68,503.15 1 0
github.com/crunchydata/postgres-operator/pkg/apis/postgres-operator.crunchydata.com/v1/zz_generated.deepcopy.go:503.15,505.3 1 0
github.com/crunchydata/postgres-operator/pkg/apis/postgres-operator.crunchydata.com/v1/zz_generated.deepcopy.go:506.2,508.12 3 0
github.com/crunchydata/postgres-operator/pkg/apis/postgres-operator.crunchydata.com/v1/zz_generated.deepcopy.go:512.69,514.21 2 0
github.com/crunchydata/postgres-operator/pkg/apis/postgres-operator.crunchydata.com/v1/zz_generated.deepcopy.go:514.21,517.22 3 0
github.com/crunchydata/postgres-operator/pkg/apis/postgres-operator.crunchydata.com/v1/zz_generated.deepcopy.go:517.22,519.4 1 0
github.com/crunchydata/postgres-operator/pkg/apis/postgres-operator.crunchydata.com/v1/zz_generated.deepcopy.go:521.2,521.26 1 0
github.com/crunchydata/postgres-operator/pkg/apis/postgres-operator.crunchydata.com/v1/zz_generated.deepcopy.go:521.26,524.29 3 0
github.com/crunchydata/postgres-operator/pkg/apis/postgres-operator.crunchydata.com/v1/zz_generated.deepcopy.go:524.29,526.4 1 0
github.com/crunchydata/postgres-operator/pkg/apis/postgres-operator.crunchydata.com/v1/zz_generated.deepcopy.go:531.62,532.15 1 0
github.com/crunchydata/postgres-operator/pkg/apis/postgres-operator.crunchydata.com/v1/zz_generated.deepcopy.go:532.15,534.3 1 0
github.com/crunchydata/postgres-operator/pkg/apis/postgres-operator.crunchydata.com/v1/zz_generated.deepcopy.go:535.2,537.12 3 0
github.com/crunchydata/postgres-operator/pkg/apis/postgres-operator.crunchydata.com/v1/zz_generated.deepcopy.go:541.79,543.24 2 0
github.com/crunchydata/postgres-operator/pkg/apis/postgres-operator.crunchydata.com/v1/zz_generated.deepcopy.go:543.24,547.3 3 0
github.com/crunchydata/postgres-operator/pkg/apis/postgres-operator.crunchydata.com/v1/zz_generated.deepcopy.go:548.2,548.24 1 0
github.com/crunchydata/postgres-operator/pkg/apis/postgres-operator.crunchydata.com/v1/zz_generated.deepcopy.go:548.24,552.3 3 0
github.com/crunchydata/postgres-operator/pkg/apis/postgres-operator.crunchydata.com/v1/zz_generated.deepcopy.go:553.2,553.26 1 0
github.com/crunchydata/postgres-operator/pkg/apis/postgres-operator.crunchydata.com/v1/zz_generated.deepcopy.go:553.26,556.22 3 0
github.com/crunchydata/postgres-operator/pkg/apis/postgres-operator.crunchydata.com/v1/zz_generated.deepcopy.go:556.22,558.4 1 0
github.com/crunchydata/postgres-operator/pkg/apis/postgres-operator.crunchydata.com/v1/zz_generated.deepcopy.go:560.2,561.33 2 0
github.com/crunchydata/postgres-operator/pkg/apis/postgres-operator.crunchydata.com/v1/zz_generated.deepcopy.go:561.33,565.3 3 0
github.com/crunchydata/postgres-operator/pkg/apis/postgres-operator.crunchydata.com/v1/zz_generated.deepcopy.go:566.2,566.24 1 0
github.com/crunchydata/postgres-operator/pkg/apis/postgres-operator.crunchydata.com/v1/zz_generated.deepcopy.go:566.24,570.3 3 0
github.com/crunchydata/postgres-operator/pkg/apis/postgres-operator.crunchydata.com/v1/zz_generated.deepcopy.go:571.2,571.28 1 0
github.com/crunchydata/postgres-operator/pkg/apis/postgres-operator.crunchydata.com/v1/zz_generated.deepcopy.go:571.28,575.3 3 0
github.com/crunchydata/postgres-operator/pkg/apis/postgres-operator.crunchydata.com/v1/zz_generated.deepcopy.go:576.2,577.24 2 0
github.com/crunchydata/postgres-operator/pkg/apis/postgres-operator.crunchydata.com/v1/zz_generated.deepcopy.go:577.24,581.3 3 0
github.com/crunchydata/postgres-operator/pkg/apis/postgres-operator.crunchydata.com/v1/zz_generated.deepcopy.go:582.2,582.27 1 0
github.com/crunchydata/postgres-operator/pkg/apis/postgres-operator.crunchydata.com/v1/zz_generated.deepcopy.go:582.27,585.22 3 0
github.com/crunchydata/postgres-operator/pkg/apis/postgres-operator.crunchydata.com/v1/zz_generated.deepcopy.go:585.22,587.4 1 0
github.com/crunchydata/postgres-operator/pkg/apis/postgres-operator.crunchydata.com/v1/zz_generated.deepcopy.go:589.2,589.41 1 0
github.com/crunchydata/postgres-operator/pkg/apis/postgres-operator.crunchydata.com/v1/zz_generated.deepcopy.go:589.41,592.22 3 0
github.com/crunchydata/postgres-operator/pkg/apis/postgres-operator.crunchydata.com/v1/zz_generated.deepcopy.go:592.22,594.4 1 0
github.com/crunchydata/postgres-operator/pkg/apis/postgres-operator.crunchydata.com/v1/zz_generated.deepcopy.go:596.2,596.34 1 0
github.com/crunchydata/postgres-operator/pkg/apis/postgres-operator.crunchydata.com/v1/zz_generated.deepcopy.go:596.34,599.3 2 0
github.com/crunchydata/postgres-operator/pkg/apis/postgres-operator.crunchydata.com/v1/zz_generated.deepcopy.go:600.2,600.33 1 0
github.com/crunchydata/postgres-operator/pkg/apis/postgres-operator.crunchydata.com/v1/zz_generated.deepcopy.go:600.33,603.22 3 0
github.com/crunchydata/postgres-operator/pkg/apis/postgres-operator.crunchydata.com/v1/zz_generated.deepcopy.go:603.22,605.4 1 0
github.com/crunchydata/postgres-operator/pkg/apis/postgres-operator.crunchydata.com/v1/zz_generated.deepcopy.go:607.2,607.23 1 0
github.com/crunchydata/postgres-operator/pkg/apis/postgres-operator.crunchydata.com/v1/zz_generated.deepcopy.go:607.23,611.3 3 0
github.com/crunchydata/postgres-operator/pkg/apis/postgres-operator.crunchydata.com/v1/zz_generated.deepcopy.go:615.72,616.15 1 0
github.com/crunchydata/postgres-operator/pkg/apis/postgres-operator.crunchydata.com/v1/zz_generated.deepcopy.go:616.15,618.3 1 0
github.com/crunchydata/postgres-operator/pkg/apis/postgres-operator.crunchydata.com/v1/zz_generated.deepcopy.go:619.2,621.12 3 0
github.com/crunchydata/postgres-operator/pkg/apis/postgres-operator.crunchydata.com/v1/zz_generated.deepcopy.go:625.83,627.35 2 0
github.com/crunchydata/postgres-operator/pkg/apis/postgres-operator.crunchydata.com/v1/zz_generated.deepcopy.go:627.35,630.29 3 0
github.com/crunchydata/postgres-operator/pkg/apis/postgres-operator.crunchydata.com/v1/zz_generated.deepcopy.go:630.29,632.4 1 0
github.com/crunchydata/postgres-operator/pkg/apis/postgres-operator.crunchydata.com/v1/zz_generated.deepcopy.go:634.2,634.34 1 0
github.com/crunchydata/postgres-operator/pkg/apis/postgres-operator.crunchydata.com/v1/zz_generated.deepcopy.go:634.34,637.29 3 0
github.com/crunchydata/postgres-operator/pkg/apis/postgres-operator.crunchydata.com/v1/zz_generated.deepcopy.go:637.29,639.4 1 0
github.com/crunchydata/postgres-operator/pkg/apis/postgres-operator.crunchydata.com/v1/zz_generated.deepcopy.go:644.76,645.15 1 0
github.com/crunchydata/postgres-operator/pkg/apis/postgres-operator.crunchydata.com/v1/zz_generated.deepcopy.go:645.15,647.3 1 0
github.com/crunchydata/postgres-operator/pkg/apis/postgres-operator.crunchydata.com/v1/zz_generated.deepcopy.go:648.2,650.12 3 0
github.com/crunchydata/postgres-operator/pkg/apis/postgres-operator.crunchydata.com/v1/zz_generated.deepcopy.go:654.67,656.25 2 0
github.com/crunchydata/postgres-operator/pkg/apis/postgres-operator.crunchydata.com/v1/zz_generated.deepcopy.go:656.25,660.3 3 0
github.com/crunchydata/postgres-operator/pkg/apis/postgres-operator.crunchydata.com/v1/zz_generated.deepcopy.go:664.60,665.15 1 0
github.com/crunchydata/postgres-operator/pkg/apis/postgres-operator.crunchydata.com/v1/zz_generated.deepcopy.go:665.15,667.3 1 0
github.com/crunchydata/postgres-operator/pkg/apis/postgres-operator.crunchydata.com/v1/zz_generated.deepcopy.go:668.2,670.12 3 0
github.com/crunchydata/postgres-operator/pkg/apis/postgres-operator.crunchydata.com/v1/zz_generated.deepcopy.go:674.71,677.2 2 0
github.com/crunchydata/postgres-operator/pkg/apis/postgres-operator.crunchydata.com/v1/zz_generated.deepcopy.go:680.64,681.15 1 0
github.com/crunchydata/postgres-operator/pkg/apis/postgres-operator.crunchydata.com/v1/zz_generated.deepcopy.go:681.15,683.3 1 0
github.com/crunchydata/postgres-operator/pkg/apis/postgres-operator.crunchydata.com/v1/zz_generated.deepcopy.go:684.2,686.12 3 0
github.com/crunchydata/postgres-operator/pkg/apis/postgres-operator.crunchydata.com/v1/zz_generated.deepcopy.go:690.71,692.20 2 0
github.com/crunchydata/postgres-operator/pkg/apis/postgres-operator.crunchydata.com/v1/zz_generated.deepcopy.go:692.20,696.3 3 0
github.com/crunchydata/postgres-operator/pkg/apis/postgres-operator.crunchydata.com/v1/zz_generated.deepcopy.go:700.64,701.15 1 0
github.com/crunchydata/postgres-operator/pkg/apis/postgres-operator.crunchydata.com/v1/zz_generated.deepcopy.go:701.15,703.3 1 0
github.com/crunchydata/postgres-operator/pkg/apis/postgres-operator.crunchydata.com/v1/zz_generated.deepcopy.go:704.2,706.12 3 0
github.com/crunchydata/postgres-operator/pkg/apis/postgres-operator.crunchydata.com/v1/zz_generated.deepcopy.go:710.87,713.2 2 0
github.com/crunchydata/postgres-operator/pkg/apis/postgres-operator.crunchydata.com/v1/zz_generated.deepcopy.go:716.80,717.15 1 0
github.com/crunchydata/postgres-operator/pkg/apis/postgres-operator.crunchydata.com/v1/zz_generated.deepcopy.go:717.15,719.3 1 0
github.com/crunchydata/postgres-operator/pkg/apis/postgres-operator.crunchydata.com/v1/zz_generated.deepcopy.go:720.2,722.12 3 0
github.com/crunchydata/postgres-operator/pkg/apis/postgres-operator.crunchydata.com/v1/zz_generated.deepcopy.go:726.91,728.2 1 0
github.com/crunchydata/postgres-operator/pkg/apis/postgres-operator.crunchydata.com/v1/zz_generated.deepcopy.go:731.84,732.15 1 0
github.com/crunchydata/postgres-operator/pkg/apis/postgres-operator.crunchydata.com/v1/zz_generated.deepcopy.go:732.15,734.3 1 0
github.com/crunchydata/postgres-operator/pkg/apis/postgres-operator.crunchydata.com/v1/zz_generated.deepcopy.go:735.2,737.12 3 0
github.com/crunchydata/postgres-operator/pkg/apis/postgres-operator.crunchydata.com/v1/zz_generated.deepcopy.go:741.65,744.2 2 0
github.com/crunchydata/postgres-operator/pkg/apis/postgres-operator.crunchydata.com/v1/zz_generated.deepcopy.go:747.58,748.15 1 0
github.com/crunchydata/postgres-operator/pkg/apis/postgres-operator.crunchydata.com/v1/zz_generated.deepcopy.go:748.15,750.3 1 0
github.com/crunchydata/postgres-operator/pkg/apis/postgres-operator.crunchydata.com/v1/zz_generated.deepcopy.go:751.2,753.12 3 0
github.com/crunchydata/postgres-operator/pkg/apis/postgres-operator.crunchydata.com/v1/zz_generated.deepcopy.go:757.67,759.23 2 0
github.com/crunchydata/postgres-operator/pkg/apis/postgres-operator.crunchydata.com/v1/zz_generated.deepcopy.go:759.23,763.3 3 0
github.com/crunchydata/postgres-operator/pkg/apis/postgres-operator.crunchydata.com/v1/zz_generated.deepcopy.go:767.60,768.15 1 0
github.com/crunchydata/postgres-operator/pkg/apis/postgres-operator.crunchydata.com/v1/zz_generated.deepcopy.go:768.15,770.3 1 0
github.com/crunchydata/postgres-operator/pkg/apis/postgres-operator.crunchydata.com/v1/zz_generated.deepcopy.go:771.2,773.12 3 0
github.com/crunchydata/postgres-operator/pkg/apis/postgres-operator.crunchydata.com/v1/zz_generated.deepcopy.go:777.63,779.2 1 0
github.com/crunchydata/postgres-operator/pkg/apis/postgres-operator.crunchydata.com/v1/zz_generated.deepcopy.go:782.56,783.15 1 0
github.com/crunchydata/postgres-operator/pkg/apis/postgres-operator.crunchydata.com/v1/zz_generated.deepcopy.go:783.15,785.3 1 0
github.com/crunchydata/postgres-operator/pkg/apis/postgres-operator.crunchydata.com/v1/zz_generated.deepcopy.go:786.2,788.12 3 0
github.com/crunchydata/postgres-operator/pkg/apis/postgres-operator.crunchydata.com/v1beta1/config_types.go:21.89,23.24 2 3
github.com/crunchydata/postgres-operator/pkg/apis/postgres-operator.crunchydata.com/v1beta1/config_types.go:23.24,26.3 2 2
github.com/crunchydata/postgres-operator/pkg/apis/postgres-operator.crunchydata.com/v1beta1/config_types.go:27.2,27.12 1 3
github.com/crunchydata/postgres-operator/pkg/apis/postgres-operator.crunchydata.com/v1beta1/config_types.go:47.81,52.2 4 4
github.com/crunchydata/postgres-operator/pkg/apis/postgres-operator.crunchydata.com/v1beta1/config_types.go:64.83,66.24 2 3
github.com/crunchydata/postgres-operator/pkg/apis/postgres-operator.crunchydata.com/v1beta1/config_types.go:66.24,69.3 2 2
github.com/crunchydata/postgres-operator/pkg/apis/postgres-operator.crunchydata.com/v1beta1/config_types.go:70.2,70.12 1 3
github.com/crunchydata/postgres-operator/pkg/apis/postgres-operator.crunchydata.com/v1beta1/config_types.go:90.75,95.2 4 4
github.com/crunchydata/postgres-operator/pkg/apis/postgres-operator.crunchydata.com/v1beta1/crunchy_bridgecluster_types.go:219.42,220.28 1 0
github.com/crunchydata/postgres-operator/pkg/apis/postgres-operator.crunchydata.com/v1beta1/crunchy_bridgecluster_types.go:220.28,222.3 1 0
github.com/crunchydata/postgres-operator/pkg/apis/postgres-operator.crunchydata.com/v1beta1/crunchy_bridgecluster_types.go:223.2,223.22 1 0
github.com/crunchydata/postgres-operator/pkg/apis/postgres-operator.crunchydata.com/v1beta1/crunchy_bridgecluster_types.go:223.22,225.3 1 0
github.com/crunchydata/postgres-operator/pkg/apis/postgres-operator.crunchydata.com/v1beta1/crunchy_bridgecluster_types.go:239.13,241.2 1 1
github.com/crunchydata/postgres-operator/pkg/apis/postgres-operator.crunchydata.com/v1beta1/crunchy_bridgecluster_types.go:243.54,247.2 3 0
github.com/crunchydata/postgres-operator/pkg/apis/postgres-operator.crunchydata.com/v1beta1/instrumentation_types.go:237.48,238.23 1 0
github.com/crunchydata/postgres-operator/pkg/apis/postgres-operator.crunchydata.com/v1beta1/instrumentation_types.go:238.23,240.3 1 0
github.com/crunchydata/postgres-operator/pkg/apis/postgres-operator.crunchydata.com/v1beta1/instrumentation_types.go:241.2,241.25 1 0
github.com/crunchydata/postgres-operator/pkg/apis/postgres-operator.crunchydata.com/v1beta1/instrumentation_types.go:241.25,244.3 2 0
github.com/crunchydata/postgres-operator/pkg/apis/postgres-operator.crunchydata.com/v1beta1/patroni_types.go:112.33,113.41 1 5
github.com/crunchydata/postgres-operator/pkg/apis/postgres-operator.crunchydata.com/v1beta1/patroni_types.go:113.41,116.3 2 5
github.com/crunchydata/postgres-operator/pkg/apis/postgres-operator.crunchydata.com/v1beta1/patroni_types.go:117.2,117.19 1 5
github.com/crunchydata/postgres-operator/pkg/apis/postgres-operator.crunchydata.com/v1beta1/patroni_types.go:117.19,120.3 2 5
github.com/crunchydata/postgres-operator/pkg/apis/postgres-operator.crunchydata.com/v1beta1/patroni_types.go:121.2,121.32 1 5
github.com/crunchydata/postgres-operator/pkg/apis/postgres-operator.crunchydata.com/v1beta1/patroni_types.go:121.32,124.3 2 5
github.com/crunchydata/postgres-operator/pkg/apis/postgres-operator.crunchydata.com/v1beta1/pgadmin_types.go:98.36,99.23 1 0
github.com/crunchydata/postgres-operator/pkg/apis/postgres-operator.crunchydata.com/v1beta1/pgadmin_types.go:99.23,102.3 2 0
github.com/crunchydata/postgres-operator/pkg/apis/postgres-operator.crunchydata.com/v1beta1/pgbouncer_types.go:165.38,166.19 1 1
github.com/crunchydata/postgres-operator/pkg/apis/postgres-operator.crunchydata.com/v1beta1/pgbouncer_types.go:166.19,169.3 2 1
github.com/crunchydata/postgres-operator/pkg/apis/postgres-operator.crunchydata.com/v1beta1/pgbouncer_types.go:171.2,171.23 1 1
github.com/crunchydata/postgres-operator/pkg/apis/postgres-operator.crunchydata.com/v1beta1/pgbouncer_types.go:171.23,174.3 2 1
github.com/crunchydata/postgres-operator/pkg/apis/postgres-operator.crunchydata.com/v1beta1/pgupgrade_types.go:153.13,155.2 1 1
github.com/crunchydata/postgres-operator/pkg/apis/postgres-operator.crunchydata.com/v1beta1/postgrescluster_types.go:317.41,318.32 1 5
github.com/crunchydata/postgres-operator/pkg/apis/postgres-operator.crunchydata.com/v1beta1/postgrescluster_types.go:318.32,320.3 1 1
github.com/crunchydata/postgres-operator/pkg/apis/postgres-operator.crunchydata.com/v1beta1/postgrescluster_types.go:322.2,322.22 1 5
github.com/crunchydata/postgres-operator/pkg/apis/postgres-operator.crunchydata.com/v1beta1/postgrescluster_types.go:322.22,324.3 1 5
github.com/crunchydata/postgres-operator/pkg/apis/postgres-operator.crunchydata.com/v1beta1/postgrescluster_types.go:325.2,327.19 2 5
github.com/crunchydata/postgres-operator/pkg/apis/postgres-operator.crunchydata.com/v1beta1/postgrescluster_types.go:327.19,330.3 2 5
github.com/crunchydata/postgres-operator/pkg/apis/postgres-operator.crunchydata.com/v1beta1/postgrescluster_types.go:332.2,332.20 1 5
github.com/crunchydata/postgres-operator/pkg/apis/postgres-operator.crunchydata.com/v1beta1/postgrescluster_types.go:332.20,334.3 1 2
github.com/crunchydata/postgres-operator/pkg/apis/postgres-operator.crunchydata.com/v1beta1/postgrescluster_types.go:336.2,336.28 1 5
github.com/crunchydata/postgres-operator/pkg/apis/postgres-operator.crunchydata.com/v1beta1/postgrescluster_types.go:336.28,338.3 1 0
github.com/crunchydata/postgres-operator/pkg/apis/postgres-operator.crunchydata.com/v1beta1/postgrescluster_types.go:581.50,582.18 1 2
github.com/crunchydata/postgres-operator/pkg/apis/postgres-operator.crunchydata.com/v1beta1/postgrescluster_types.go:582.18,584.3 1 2
github.com/crunchydata/postgres-operator/pkg/apis/postgres-operator.crunchydata.com/v1beta1/postgrescluster_types.go:585.2,585.23 1 2
github.com/crunchydata/postgres-operator/pkg/apis/postgres-operator.crunchydata.com/v1beta1/postgrescluster_types.go:585.23,588.3 2 2
github.com/crunchydata/postgres-operator/pkg/apis/postgres-operator.crunchydata.com/v1beta1/postgrescluster_types.go:623.39,624.24 1 2
github.com/crunchydata/postgres-operator/pkg/apis/postgres-operator.crunchydata.com/v1beta1/postgrescluster_types.go:624.24,626.3 1 1
github.com/crunchydata/postgres-operator/pkg/apis/postgres-operator.crunchydata.com/v1beta1/postgrescluster_types.go:670.39,671.22 1 0
github.com/crunchydata/postgres-operator/pkg/apis/postgres-operator.crunchydata.com/v1beta1/postgrescluster_types.go:671.22,673.3 1 0
github.com/crunchydata/postgres-operator/pkg/apis/postgres-operator.crunchydata.com/v1beta1/postgrescluster_types.go:713.37,714.28 1 5
github.com/crunchydata/postgres-operator/pkg/apis/postgres-operator.crunchydata.com/v1beta1/postgrescluster_types.go:714.28,716.3 1 5
github.com/crunchydata/postgres-operator/pkg/apis/postgres-operator.crunchydata.com/v1beta1/postgrescluster_types.go:717.2,717.22 1 5
github.com/crunchydata/postgres-operator/pkg/apis/postgres-operator.crunchydata.com/v1beta1/postgrescluster_types.go:717.22,719.3 1 5
github.com/crunchydata/postgres-operator/pkg/apis/postgres-operator.crunchydata.com/v1beta1/postgrescluster_types.go:720.2,720.18 1 5
github.com/crunchydata/postgres-operator/pkg/apis/postgres-operator.crunchydata.com/v1beta1/postgrescluster_types.go:732.13,734.2 1 1
github.com/crunchydata/postgres-operator/pkg/apis/postgres-operator.crunchydata.com/v1beta1/postgrescluster_types.go:749.44,753.2 3 0
github.com/crunchydata/postgres-operator/pkg/apis/postgres-operator.crunchydata.com/v1beta1/shared_types.go:86.47,95.2 4 58
github.com/crunchydata/postgres-operator/pkg/apis/postgres-operator.crunchydata.com/v1beta1/shared_types.go:98.49,100.2 1 48
github.com/crunchydata/postgres-operator/pkg/apis/postgres-operator.crunchydata.com/v1beta1/shared_types.go:103.49,104.28 1 3
github.com/crunchydata/postgres-operator/pkg/apis/postgres-operator.crunchydata.com/v1beta1/shared_types.go:104.28,106.3 1 1
github.com/crunchydata/postgres-operator/pkg/apis/postgres-operator.crunchydata.com/v1beta1/shared_types.go:108.2,108.31 1 2
github.com/crunchydata/postgres-operator/pkg/apis/postgres-operator.crunchydata.com/v1beta1/shared_types.go:112.53,117.16 4 57
github.com/crunchydata/postgres-operator/pkg/apis/postgres-operator.crunchydata.com/v1beta1/shared_types.go:117.16,119.3 1 57
github.com/crunchydata/postgres-operator/pkg/apis/postgres-operator.crunchydata.com/v1beta1/shared_types.go:120.2,120.16 1 57
github.com/crunchydata/postgres-operator/pkg/apis/postgres-operator.crunchydata.com/v1beta1/shared_types.go:120.16,122.3 1 46
github.com/crunchydata/postgres-operator/pkg/apis/postgres-operator.crunchydata.com/v1beta1/shared_types.go:123.2,123.12 1 57
github.com/crunchydata/postgres-operator/pkg/apis/postgres-operator.crunchydata.com/v1beta1/shared_types.go:144.65,146.2 1 0
github.com/crunchydata/postgres-operator/pkg/apis/postgres-operator.crunchydata.com/v1beta1/shared_types.go:149.93,153.2 3 0
github.com/crunchydata/postgres-operator/pkg/apis/postgres-operator.crunchydata.com/v1beta1/shared_types.go:183.37,184.25 1 1
github.com/crunchydata/postgres-operator/pkg/apis/postgres-operator.crunchydata.com/v1beta1/shared_types.go:184.25,186.3 1 1
github.com/crunchydata/postgres-operator/pkg/apis/postgres-operator.crunchydata.com/v1beta1/shared_types.go:189.89,191.26 2 0
github.com/crunchydata/postgres-operator/pkg/apis/postgres-operator.crunchydata.com/v1beta1/shared_types.go:191.26,194.3 2 0
github.com/crunchydata/postgres-operator/pkg/apis/postgres-operator.crunchydata.com/v1beta1/shared_types.go:194.8,196.3 1 0
github.com/crunchydata/postgres-operator/pkg/apis/postgres-operator.crunchydata.com/v1beta1/shared_types.go:200.59,202.25 2 0
github.com/crunchydata/postgres-operator/pkg/apis/postgres-operator.crunchydata.com/v1beta1/shared_types.go:202.25,205.3 2 0
github.com/crunchydata/postgres-operator/pkg/apis/postgres-operator.crunchydata.com/v1beta1/shared_types.go:205.8,207.3 1 0
github.com/crunchydata/postgres-operator/pkg/apis/postgres-operator.crunchydata.com/v1beta1/shared_types.go:211.105,213.2 1 0
github.com/crunchydata/postgres-operator/pkg/apis/postgres-operator.crunchydata.com/v1beta1/shared_types.go:230.56,232.2 1 6
github.com/crunchydata/postgres-operator/pkg/apis/postgres-operator.crunchydata.com/v1beta1/shared_types.go:294.58,295.17 1 10
github.com/crunchydata/postgres-operator/pkg/apis/postgres-operator.crunchydata.com/v1beta1/shared_types.go:295.17,297.3 1 1
github.com/crunchydata/postgres-operator/pkg/apis/postgres-operator.crunchydata.com/v1beta1/shared_types.go:298.2,298.20 1 9
github.com/crunchydata/postgres-operator/pkg/apis/postgres-operator.crunchydata.com/v1beta1/shared_types.go:303.63,304.17 1 10
github.com/crunchydata/postgres-operator/pkg/apis/postgres-operator.crunchydata.com/v1beta1/shared_types.go:304.17,306.3 1 1
github.com/crunchydata/postgres-operator/pkg/apis/postgres-operator.crunchydata.com/v1beta1/shared_types.go:307.2,307.25 1 9
github.com/crunchydata/postgres-operator/pkg/apis/postgres-operator.crunchydata.com/v1beta1/shared_types.go:371.65,375.9 3 3
github.com/crunchydata/postgres-operator/pkg/apis/postgres-operator.crunchydata.com/v1beta1/shared_types.go:376.29,380.4 1 2
github.com/crunchydata/postgres-operator/pkg/apis/postgres-operator.crunchydata.com/v1beta1/shared_types.go:381.23,382.34 1 1
github.com/crunchydata/postgres-operator/pkg/apis/postgres-operator.crunchydata.com/v1beta1/shared_types.go:385.2,385.12 1 3
github.com/crunchydata/postgres-operator/pkg/apis/postgres-operator.crunchydata.com/v1beta1/standalone_pgadmin_types.go:264.29,265.28 1 0
github.com/crunchydata/postgres-operator/pkg/apis/postgres-operator.crunchydata.com/v1beta1/standalone_pgadmin_types.go:265.28,267.3 1 0
github.com/crunchydata/postgres-operator/pkg/apis/postgres-operator.crunchydata.com/v1beta1/standalone_pgadmin_types.go:268.2,268.22 1 0
github.com/crunchydata/postgres-operator/pkg/apis/postgres-operator.crunchydata.com/v1beta1/standalone_pgadmin_types.go:268.22,270.3 1 0
github.com/crunchydata/postgres-operator/pkg/apis/postgres-operator.crunchydata.com/v1beta1/standalone_pgadmin_types.go:273.28,277.2 3 0
github.com/crunchydata/postgres-operator/pkg/apis/postgres-operator.crunchydata.com/v1beta1/standalone_pgadmin_types.go:288.13,290.2 1 1
github.com/crunchydata/postgres-operator/pkg/apis/postgres-operator.crunchydata.com/v1beta1/zz_generated.deepcopy.go:19.57,24.2 4 0
github.com/crunchydata/postgres-operator/pkg/apis/postgres-operator.crunchydata.com/v1beta1/zz_generated.deepcopy.go:27.50,28.15 1 0
github.com/crunchydata/postgres-operator/pkg/apis/postgres-operator.crunchydata.com/v1beta1/zz_generated.deepcopy.go:28.15,30.3 1 0
github.com/crunchydata/postgres-operator/pkg/apis/postgres-operator.crunchydata.com/v1beta1/zz_generated.deepcopy.go:31.2,33.12 3 0
github.com/crunchydata/postgres-operator/pkg/apis/postgres-operator.crunchydata.com/v1beta1/zz_generated.deepcopy.go:37.65,39.26 2 0
github.com/crunchydata/postgres-operator/pkg/apis/postgres-operator.crunchydata.com/v1beta1/zz_generated.deepcopy.go:39.26,43.3 3 0
github.com/crunchydata/postgres-operator/pkg/apis/postgres-operator.crunchydata.com/v1beta1/zz_generated.deepcopy.go:44.2,44.21 1 0
github.com/crunchydata/postgres-operator/pkg/apis/postgres-operator.crunchydata.com/v1beta1/zz_generated.deepcopy.go:44.21,48.3 3 0
github.com/crunchydata/postgres-operator/pkg/apis/postgres-operator.crunchydata.com/v1beta1/zz_generated.deepcopy.go:52.58,53.15 1 0
github.com/crunchydata/postgres-operator/pkg/apis/postgres-operator.crunchydata.com/v1beta1/zz_generated.deepcopy.go:53.15,55.3 1 0
github.com/crunchydata/postgres-operator/pkg/apis/postgres-operator.crunchydata.com/v1beta1/zz_generated.deepcopy.go:56.2,58.12 3 0
github.com/crunchydata/postgres-operator/pkg/apis/postgres-operator.crunchydata.com/v1beta1/zz_generated.deepcopy.go:62.50,63.15 1 0
github.com/crunchydata/postgres-operator/pkg/apis/postgres-operator.crunchydata.com/v1beta1/zz_generated.deepcopy.go:63.15,65.3 1 0
github.com/crunchydata/postgres-operator/pkg/apis/postgres-operator.crunchydata.com/v1beta1/zz_generated.deepcopy.go:66.2,68.12 3 0
github.com/crunchydata/postgres-operator/pkg/apis/postgres-operator.crunchydata.com/v1beta1/zz_generated.deepcopy.go:72.53,75.19 3 0
github.com/crunchydata/postgres-operator/pkg/apis/postgres-operator.crunchydata.com/v1beta1/zz_generated.deepcopy.go:75.19,79.3 3 0
github.com/crunchydata/postgres-operator/pkg/apis/postgres-operator.crunchydata.com/v1beta1/zz_generated.deepcopy.go:80.2,80.33 1 0
github.com/crunchydata/postgres-operator/pkg/apis/postgres-operator.crunchydata.com/v1beta1/zz_generated.deepcopy.go:80.33,84.3 3 0
github.com/crunchydata/postgres-operator/pkg/apis/postgres-operator.crunchydata.com/v1beta1/zz_generated.deepcopy.go:85.2,85.24 1 0
github.com/crunchydata/postgres-operator/pkg/apis/postgres-operator.crunchydata.com/v1beta1/zz_generated.deepcopy.go:85.24,89.3 3 0
github.com/crunchydata/postgres-operator/pkg/apis/postgres-operator.crunchydata.com/v1beta1/zz_generated.deepcopy.go:90.2,90.27 1 0
github.com/crunchydata/postgres-operator/pkg/apis/postgres-operator.crunchydata.com/v1beta1/zz_generated.deepcopy.go:90.27,93.22 3 0
github.com/crunchydata/postgres-operator/pkg/apis/postgres-operator.crunchydata.com/v1beta1/zz_generated.deepcopy.go:93.22,95.4 1 0
github.com/crunchydata/postgres-operator/pkg/apis/postgres-operator.crunchydata.com/v1beta1/zz_generated.deepcopy.go:97.2,97.39 1 0
github.com/crunchydata/postgres-operator/pkg/apis/postgres-operator.crunchydata.com/v1beta1/zz_generated.deepcopy.go:97.39,101.3 3 0
github.com/crunchydata/postgres-operator/pkg/apis/postgres-operator.crunchydata.com/v1beta1/zz_generated.deepcopy.go:102.2,102.23 1 0
github.com/crunchydata/postgres-operator/pkg/apis/postgres-operator.crunchydata.com/v1beta1/zz_generated.deepcopy.go:102.23,106.3 3 0
github.com/crunchydata/postgres-operator/pkg/apis/postgres-operator.crunchydata.com/v1beta1/zz_generated.deepcopy.go:110.46,111.15 1 0
github.com/crunchydata/postgres-operator/pkg/apis/postgres-operator.crunchydata.com/v1beta1/zz_generated.deepcopy.go:111.15,113.3 1 0
github.com/crunchydata/postgres-operator/pkg/apis/postgres-operator.crunchydata.com/v1beta1/zz_generated.deepcopy.go:114.2,116.12 3 0
github.com/crunchydata/postgres-operator/pkg/apis/postgres-operator.crunchydata.com/v1beta1/zz_generated.deepcopy.go:120.47,123.25 3 0
github.com/crunchydata/postgres-operator/pkg/apis/postgres-operator.crunchydata.com/v1beta1/zz_generated.deepcopy.go:123.25,127.3 3 0
github.com/crunchydata/postgres-operator/pkg/apis/postgres-operator.crunchydata.com/v1beta1/zz_generated.deepcopy.go:131.40,132.15 1 0
github.com/crunchydata/postgres-operator/pkg/apis/postgres-operator.crunchydata.com/v1beta1/zz_generated.deepcopy.go:132.15,134.3 1 0
github.com/crunchydata/postgres-operator/pkg/apis/postgres-operator.crunchydata.com/v1beta1/zz_generated.deepcopy.go:135.2,137.12 3 0
github.com/crunchydata/postgres-operator/pkg/apis/postgres-operator.crunchydata.com/v1beta1/zz_generated.deepcopy.go:141.61,143.26 2 0
github.com/crunchydata/postgres-operator/pkg/apis/postgres-operator.crunchydata.com/v1beta1/zz_generated.deepcopy.go:143.26,146.22 3 0
github.com/crunchydata/postgres-operator/pkg/apis/postgres-operator.crunchydata.com/v1beta1/zz_generated.deepcopy.go:146.22,147.23 1 0
github.com/crunchydata/postgres-operator/pkg/apis/postgres-operator.crunchydata.com/v1beta1/zz_generated.deepcopy.go:147.23,151.5 3 0
github.com/crunchydata/postgres-operator/pkg/apis/postgres-operator.crunchydata.com/v1beta1/zz_generated.deepcopy.go:157.54,158.15 1 0
github.com/crunchydata/postgres-operator/pkg/apis/postgres-operator.crunchydata.com/v1beta1/zz_generated.deepcopy.go:158.15,160.3 1 0
github.com/crunchydata/postgres-operator/pkg/apis/postgres-operator.crunchydata.com/v1beta1/zz_generated.deepcopy.go:161.2,163.12 3 0
github.com/crunchydata/postgres-operator/pkg/apis/postgres-operator.crunchydata.com/v1beta1/zz_generated.deepcopy.go:167.63,169.2 1 0
github.com/crunchydata/postgres-operator/pkg/apis/postgres-operator.crunchydata.com/v1beta1/zz_generated.deepcopy.go:172.56,173.15 1 0
github.com/crunchydata/postgres-operator/pkg/apis/postgres-operator.crunchydata.com/v1beta1/zz_generated.deepcopy.go:173.15,175.3 1 0
github.com/crunchydata/postgres-operator/pkg/apis/postgres-operator.crunchydata.com/v1beta1/zz_generated.deepcopy.go:176.2,178.12 3 0
github.com/crunchydata/postgres-operator/pkg/apis/postgres-operator.crunchydata.com/v1beta1/zz_generated.deepcopy.go:182.73,188.2 5 0
github.com/crunchydata/postgres-operator/pkg/apis/postgres-operator.crunchydata.com/v1beta1/zz_generated.deepcopy.go:191.66,192.15 1 0
github.com/crunchydata/postgres-operator/pkg/apis/postgres-operator.crunchydata.com/v1beta1/zz_generated.deepcopy.go:192.15,194.3 1 0
github.com/crunchydata/postgres-operator/pkg/apis/postgres-operator.crunchydata.com/v1beta1/zz_generated.deepcopy.go:195.2,197.12 3 0
github.com/crunchydata/postgres-operator/pkg/apis/postgres-operator.crunchydata.com/v1beta1/zz_generated.deepcopy.go:201.65,202.34 1 0
github.com/crunchydata/postgres-operator/pkg/apis/postgres-operator.crunchydata.com/v1beta1/zz_generated.deepcopy.go:202.34,204.3 1 0
github.com/crunchydata/postgres-operator/pkg/apis/postgres-operator.crunchydata.com/v1beta1/zz_generated.deepcopy.go:205.2,205.12 1 0
github.com/crunchydata/postgres-operator/pkg/apis/postgres-operator.crunchydata.com/v1beta1/zz_generated.deepcopy.go:209.81,213.21 4 0
github.com/crunchydata/postgres-operator/pkg/apis/postgres-operator.crunchydata.com/v1beta1/zz_generated.deepcopy.go:213.21,216.22 3 0
github.com/crunchydata/postgres-operator/pkg/apis/postgres-operator.crunchydata.com/v1beta1/zz_generated.deepcopy.go:216.22,218.4 1 0
github.com/crunchydata/postgres-operator/pkg/apis/postgres-operator.crunchydata.com/v1beta1/zz_generated.deepcopy.go:223.74,224.15 1 0
github.com/crunchydata/postgres-operator/pkg/apis/postgres-operator.crunchydata.com/v1beta1/zz_generated.deepcopy.go:224.15,226.3 1 0
github.com/crunchydata/postgres-operator/pkg/apis/postgres-operator.crunchydata.com/v1beta1/zz_generated.deepcopy.go:227.2,229.12 3 0
github.com/crunchydata/postgres-operator/pkg/apis/postgres-operator.crunchydata.com/v1beta1/zz_generated.deepcopy.go:233.69,234.34 1 0
github.com/crunchydata/postgres-operator/pkg/apis/postgres-operator.crunchydata.com/v1beta1/zz_generated.deepcopy.go:234.34,236.3 1 0
github.com/crunchydata/postgres-operator/pkg/apis/postgres-operator.crunchydata.com/v1beta1/zz_generated.deepcopy.go:237.2,237.12 1 0
github.com/crunchydata/postgres-operator/pkg/apis/postgres-operator.crunchydata.com/v1beta1/zz_generated.deepcopy.go:241.89,243.2 1 0
github.com/crunchydata/postgres-operator/pkg/apis/postgres-operator.crunchydata.com/v1beta1/zz_generated.deepcopy.go:246.82,247.15 1 0
github.com/crunchydata/postgres-operator/pkg/apis/postgres-operator.crunchydata.com/v1beta1/zz_generated.deepcopy.go:247.15,249.3 1 0
github.com/crunchydata/postgres-operator/pkg/apis/postgres-operator.crunchydata.com/v1beta1/zz_generated.deepcopy.go:250.2,252.12 3 0
github.com/crunchydata/postgres-operator/pkg/apis/postgres-operator.crunchydata.com/v1beta1/zz_generated.deepcopy.go:256.81,258.24 2 0
github.com/crunchydata/postgres-operator/pkg/apis/postgres-operator.crunchydata.com/v1beta1/zz_generated.deepcopy.go:258.24,262.3 3 0
github.com/crunchydata/postgres-operator/pkg/apis/postgres-operator.crunchydata.com/v1beta1/zz_generated.deepcopy.go:263.2,263.21 1 0
github.com/crunchydata/postgres-operator/pkg/apis/postgres-operator.crunchydata.com/v1beta1/zz_generated.deepcopy.go:263.21,266.22 3 0
github.com/crunchydata/postgres-operator/pkg/apis/postgres-operator.crunchydata.com/v1beta1/zz_generated.deepcopy.go:266.22,267.23 1 0
github.com/crunchydata/postgres-operator/pkg/apis/postgres-operator.crunchydata.com/v1beta1/zz_generated.deepcopy.go:267.23,271.5 3 0
github.com/crunchydata/postgres-operator/pkg/apis/postgres-operator.crunchydata.com/v1beta1/zz_generated.deepcopy.go:274.2,274.37 1 0
github.com/crunchydata/postgres-operator/pkg/apis/postgres-operator.crunchydata.com/v1beta1/zz_generated.deepcopy.go:278.74,279.15 1 0
github.com/crunchydata/postgres-operator/pkg/apis/postgres-operator.crunchydata.com/v1beta1/zz_generated.deepcopy.go:279.15,281.3 1 0
github.com/crunchydata/postgres-operator/pkg/apis/postgres-operator.crunchydata.com/v1beta1/zz_generated.deepcopy.go:282.2,284.12 3 0
github.com/crunchydata/postgres-operator/pkg/apis/postgres-operator.crunchydata.com/v1beta1/zz_generated.deepcopy.go:288.85,290.26 2 0
github.com/crunchydata/postgres-operator/pkg/apis/postgres-operator.crunchydata.com/v1beta1/zz_generated.deepcopy.go:290.26,293.22 3 0
github.com/crunchydata/postgres-operator/pkg/apis/postgres-operator.crunchydata.com/v1beta1/zz_generated.deepcopy.go:293.22,295.4 1 0
github.com/crunchydata/postgres-operator/pkg/apis/postgres-operator.crunchydata.com/v1beta1/zz_generated.deepcopy.go:297.2,297.20 1 0
github.com/crunchydata/postgres-operator/pkg/apis/postgres-operator.crunchydata.com/v1beta1/zz_generated.deepcopy.go:297.20,301.3 3 0
github.com/crunchydata/postgres-operator/pkg/apis/postgres-operator.crunchydata.com/v1beta1/zz_generated.deepcopy.go:302.2,302.27 1 0
github.com/crunchydata/postgres-operator/pkg/apis/postgres-operator.crunchydata.com/v1beta1/zz_generated.deepcopy.go:302.27,306.3 3 0
github.com/crunchydata/postgres-operator/pkg/apis/postgres-operator.crunchydata.com/v1beta1/zz_generated.deepcopy.go:307.2,307.30 1 0
github.com/crunchydata/postgres-operator/pkg/apis/postgres-operator.crunchydata.com/v1beta1/zz_generated.deepcopy.go:307.30,310.22 3 0
github.com/crunchydata/postgres-operator/pkg/apis/postgres-operator.crunchydata.com/v1beta1/zz_generated.deepcopy.go:310.22,311.23 1 0
github.com/crunchydata/postgres-operator/pkg/apis/postgres-operator.crunchydata.com/v1beta1/zz_generated.deepcopy.go:311.23,315.5 3 0
github.com/crunchydata/postgres-operator/pkg/apis/postgres-operator.crunchydata.com/v1beta1/zz_generated.deepcopy.go:318.2,319.23 2 0
github.com/crunchydata/postgres-operator/pkg/apis/postgres-operator.crunchydata.com/v1beta1/zz_generated.deepcopy.go:319.23,323.3 3 0
github.com/crunchydata/postgres-operator/pkg/apis/postgres-operator.crunchydata.com/v1beta1/zz_generated.deepcopy.go:327.78,328.15 1 0
github.com/crunchydata/postgres-operator/pkg/apis/postgres-operator.crunchydata.com/v1beta1/zz_generated.deepcopy.go:328.15,330.3 1 0
github.com/crunchydata/postgres-operator/pkg/apis/postgres-operator.crunchydata.com/v1beta1/zz_generated.deepcopy.go:331.2,333.12 3 0
github.com/crunchydata/postgres-operator/pkg/apis/postgres-operator.crunchydata.com/v1beta1/zz_generated.deepcopy.go:337.53,339.26 2 0
github.com/crunchydata/postgres-operator/pkg/apis/postgres-operator.crunchydata.com/v1beta1/zz_generated.deepcopy.go:339.26,343.3 3 0
github.com/crunchydata/postgres-operator/pkg/apis/postgres-operator.crunchydata.com/v1beta1/zz_generated.deepcopy.go:344.2,344.31 1 0
github.com/crunchydata/postgres-operator/pkg/apis/postgres-operator.crunchydata.com/v1beta1/zz_generated.deepcopy.go:344.31,348.3 3 0
github.com/crunchydata/postgres-operator/pkg/apis/postgres-operator.crunchydata.com/v1beta1/zz_generated.deepcopy.go:349.2,349.23 1 0
github.com/crunchydata/postgres-operator/pkg/apis/postgres-operator.crunchydata.com/v1beta1/zz_generated.deepcopy.go:349.23,353.3 3 0
github.com/crunchydata/postgres-operator/pkg/apis/postgres-operator.crunchydata.com/v1beta1/zz_generated.deepcopy.go:357.46,358.15 1 0
github.com/crunchydata/postgres-operator/pkg/apis/postgres-operator.crunchydata.com/v1beta1/zz_generated.deepcopy.go:358.15,360.3 1 0
github.com/crunchydata/postgres-operator/pkg/apis/postgres-operator.crunchydata.com/v1beta1/zz_generated.deepcopy.go:361.2,363.12 3 0
github.com/crunchydata/postgres-operator/pkg/apis/postgres-operator.crunchydata.com/v1beta1/zz_generated.deepcopy.go:367.65,369.2 1 0
github.com/crunchydata/postgres-operator/pkg/apis/postgres-operator.crunchydata.com/v1beta1/zz_generated.deepcopy.go:372.58,373.15 1 0
github.com/crunchydata/postgres-operator/pkg/apis/postgres-operator.crunchydata.com/v1beta1/zz_generated.deepcopy.go:373.15,375.3 1 0
github.com/crunchydata/postgres-operator/pkg/apis/postgres-operator.crunchydata.com/v1beta1/zz_generated.deepcopy.go:376.2,378.12 3 0
github.com/crunchydata/postgres-operator/pkg/apis/postgres-operator.crunchydata.com/v1beta1/zz_generated.deepcopy.go:382.67,384.28 2 0
github.com/crunchydata/postgres-operator/pkg/apis/postgres-operator.crunchydata.com/v1beta1/zz_generated.deepcopy.go:384.28,388.3 3 0
github.com/crunchydata/postgres-operator/pkg/apis/postgres-operator.crunchydata.com/v1beta1/zz_generated.deepcopy.go:389.2,389.27 1 0
github.com/crunchydata/postgres-operator/pkg/apis/postgres-operator.crunchydata.com/v1beta1/zz_generated.deepcopy.go:389.27,393.3 3 0
github.com/crunchydata/postgres-operator/pkg/apis/postgres-operator.crunchydata.com/v1beta1/zz_generated.deepcopy.go:394.2,394.32 1 0
github.com/crunchydata/postgres-operator/pkg/apis/postgres-operator.crunchydata.com/v1beta1/zz_generated.deepcopy.go:394.32,398.3 3 0
github.com/crunchydata/postgres-operator/pkg/apis/postgres-operator.crunchydata.com/v1beta1/zz_generated.deepcopy.go:402.60,403.15 1 0
github.com/crunchydata/postgres-operator/pkg/apis/postgres-operator.crunchydata.com/v1beta1/zz_generated.deepcopy.go:403.15,405.3 1 0
github.com/crunchydata/postgres-operator/pkg/apis/postgres-operator.crunchydata.com/v1beta1/zz_generated.deepcopy.go:406.2,408.12 3 0
github.com/crunchydata/postgres-operator/pkg/apis/postgres-operator.crunchydata.com/v1beta1/zz_generated.deepcopy.go:412.63,414.2 1 0
github.com/crunchydata/postgres-operator/pkg/apis/postgres-operator.crunchydata.com/v1beta1/zz_generated.deepcopy.go:417.56,418.15 1 0
github.com/crunchydata/postgres-operator/pkg/apis/postgres-operator.crunchydata.com/v1beta1/zz_generated.deepcopy.go:418.15,420.3 1 0
github.com/crunchydata/postgres-operator/pkg/apis/postgres-operator.crunchydata.com/v1beta1/zz_generated.deepcopy.go:421.2,423.12 3 0
github.com/crunchydata/postgres-operator/pkg/apis/postgres-operator.crunchydata.com/v1beta1/zz_generated.deepcopy.go:427.49,430.2 2 0
github.com/crunchydata/postgres-operator/pkg/apis/postgres-operator.crunchydata.com/v1beta1/zz_generated.deepcopy.go:433.42,434.15 1 0
github.com/crunchydata/postgres-operator/pkg/apis/postgres-operator.crunchydata.com/v1beta1/zz_generated.deepcopy.go:434.15,436.3 1 0
github.com/crunchydata/postgres-operator/pkg/apis/postgres-operator.crunchydata.com/v1beta1/zz_generated.deepcopy.go:437.2,439.12 3 0
github.com/crunchydata/postgres-operator/pkg/apis/postgres-operator.crunchydata.com/v1beta1/zz_generated.deepcopy.go:443.57,445.29 2 0
github.com/crunchydata/postgres-operator/pkg/apis/postgres-operator.crunchydata.com/v1beta1/zz_generated.deepcopy.go:445.29,448.22 3 0
github.com/crunchydata/postgres-operator/pkg/apis/postgres-operator.crunchydata.com/v1beta1/zz_generated.deepcopy.go:448.22,450.4 1 0
github.com/crunchydata/postgres-operator/pkg/apis/postgres-operator.crunchydata.com/v1beta1/zz_generated.deepcopy.go:452.2,452.31 1 0
github.com/crunchydata/postgres-operator/pkg/apis/postgres-operator.crunchydata.com/v1beta1/zz_generated.deepcopy.go:452.31,456.3 3 0
github.com/crunchydata/postgres-operator/pkg/apis/postgres-operator.crunchydata.com/v1beta1/zz_generated.deepcopy.go:457.2,457.43 1 0
github.com/crunchydata/postgres-operator/pkg/apis/postgres-operator.crunchydata.com/v1beta1/zz_generated.deepcopy.go:461.50,462.15 1 0
github.com/crunchydata/postgres-operator/pkg/apis/postgres-operator.crunchydata.com/v1beta1/zz_generated.deepcopy.go:462.15,464.3 1 0
github.com/crunchydata/postgres-operator/pkg/apis/postgres-operator.crunchydata.com/v1beta1/zz_generated.deepcopy.go:465.2,467.12 3 0
github.com/crunchydata/postgres-operator/pkg/apis/postgres-operator.crunchydata.com/v1beta1/zz_generated.deepcopy.go:471.65,473.31 2 0
github.com/crunchydata/postgres-operator/pkg/apis/postgres-operator.crunchydata.com/v1beta1/zz_generated.deepcopy.go:473.31,477.3 3 0
github.com/crunchydata/postgres-operator/pkg/apis/postgres-operator.crunchydata.com/v1beta1/zz_generated.deepcopy.go:481.58,482.15 1 0
github.com/crunchydata/postgres-operator/pkg/apis/postgres-operator.crunchydata.com/v1beta1/zz_generated.deepcopy.go:482.15,484.3 1 0
github.com/crunchydata/postgres-operator/pkg/apis/postgres-operator.crunchydata.com/v1beta1/zz_generated.deepcopy.go:485.2,487.12 3 0
github.com/crunchydata/postgres-operator/pkg/apis/postgres-operator.crunchydata.com/v1beta1/zz_generated.deepcopy.go:491.83,493.25 2 0
github.com/crunchydata/postgres-operator/pkg/apis/postgres-operator.crunchydata.com/v1beta1/zz_generated.deepcopy.go:493.25,496.22 3 0
github.com/crunchydata/postgres-operator/pkg/apis/postgres-operator.crunchydata.com/v1beta1/zz_generated.deepcopy.go:496.22,498.4 1 0
github.com/crunchydata/postgres-operator/pkg/apis/postgres-operator.crunchydata.com/v1beta1/zz_generated.deepcopy.go:500.2,501.21 2 0
github.com/crunchydata/postgres-operator/pkg/apis/postgres-operator.crunchydata.com/v1beta1/zz_generated.deepcopy.go:501.21,504.22 3 0
github.com/crunchydata/postgres-operator/pkg/apis/postgres-operator.crunchydata.com/v1beta1/zz_generated.deepcopy.go:504.22,506.4 1 0
github.com/crunchydata/postgres-operator/pkg/apis/postgres-operator.crunchydata.com/v1beta1/zz_generated.deepcopy.go:508.2,508.36 1 0
github.com/crunchydata/postgres-operator/pkg/apis/postgres-operator.crunchydata.com/v1beta1/zz_generated.deepcopy.go:508.36,511.22 3 0
github.com/crunchydata/postgres-operator/pkg/apis/postgres-operator.crunchydata.com/v1beta1/zz_generated.deepcopy.go:511.22,513.4 1 0
github.com/crunchydata/postgres-operator/pkg/apis/postgres-operator.crunchydata.com/v1beta1/zz_generated.deepcopy.go:518.76,519.15 1 0
github.com/crunchydata/postgres-operator/pkg/apis/postgres-operator.crunchydata.com/v1beta1/zz_generated.deepcopy.go:519.15,521.3 1 0
github.com/crunchydata/postgres-operator/pkg/apis/postgres-operator.crunchydata.com/v1beta1/zz_generated.deepcopy.go:522.2,524.12 3 0
github.com/crunchydata/postgres-operator/pkg/apis/postgres-operator.crunchydata.com/v1beta1/zz_generated.deepcopy.go:528.89,531.34 3 0
github.com/crunchydata/postgres-operator/pkg/apis/postgres-operator.crunchydata.com/v1beta1/zz_generated.deepcopy.go:531.34,535.3 3 0
github.com/crunchydata/postgres-operator/pkg/apis/postgres-operator.crunchydata.com/v1beta1/zz_generated.deepcopy.go:536.2,536.25 1 0
github.com/crunchydata/postgres-operator/pkg/apis/postgres-operator.crunchydata.com/v1beta1/zz_generated.deepcopy.go:536.25,540.3 3 0
github.com/crunchydata/postgres-operator/pkg/apis/postgres-operator.crunchydata.com/v1beta1/zz_generated.deepcopy.go:544.82,545.15 1 0
github.com/crunchydata/postgres-operator/pkg/apis/postgres-operator.crunchydata.com/v1beta1/zz_generated.deepcopy.go:545.15,547.3 1 0
github.com/crunchydata/postgres-operator/pkg/apis/postgres-operator.crunchydata.com/v1beta1/zz_generated.deepcopy.go:548.2,550.12 3 0
github.com/crunchydata/postgres-operator/pkg/apis/postgres-operator.crunchydata.com/v1beta1/zz_generated.deepcopy.go:554.97,556.19 2 0
github.com/crunchydata/postgres-operator/pkg/apis/postgres-operator.crunchydata.com/v1beta1/zz_generated.deepcopy.go:556.19,559.22 3 0
github.com/crunchydata/postgres-operator/pkg/apis/postgres-operator.crunchydata.com/v1beta1/zz_generated.deepcopy.go:559.22,561.4 1 0
github.com/crunchydata/postgres-operator/pkg/apis/postgres-operator.crunchydata.com/v1beta1/zz_generated.deepcopy.go:563.2,563.22 1 0
github.com/crunchydata/postgres-operator/pkg/apis/postgres-operator.crunchydata.com/v1beta1/zz_generated.deepcopy.go:563.22,567.3 3 0
github.com/crunchydata/postgres-operator/pkg/apis/postgres-operator.crunchydata.com/v1beta1/zz_generated.deepcopy.go:571.90,572.15 1 0
github.com/crunchydata/postgres-operator/pkg/apis/postgres-operator.crunchydata.com/v1beta1/zz_generated.deepcopy.go:572.15,574.3 1 0
github.com/crunchydata/postgres-operator/pkg/apis/postgres-operator.crunchydata.com/v1beta1/zz_generated.deepcopy.go:575.2,577.12 3 0
github.com/crunchydata/postgres-operator/pkg/apis/postgres-operator.crunchydata.com/v1beta1/zz_generated.deepcopy.go:581.79,583.23 2 0
github.com/crunchydata/postgres-operator/pkg/apis/postgres-operator.crunchydata.com/v1beta1/zz_generated.deepcopy.go:583.23,587.3 3 0
github.com/crunchydata/postgres-operator/pkg/apis/postgres-operator.crunchydata.com/v1beta1/zz_generated.deepcopy.go:588.2,588.25 1 0
github.com/crunchydata/postgres-operator/pkg/apis/postgres-operator.crunchydata.com/v1beta1/zz_generated.deepcopy.go:588.25,592.3 3 0
github.com/crunchydata/postgres-operator/pkg/apis/postgres-operator.crunchydata.com/v1beta1/zz_generated.deepcopy.go:593.2,593.31 1 0
github.com/crunchydata/postgres-operator/pkg/apis/postgres-operator.crunchydata.com/v1beta1/zz_generated.deepcopy.go:593.31,597.3 3 0
github.com/crunchydata/postgres-operator/pkg/apis/postgres-operator.crunchydata.com/v1beta1/zz_generated.deepcopy.go:601.72,602.15 1 0
github.com/crunchydata/postgres-operator/pkg/apis/postgres-operator.crunchydata.com/v1beta1/zz_generated.deepcopy.go:602.15,604.3 1 0
github.com/crunchydata/postgres-operator/pkg/apis/postgres-operator.crunchydata.com/v1beta1/zz_generated.deepcopy.go:605.2,607.12 3 0
github.com/crunchydata/postgres-operator/pkg/apis/postgres-operator.crunchydata.com/v1beta1/zz_generated.deepcopy.go:611.85,613.29 2 0
github.com/crunchydata/postgres-operator/pkg/apis/postgres-operator.crunchydata.com/v1beta1/zz_generated.deepcopy.go:613.29,617.3 3 0
github.com/crunchydata/postgres-operator/pkg/apis/postgres-operator.crunchydata.com/v1beta1/zz_generated.deepcopy.go:618.2,618.25 1 0
github.com/crunchydata/postgres-operator/pkg/apis/postgres-operator.crunchydata.com/v1beta1/zz_generated.deepcopy.go:618.25,622.3 3 0
github.com/crunchydata/postgres-operator/pkg/apis/postgres-operator.crunchydata.com/v1beta1/zz_generated.deepcopy.go:623.2,623.34 1 0
github.com/crunchydata/postgres-operator/pkg/apis/postgres-operator.crunchydata.com/v1beta1/zz_generated.deepcopy.go:623.34,627.3 3 0
github.com/crunchydata/postgres-operator/pkg/apis/postgres-operator.crunchydata.com/v1beta1/zz_generated.deepcopy.go:631.78,632.15 1 0
github.com/crunchydata/postgres-operator/pkg/apis/postgres-operator.crunchydata.com/v1beta1/zz_generated.deepcopy.go:632.15,634.3 1 0
github.com/crunchydata/postgres-operator/pkg/apis/postgres-operator.crunchydata.com/v1beta1/zz_generated.deepcopy.go:635.2,637.12 3 0
github.com/crunchydata/postgres-operator/pkg/apis/postgres-operator.crunchydata.com/v1beta1/zz_generated.deepcopy.go:641.71,644.22 3 0
github.com/crunchydata/postgres-operator/pkg/apis/postgres-operator.crunchydata.com/v1beta1/zz_generated.deepcopy.go:644.22,648.3 3 0
github.com/crunchydata/postgres-operator/pkg/apis/postgres-operator.crunchydata.com/v1beta1/zz_generated.deepcopy.go:649.2,649.20 1 0
github.com/crunchydata/postgres-operator/pkg/apis/postgres-operator.crunchydata.com/v1beta1/zz_generated.deepcopy.go:649.20,653.3 3 0
github.com/crunchydata/postgres-operator/pkg/apis/postgres-operator.crunchydata.com/v1beta1/zz_generated.deepcopy.go:654.2,654.23 1 0
github.com/crunchydata/postgres-operator/pkg/apis/postgres-operator.crunchydata.com/v1beta1/zz_generated.deepcopy.go:654.23,658.3 3 0
github.com/crunchydata/postgres-operator/pkg/apis/postgres-operator.crunchydata.com/v1beta1/zz_generated.deepcopy.go:662.64,663.15 1 0
github.com/crunchydata/postgres-operator/pkg/apis/postgres-operator.crunchydata.com/v1beta1/zz_generated.deepcopy.go:663.15,665.3 1 0
github.com/crunchydata/postgres-operator/pkg/apis/postgres-operator.crunchydata.com/v1beta1/zz_generated.deepcopy.go:666.2,668.12 3 0
github.com/crunchydata/postgres-operator/pkg/apis/postgres-operator.crunchydata.com/v1beta1/zz_generated.deepcopy.go:672.73,674.2 1 0
github.com/crunchydata/postgres-operator/pkg/apis/postgres-operator.crunchydata.com/v1beta1/zz_generated.deepcopy.go:677.66,678.15 1 0
github.com/crunchydata/postgres-operator/pkg/apis/postgres-operator.crunchydata.com/v1beta1/zz_generated.deepcopy.go:678.15,680.3 1 0
github.com/crunchydata/postgres-operator/pkg/apis/postgres-operator.crunchydata.com/v1beta1/zz_generated.deepcopy.go:681.2,683.12 3 0
github.com/crunchydata/postgres-operator/pkg/apis/postgres-operator.crunchydata.com/v1beta1/zz_generated.deepcopy.go:687.49,689.22 2 0
github.com/crunchydata/postgres-operator/pkg/apis/postgres-operator.crunchydata.com/v1beta1/zz_generated.deepcopy.go:689.22,692.29 3 0
github.com/crunchydata/postgres-operator/pkg/apis/postgres-operator.crunchydata.com/v1beta1/zz_generated.deepcopy.go:692.29,694.4 1 0
github.com/crunchydata/postgres-operator/pkg/apis/postgres-operator.crunchydata.com/v1beta1/zz_generated.deepcopy.go:696.2,696.27 1 0
github.com/crunchydata/postgres-operator/pkg/apis/postgres-operator.crunchydata.com/v1beta1/zz_generated.deepcopy.go:696.27,699.29 3 0
github.com/crunchydata/postgres-operator/pkg/apis/postgres-operator.crunchydata.com/v1beta1/zz_generated.deepcopy.go:699.29,701.4 1 0
github.com/crunchydata/postgres-operator/pkg/apis/postgres-operator.crunchydata.com/v1beta1/zz_generated.deepcopy.go:706.42,707.15 1 0
github.com/crunchydata/postgres-operator/pkg/apis/postgres-operator.crunchydata.com/v1beta1/zz_generated.deepcopy.go:707.15,709.3 1 0
github.com/crunchydata/postgres-operator/pkg/apis/postgres-operator.crunchydata.com/v1beta1/zz_generated.deepcopy.go:710.2,712.12 3 0
github.com/crunchydata/postgres-operator/pkg/apis/postgres-operator.crunchydata.com/v1beta1/zz_generated.deepcopy.go:716.61,718.25 2 0
github.com/crunchydata/postgres-operator/pkg/apis/postgres-operator.crunchydata.com/v1beta1/zz_generated.deepcopy.go:718.25,722.3 3 0
github.com/crunchydata/postgres-operator/pkg/apis/postgres-operator.crunchydata.com/v1beta1/zz_generated.deepcopy.go:726.54,727.15 1 0
github.com/crunchydata/postgres-operator/pkg/apis/postgres-operator.crunchydata.com/v1beta1/zz_generated.deepcopy.go:727.15,729.3 1 0
github.com/crunchydata/postgres-operator/pkg/apis/postgres-operator.crunchydata.com/v1beta1/zz_generated.deepcopy.go:730.2,732.12 3 0
github.com/crunchydata/postgres-operator/pkg/apis/postgres-operator.crunchydata.com/v1beta1/zz_generated.deepcopy.go:736.65,738.2 1 0
github.com/crunchydata/postgres-operator/pkg/apis/postgres-operator.crunchydata.com/v1beta1/zz_generated.deepcopy.go:741.58,742.15 1 0
github.com/crunchydata/postgres-operator/pkg/apis/postgres-operator.crunchydata.com/v1beta1/zz_generated.deepcopy.go:742.15,744.3 1 0
github.com/crunchydata/postgres-operator/pkg/apis/postgres-operator.crunchydata.com/v1beta1/zz_generated.deepcopy.go:745.2,747.12 3 0
github.com/crunchydata/postgres-operator/pkg/apis/postgres-operator.crunchydata.com/v1beta1/zz_generated.deepcopy.go:751.85,753.24 2 0
github.com/crunchydata/postgres-operator/pkg/apis/postgres-operator.crunchydata.com/v1beta1/zz_generated.deepcopy.go:753.24,757.3 3 0
github.com/crunchydata/postgres-operator/pkg/apis/postgres-operator.crunchydata.com/v1beta1/zz_generated.deepcopy.go:758.2,758.26 1 0
github.com/crunchydata/postgres-operator/pkg/apis/postgres-operator.crunchydata.com/v1beta1/zz_generated.deepcopy.go:758.26,762.3 3 0
github.com/crunchydata/postgres-operator/pkg/apis/postgres-operator.crunchydata.com/v1beta1/zz_generated.deepcopy.go:763.2,763.26 1 0
github.com/crunchydata/postgres-operator/pkg/apis/postgres-operator.crunchydata.com/v1beta1/zz_generated.deepcopy.go:763.26,767.3 3 0
github.com/crunchydata/postgres-operator/pkg/apis/postgres-operator.crunchydata.com/v1beta1/zz_generated.deepcopy.go:771.78,772.15 1 0
github.com/crunchydata/postgres-operator/pkg/apis/postgres-operator.crunchydata.com/v1beta1/zz_generated.deepcopy.go:772.15,774.3 1 0
github.com/crunchydata/postgres-operator/pkg/apis/postgres-operator.crunchydata.com/v1beta1/zz_generated.deepcopy.go:775.2,777.12 3 0
github.com/crunchydata/postgres-operator/pkg/apis/postgres-operator.crunchydata.com/v1beta1/zz_generated.deepcopy.go:781.91,783.26 2 0
github.com/crunchydata/postgres-operator/pkg/apis/postgres-operator.crunchydata.com/v1beta1/zz_generated.deepcopy.go:783.26,786.29 3 0
github.com/crunchydata/postgres-operator/pkg/apis/postgres-operator.crunchydata.com/v1beta1/zz_generated.deepcopy.go:786.29,788.4 1 0
github.com/crunchydata/postgres-operator/pkg/apis/postgres-operator.crunchydata.com/v1beta1/zz_generated.deepcopy.go:793.84,794.15 1 0
github.com/crunchydata/postgres-operator/pkg/apis/postgres-operator.crunchydata.com/v1beta1/zz_generated.deepcopy.go:794.15,796.3 1 0
github.com/crunchydata/postgres-operator/pkg/apis/postgres-operator.crunchydata.com/v1beta1/zz_generated.deepcopy.go:797.2,799.12 3 0
github.com/crunchydata/postgres-operator/pkg/apis/postgres-operator.crunchydata.com/v1beta1/zz_generated.deepcopy.go:803.79,806.24 3 0
github.com/crunchydata/postgres-operator/pkg/apis/postgres-operator.crunchydata.com/v1beta1/zz_generated.deepcopy.go:806.24,810.3 3 0
github.com/crunchydata/postgres-operator/pkg/apis/postgres-operator.crunchydata.com/v1beta1/zz_generated.deepcopy.go:814.72,815.15 1 0
github.com/crunchydata/postgres-operator/pkg/apis/postgres-operator.crunchydata.com/v1beta1/zz_generated.deepcopy.go:815.15,817.3 1 0
github.com/crunchydata/postgres-operator/pkg/apis/postgres-operator.crunchydata.com/v1beta1/zz_generated.deepcopy.go:818.2,820.12 3 0
github.com/crunchydata/postgres-operator/pkg/apis/postgres-operator.crunchydata.com/v1beta1/zz_generated.deepcopy.go:824.73,827.24 3 0
github.com/crunchydata/postgres-operator/pkg/apis/postgres-operator.crunchydata.com/v1beta1/zz_generated.deepcopy.go:827.24,831.3 3 0
github.com/crunchydata/postgres-operator/pkg/apis/postgres-operator.crunchydata.com/v1beta1/zz_generated.deepcopy.go:835.66,836.15 1 0
github.com/crunchydata/postgres-operator/pkg/apis/postgres-operator.crunchydata.com/v1beta1/zz_generated.deepcopy.go:836.15,838.3 1 0
github.com/crunchydata/postgres-operator/pkg/apis/postgres-operator.crunchydata.com/v1beta1/zz_generated.deepcopy.go:839.2,841.12 3 0
github.com/crunchydata/postgres-operator/pkg/apis/postgres-operator.crunchydata.com/v1beta1/zz_generated.deepcopy.go:845.47,851.2 5 0
github.com/crunchydata/postgres-operator/pkg/apis/postgres-operator.crunchydata.com/v1beta1/zz_generated.deepcopy.go:854.40,855.15 1 0
github.com/crunchydata/postgres-operator/pkg/apis/postgres-operator.crunchydata.com/v1beta1/zz_generated.deepcopy.go:855.15,857.3 1 0
github.com/crunchydata/postgres-operator/pkg/apis/postgres-operator.crunchydata.com/v1beta1/zz_generated.deepcopy.go:858.2,860.12 3 0
github.com/crunchydata/postgres-operator/pkg/apis/postgres-operator.crunchydata.com/v1beta1/zz_generated.deepcopy.go:864.52,865.34 1 0
github.com/crunchydata/postgres-operator/pkg/apis/postgres-operator.crunchydata.com/v1beta1/zz_generated.deepcopy.go:865.34,867.3 1 0
github.com/crunchydata/postgres-operator/pkg/apis/postgres-operator.crunchydata.com/v1beta1/zz_generated.deepcopy.go:868.2,868.12 1 0
github.com/crunchydata/postgres-operator/pkg/apis/postgres-operator.crunchydata.com/v1beta1/zz_generated.deepcopy.go:872.73,874.21 2 0
github.com/crunchydata/postgres-operator/pkg/apis/postgres-operator.crunchydata.com/v1beta1/zz_generated.deepcopy.go:874.21,877.22 3 0
github.com/crunchydata/postgres-operator/pkg/apis/postgres-operator.crunchydata.com/v1beta1/zz_generated.deepcopy.go:877.22,879.4 1 0
github.com/crunchydata/postgres-operator/pkg/apis/postgres-operator.crunchydata.com/v1beta1/zz_generated.deepcopy.go:881.2,881.32 1 0
github.com/crunchydata/postgres-operator/pkg/apis/postgres-operator.crunchydata.com/v1beta1/zz_generated.deepcopy.go:881.32,885.3 3 0
github.com/crunchydata/postgres-operator/pkg/apis/postgres-operator.crunchydata.com/v1beta1/zz_generated.deepcopy.go:886.2,886.39 1 0
github.com/crunchydata/postgres-operator/pkg/apis/postgres-operator.crunchydata.com/v1beta1/zz_generated.deepcopy.go:890.66,891.15 1 0
github.com/crunchydata/postgres-operator/pkg/apis/postgres-operator.crunchydata.com/v1beta1/zz_generated.deepcopy.go:891.15,893.3 1 0
github.com/crunchydata/postgres-operator/pkg/apis/postgres-operator.crunchydata.com/v1beta1/zz_generated.deepcopy.go:894.2,896.12 3 0
github.com/crunchydata/postgres-operator/pkg/apis/postgres-operator.crunchydata.com/v1beta1/zz_generated.deepcopy.go:900.55,904.21 4 0
github.com/crunchydata/postgres-operator/pkg/apis/postgres-operator.crunchydata.com/v1beta1/zz_generated.deepcopy.go:904.21,907.22 3 0
github.com/crunchydata/postgres-operator/pkg/apis/postgres-operator.crunchydata.com/v1beta1/zz_generated.deepcopy.go:907.22,909.4 1 0
github.com/crunchydata/postgres-operator/pkg/apis/postgres-operator.crunchydata.com/v1beta1/zz_generated.deepcopy.go:914.48,915.15 1 0
github.com/crunchydata/postgres-operator/pkg/apis/postgres-operator.crunchydata.com/v1beta1/zz_generated.deepcopy.go:915.15,917.3 1 0
github.com/crunchydata/postgres-operator/pkg/apis/postgres-operator.crunchydata.com/v1beta1/zz_generated.deepcopy.go:918.2,920.12 3 0
github.com/crunchydata/postgres-operator/pkg/apis/postgres-operator.crunchydata.com/v1beta1/zz_generated.deepcopy.go:924.56,925.34 1 0
github.com/crunchydata/postgres-operator/pkg/apis/postgres-operator.crunchydata.com/v1beta1/zz_generated.deepcopy.go:925.34,927.3 1 0
github.com/crunchydata/postgres-operator/pkg/apis/postgres-operator.crunchydata.com/v1beta1/zz_generated.deepcopy.go:928.2,928.12 1 0
github.com/crunchydata/postgres-operator/pkg/apis/postgres-operator.crunchydata.com/v1beta1/zz_generated.deepcopy.go:932.69,935.2 2 0
github.com/crunchydata/postgres-operator/pkg/apis/postgres-operator.crunchydata.com/v1beta1/zz_generated.deepcopy.go:938.62,939.15 1 0
github.com/crunchydata/postgres-operator/pkg/apis/postgres-operator.crunchydata.com/v1beta1/zz_generated.deepcopy.go:939.15,941.3 1 0
github.com/crunchydata/postgres-operator/pkg/apis/postgres-operator.crunchydata.com/v1beta1/zz_generated.deepcopy.go:942.2,944.12 3 0
github.com/crunchydata/postgres-operator/pkg/apis/postgres-operator.crunchydata.com/v1beta1/zz_generated.deepcopy.go:948.61,950.24 2 0
github.com/crunchydata/postgres-operator/pkg/apis/postgres-operator.crunchydata.com/v1beta1/zz_generated.deepcopy.go:950.24,954.3 3 0
github.com/crunchydata/postgres-operator/pkg/apis/postgres-operator.crunchydata.com/v1beta1/zz_generated.deepcopy.go:955.2,955.24 1 0
github.com/crunchydata/postgres-operator/pkg/apis/postgres-operator.crunchydata.com/v1beta1/zz_generated.deepcopy.go:955.24,959.3 3 0
github.com/crunchydata/postgres-operator/pkg/apis/postgres-operator.crunchydata.com/v1beta1/zz_generated.deepcopy.go:960.2,962.33 3 0
github.com/crunchydata/postgres-operator/pkg/apis/postgres-operator.crunchydata.com/v1beta1/zz_generated.deepcopy.go:962.33,966.3 3 0
github.com/crunchydata/postgres-operator/pkg/apis/postgres-operator.crunchydata.com/v1beta1/zz_generated.deepcopy.go:967.2,967.24 1 0
github.com/crunchydata/postgres-operator/pkg/apis/postgres-operator.crunchydata.com/v1beta1/zz_generated.deepcopy.go:967.24,971.3 3 0
github.com/crunchydata/postgres-operator/pkg/apis/postgres-operator.crunchydata.com/v1beta1/zz_generated.deepcopy.go:972.2,973.23 2 0
github.com/crunchydata/postgres-operator/pkg/apis/postgres-operator.crunchydata.com/v1beta1/zz_generated.deepcopy.go:973.23,977.3 3 0
github.com/crunchydata/postgres-operator/pkg/apis/postgres-operator.crunchydata.com/v1beta1/zz_generated.deepcopy.go:978.2,978.27 1 0
github.com/crunchydata/postgres-operator/pkg/apis/postgres-operator.crunchydata.com/v1beta1/zz_generated.deepcopy.go:978.27,981.22 3 0
github.com/crunchydata/postgres-operator/pkg/apis/postgres-operator.crunchydata.com/v1beta1/zz_generated.deepcopy.go:981.22,983.4 1 0
github.com/crunchydata/postgres-operator/pkg/apis/postgres-operator.crunchydata.com/v1beta1/zz_generated.deepcopy.go:985.2,985.41 1 0
github.com/crunchydata/postgres-operator/pkg/apis/postgres-operator.crunchydata.com/v1beta1/zz_generated.deepcopy.go:985.41,988.22 3 0
github.com/crunchydata/postgres-operator/pkg/apis/postgres-operator.crunchydata.com/v1beta1/zz_generated.deepcopy.go:988.22,990.4 1 0
github.com/crunchydata/postgres-operator/pkg/apis/postgres-operator.crunchydata.com/v1beta1/zz_generated.deepcopy.go:995.54,996.15 1 0
github.com/crunchydata/postgres-operator/pkg/apis/postgres-operator.crunchydata.com/v1beta1/zz_generated.deepcopy.go:996.15,998.3 1 0
github.com/crunchydata/postgres-operator/pkg/apis/postgres-operator.crunchydata.com/v1beta1/zz_generated.deepcopy.go:999.2,1001.12 3 0
github.com/crunchydata/postgres-operator/pkg/apis/postgres-operator.crunchydata.com/v1beta1/zz_generated.deepcopy.go:1005.65,1007.2 1 0
github.com/crunchydata/postgres-operator/pkg/apis/postgres-operator.crunchydata.com/v1beta1/zz_generated.deepcopy.go:1010.58,1011.15 1 0
github.com/crunchydata/postgres-operator/pkg/apis/postgres-operator.crunchydata.com/v1beta1/zz_generated.deepcopy.go:1011.15,1013.3 1 0
github.com/crunchydata/postgres-operator/pkg/apis/postgres-operator.crunchydata.com/v1beta1/zz_generated.deepcopy.go:1014.2,1016.12 3 0
github.com/crunchydata/postgres-operator/pkg/apis/postgres-operator.crunchydata.com/v1beta1/zz_generated.deepcopy.go:1020.55,1022.24 2 0
github.com/crunchydata/postgres-operator/pkg/apis/postgres-operator.crunchydata.com/v1beta1/zz_generated.deepcopy.go:1022.24,1026.3 3 0
github.com/crunchydata/postgres-operator/pkg/apis/postgres-operator.crunchydata.com/v1beta1/zz_generated.deepcopy.go:1027.2,1029.21 3 0
github.com/crunchydata/postgres-operator/pkg/apis/postgres-operator.crunchydata.com/v1beta1/zz_generated.deepcopy.go:1029.21,1033.3 3 0
github.com/crunchydata/postgres-operator/pkg/apis/postgres-operator.crunchydata.com/v1beta1/zz_generated.deepcopy.go:1034.2,1034.32 1 0
github.com/crunchydata/postgres-operator/pkg/apis/postgres-operator.crunchydata.com/v1beta1/zz_generated.deepcopy.go:1034.32,1038.3 3 0
github.com/crunchydata/postgres-operator/pkg/apis/postgres-operator.crunchydata.com/v1beta1/zz_generated.deepcopy.go:1039.2,1039.31 1 0
github.com/crunchydata/postgres-operator/pkg/apis/postgres-operator.crunchydata.com/v1beta1/zz_generated.deepcopy.go:1039.31,1043.3 3 0
github.com/crunchydata/postgres-operator/pkg/apis/postgres-operator.crunchydata.com/v1beta1/zz_generated.deepcopy.go:1044.2,1045.24 2 0
github.com/crunchydata/postgres-operator/pkg/apis/postgres-operator.crunchydata.com/v1beta1/zz_generated.deepcopy.go:1045.24,1049.3 3 0
github.com/crunchydata/postgres-operator/pkg/apis/postgres-operator.crunchydata.com/v1beta1/zz_generated.deepcopy.go:1050.2,1050.33 1 0
github.com/crunchydata/postgres-operator/pkg/apis/postgres-operator.crunchydata.com/v1beta1/zz_generated.deepcopy.go:1050.33,1054.3 3 0
github.com/crunchydata/postgres-operator/pkg/apis/postgres-operator.crunchydata.com/v1beta1/zz_generated.deepcopy.go:1055.2,1055.27 1 0
github.com/crunchydata/postgres-operator/pkg/apis/postgres-operator.crunchydata.com/v1beta1/zz_generated.deepcopy.go:1055.27,1058.22 3 0
github.com/crunchydata/postgres-operator/pkg/apis/postgres-operator.crunchydata.com/v1beta1/zz_generated.deepcopy.go:1058.22,1060.4 1 0
github.com/crunchydata/postgres-operator/pkg/apis/postgres-operator.crunchydata.com/v1beta1/zz_generated.deepcopy.go:1062.2,1062.28 1 0
github.com/crunchydata/postgres-operator/pkg/apis/postgres-operator.crunchydata.com/v1beta1/zz_generated.deepcopy.go:1062.28,1065.22 3 0
github.com/crunchydata/postgres-operator/pkg/apis/postgres-operator.crunchydata.com/v1beta1/zz_generated.deepcopy.go:1065.22,1067.4 1 0
github.com/crunchydata/postgres-operator/pkg/apis/postgres-operator.crunchydata.com/v1beta1/zz_generated.deepcopy.go:1069.2,1069.21 1 0
github.com/crunchydata/postgres-operator/pkg/apis/postgres-operator.crunchydata.com/v1beta1/zz_generated.deepcopy.go:1069.21,1072.22 3 0
github.com/crunchydata/postgres-operator/pkg/apis/postgres-operator.crunchydata.com/v1beta1/zz_generated.deepcopy.go:1072.22,1074.4 1 0
github.com/crunchydata/postgres-operator/pkg/apis/postgres-operator.crunchydata.com/v1beta1/zz_generated.deepcopy.go:1076.2,1076.23 1 0
github.com/crunchydata/postgres-operator/pkg/apis/postgres-operator.crunchydata.com/v1beta1/zz_generated.deepcopy.go:1076.23,1080.3 3 0
github.com/crunchydata/postgres-operator/pkg/apis/postgres-operator.crunchydata.com/v1beta1/zz_generated.deepcopy.go:1084.48,1085.15 1 0
github.com/crunchydata/postgres-operator/pkg/apis/postgres-operator.crunchydata.com/v1beta1/zz_generated.deepcopy.go:1085.15,1087.3 1 0
github.com/crunchydata/postgres-operator/pkg/apis/postgres-operator.crunchydata.com/v1beta1/zz_generated.deepcopy.go:1088.2,1090.12 3 0
github.com/crunchydata/postgres-operator/pkg/apis/postgres-operator.crunchydata.com/v1beta1/zz_generated.deepcopy.go:1094.59,1096.26 2 0
github.com/crunchydata/postgres-operator/pkg/apis/postgres-operator.crunchydata.com/v1beta1/zz_generated.deepcopy.go:1096.26,1099.22 3 0
github.com/crunchydata/postgres-operator/pkg/apis/postgres-operator.crunchydata.com/v1beta1/zz_generated.deepcopy.go:1099.22,1101.4 1 0
github.com/crunchydata/postgres-operator/pkg/apis/postgres-operator.crunchydata.com/v1beta1/zz_generated.deepcopy.go:1106.52,1107.15 1 0
github.com/crunchydata/postgres-operator/pkg/apis/postgres-operator.crunchydata.com/v1beta1/zz_generated.deepcopy.go:1107.15,1109.3 1 0
github.com/crunchydata/postgres-operator/pkg/apis/postgres-operator.crunchydata.com/v1beta1/zz_generated.deepcopy.go:1110.2,1112.12 3 0
github.com/crunchydata/postgres-operator/pkg/apis/postgres-operator.crunchydata.com/v1beta1/zz_generated.deepcopy.go:1116.55,1118.27 2 0
github.com/crunchydata/postgres-operator/pkg/apis/postgres-operator.crunchydata.com/v1beta1/zz_generated.deepcopy.go:1118.27,1122.3 3 0
github.com/crunchydata/postgres-operator/pkg/apis/postgres-operator.crunchydata.com/v1beta1/zz_generated.deepcopy.go:1126.48,1127.15 1 0
github.com/crunchydata/postgres-operator/pkg/apis/postgres-operator.crunchydata.com/v1beta1/zz_generated.deepcopy.go:1127.15,1129.3 1 0
github.com/crunchydata/postgres-operator/pkg/apis/postgres-operator.crunchydata.com/v1beta1/zz_generated.deepcopy.go:1130.2,1132.12 3 0
github.com/crunchydata/postgres-operator/pkg/apis/postgres-operator.crunchydata.com/v1beta1/zz_generated.deepcopy.go:1136.69,1138.26 2 0
github.com/crunchydata/postgres-operator/pkg/apis/postgres-operator.crunchydata.com/v1beta1/zz_generated.deepcopy.go:1138.26,1141.22 3 0
github.com/crunchydata/postgres-operator/pkg/apis/postgres-operator.crunchydata.com/v1beta1/zz_generated.deepcopy.go:1141.22,1143.4 1 0
github.com/crunchydata/postgres-operator/pkg/apis/postgres-operator.crunchydata.com/v1beta1/zz_generated.deepcopy.go:1148.62,1149.15 1 0
github.com/crunchydata/postgres-operator/pkg/apis/postgres-operator.crunchydata.com/v1beta1/zz_generated.deepcopy.go:1149.15,1151.3 1 0
github.com/crunchydata/postgres-operator/pkg/apis/postgres-operator.crunchydata.com/v1beta1/zz_generated.deepcopy.go:1152.2,1154.12 3 0
github.com/crunchydata/postgres-operator/pkg/apis/postgres-operator.crunchydata.com/v1beta1/zz_generated.deepcopy.go:1158.67,1160.24 2 0
github.com/crunchydata/postgres-operator/pkg/apis/postgres-operator.crunchydata.com/v1beta1/zz_generated.deepcopy.go:1160.24,1164.3 3 0
github.com/crunchydata/postgres-operator/pkg/apis/postgres-operator.crunchydata.com/v1beta1/zz_generated.deepcopy.go:1165.2,1165.29 1 0
github.com/crunchydata/postgres-operator/pkg/apis/postgres-operator.crunchydata.com/v1beta1/zz_generated.deepcopy.go:1165.29,1168.22 3 0
github.com/crunchydata/postgres-operator/pkg/apis/postgres-operator.crunchydata.com/v1beta1/zz_generated.deepcopy.go:1168.22,1170.4 1 0
github.com/crunchydata/postgres-operator/pkg/apis/postgres-operator.crunchydata.com/v1beta1/zz_generated.deepcopy.go:1172.2,1172.22 1 0
github.com/crunchydata/postgres-operator/pkg/apis/postgres-operator.crunchydata.com/v1beta1/zz_generated.deepcopy.go:1172.22,1175.29 3 0
github.com/crunchydata/postgres-operator/pkg/apis/postgres-operator.crunchydata.com/v1beta1/zz_generated.deepcopy.go:1175.29,1177.4 1 0
github.com/crunchydata/postgres-operator/pkg/apis/postgres-operator.crunchydata.com/v1beta1/zz_generated.deepcopy.go:1179.2,1179.20 1 0
github.com/crunchydata/postgres-operator/pkg/apis/postgres-operator.crunchydata.com/v1beta1/zz_generated.deepcopy.go:1179.20,1183.3 3 0
github.com/crunchydata/postgres-operator/pkg/apis/postgres-operator.crunchydata.com/v1beta1/zz_generated.deepcopy.go:1184.2,1184.19 1 0
github.com/crunchydata/postgres-operator/pkg/apis/postgres-operator.crunchydata.com/v1beta1/zz_generated.deepcopy.go:1184.19,1188.3 3 0
github.com/crunchydata/postgres-operator/pkg/apis/postgres-operator.crunchydata.com/v1beta1/zz_generated.deepcopy.go:1189.2,1189.21 1 0
github.com/crunchydata/postgres-operator/pkg/apis/postgres-operator.crunchydata.com/v1beta1/zz_generated.deepcopy.go:1189.21,1192.22 3 0
github.com/crunchydata/postgres-operator/pkg/apis/postgres-operator.crunchydata.com/v1beta1/zz_generated.deepcopy.go:1192.22,1194.4 1 0
github.com/crunchydata/postgres-operator/pkg/apis/postgres-operator.crunchydata.com/v1beta1/zz_generated.deepcopy.go:1196.2,1196.24 1 0
github.com/crunchydata/postgres-operator/pkg/apis/postgres-operator.crunchydata.com/v1beta1/zz_generated.deepcopy.go:1196.24,1200.3 3 0
github.com/crunchydata/postgres-operator/pkg/apis/postgres-operator.crunchydata.com/v1beta1/zz_generated.deepcopy.go:1201.2,1201.22 1 0
github.com/crunchydata/postgres-operator/pkg/apis/postgres-operator.crunchydata.com/v1beta1/zz_generated.deepcopy.go:1201.22,1205.3 3 0
github.com/crunchydata/postgres-operator/pkg/apis/postgres-operator.crunchydata.com/v1beta1/zz_generated.deepcopy.go:1206.2,1206.23 1 0
github.com/crunchydata/postgres-operator/pkg/apis/postgres-operator.crunchydata.com/v1beta1/zz_generated.deepcopy.go:1206.23,1210.3 3 0
github.com/crunchydata/postgres-operator/pkg/apis/postgres-operator.crunchydata.com/v1beta1/zz_generated.deepcopy.go:1211.2,1211.24 1 0
github.com/crunchydata/postgres-operator/pkg/apis/postgres-operator.crunchydata.com/v1beta1/zz_generated.deepcopy.go:1211.24,1215.3 3 0
github.com/crunchydata/postgres-operator/pkg/apis/postgres-operator.crunchydata.com/v1beta1/zz_generated.deepcopy.go:1219.60,1220.15 1 0
github.com/crunchydata/postgres-operator/pkg/apis/postgres-operator.crunchydata.com/v1beta1/zz_generated.deepcopy.go:1220.15,1222.3 1 0
github.com/crunchydata/postgres-operator/pkg/apis/postgres-operator.crunchydata.com/v1beta1/zz_generated.deepcopy.go:1223.2,1225.12 3 0
github.com/crunchydata/postgres-operator/pkg/apis/postgres-operator.crunchydata.com/v1beta1/zz_generated.deepcopy.go:1229.83,1231.20 2 0
github.com/crunchydata/postgres-operator/pkg/apis/postgres-operator.crunchydata.com/v1beta1/zz_generated.deepcopy.go:1231.20,1235.3 3 0
github.com/crunchydata/postgres-operator/pkg/apis/postgres-operator.crunchydata.com/v1beta1/zz_generated.deepcopy.go:1236.2,1236.28 1 0
github.com/crunchydata/postgres-operator/pkg/apis/postgres-operator.crunchydata.com/v1beta1/zz_generated.deepcopy.go:1236.28,1240.3 3 0
github.com/crunchydata/postgres-operator/pkg/apis/postgres-operator.crunchydata.com/v1beta1/zz_generated.deepcopy.go:1241.2,1241.27 1 0
github.com/crunchydata/postgres-operator/pkg/apis/postgres-operator.crunchydata.com/v1beta1/zz_generated.deepcopy.go:1241.27,1245.3 3 0
github.com/crunchydata/postgres-operator/pkg/apis/postgres-operator.crunchydata.com/v1beta1/zz_generated.deepcopy.go:1249.76,1250.15 1 0
github.com/crunchydata/postgres-operator/pkg/apis/postgres-operator.crunchydata.com/v1beta1/zz_generated.deepcopy.go:1250.15,1252.3 1 0
github.com/crunchydata/postgres-operator/pkg/apis/postgres-operator.crunchydata.com/v1beta1/zz_generated.deepcopy.go:1253.2,1255.12 3 0
github.com/crunchydata/postgres-operator/pkg/apis/postgres-operator.crunchydata.com/v1beta1/zz_generated.deepcopy.go:1259.73,1261.29 2 0
github.com/crunchydata/postgres-operator/pkg/apis/postgres-operator.crunchydata.com/v1beta1/zz_generated.deepcopy.go:1261.29,1264.22 3 0
github.com/crunchydata/postgres-operator/pkg/apis/postgres-operator.crunchydata.com/v1beta1/zz_generated.deepcopy.go:1264.22,1266.4 1 0
github.com/crunchydata/postgres-operator/pkg/apis/postgres-operator.crunchydata.com/v1beta1/zz_generated.deepcopy.go:1268.2,1268.22 1 0
github.com/crunchydata/postgres-operator/pkg/apis/postgres-operator.crunchydata.com/v1beta1/zz_generated.deepcopy.go:1268.22,1271.29 3 0
github.com/crunchydata/postgres-operator/pkg/apis/postgres-operator.crunchydata.com/v1beta1/zz_generated.deepcopy.go:1271.29,1273.4 1 0
github.com/crunchydata/postgres-operator/pkg/apis/postgres-operator.crunchydata.com/v1beta1/zz_generated.deepcopy.go:1275.2,1276.23 2 0
github.com/crunchydata/postgres-operator/pkg/apis/postgres-operator.crunchydata.com/v1beta1/zz_generated.deepcopy.go:1276.23,1280.3 3 0
github.com/crunchydata/postgres-operator/pkg/apis/postgres-operator.crunchydata.com/v1beta1/zz_generated.deepcopy.go:1281.2,1282.24 2 0
github.com/crunchydata/postgres-operator/pkg/apis/postgres-operator.crunchydata.com/v1beta1/zz_generated.deepcopy.go:1282.24,1286.3 3 0
github.com/crunchydata/postgres-operator/pkg/apis/postgres-operator.crunchydata.com/v1beta1/zz_generated.deepcopy.go:1287.2,1287.33 1 0
github.com/crunchydata/postgres-operator/pkg/apis/postgres-operator.crunchydata.com/v1beta1/zz_generated.deepcopy.go:1287.33,1291.3 3 0
github.com/crunchydata/postgres-operator/pkg/apis/postgres-operator.crunchydata.com/v1beta1/zz_generated.deepcopy.go:1292.2,1292.27 1 0
github.com/crunchydata/postgres-operator/pkg/apis/postgres-operator.crunchydata.com/v1beta1/zz_generated.deepcopy.go:1292.27,1295.22 3 0
github.com/crunchydata/postgres-operator/pkg/apis/postgres-operator.crunchydata.com/v1beta1/zz_generated.deepcopy.go:1295.22,1297.4 1 0
github.com/crunchydata/postgres-operator/pkg/apis/postgres-operator.crunchydata.com/v1beta1/zz_generated.deepcopy.go:1299.2,1299.23 1 0
github.com/crunchydata/postgres-operator/pkg/apis/postgres-operator.crunchydata.com/v1beta1/zz_generated.deepcopy.go:1299.23,1303.3 3 0
github.com/crunchydata/postgres-operator/pkg/apis/postgres-operator.crunchydata.com/v1beta1/zz_generated.deepcopy.go:1307.66,1308.15 1 0
github.com/crunchydata/postgres-operator/pkg/apis/postgres-operator.crunchydata.com/v1beta1/zz_generated.deepcopy.go:1308.15,1310.3 1 0
github.com/crunchydata/postgres-operator/pkg/apis/postgres-operator.crunchydata.com/v1beta1/zz_generated.deepcopy.go:1311.2,1313.12 3 0
github.com/crunchydata/postgres-operator/pkg/apis/postgres-operator.crunchydata.com/v1beta1/zz_generated.deepcopy.go:1317.71,1319.25 2 0
github.com/crunchydata/postgres-operator/pkg/apis/postgres-operator.crunchydata.com/v1beta1/zz_generated.deepcopy.go:1319.25,1322.3 2 0
github.com/crunchydata/postgres-operator/pkg/apis/postgres-operator.crunchydata.com/v1beta1/zz_generated.deepcopy.go:1323.2,1323.30 1 0
github.com/crunchydata/postgres-operator/pkg/apis/postgres-operator.crunchydata.com/v1beta1/zz_generated.deepcopy.go:1323.30,1326.3 2 0
github.com/crunchydata/postgres-operator/pkg/apis/postgres-operator.crunchydata.com/v1beta1/zz_generated.deepcopy.go:1330.64,1331.15 1 0
github.com/crunchydata/postgres-operator/pkg/apis/postgres-operator.crunchydata.com/v1beta1/zz_generated.deepcopy.go:1331.15,1333.3 1 0
github.com/crunchydata/postgres-operator/pkg/apis/postgres-operator.crunchydata.com/v1beta1/zz_generated.deepcopy.go:1334.2,1336.12 3 0
github.com/crunchydata/postgres-operator/pkg/apis/postgres-operator.crunchydata.com/v1beta1/zz_generated.deepcopy.go:1340.77,1342.23 2 0
github.com/crunchydata/postgres-operator/pkg/apis/postgres-operator.crunchydata.com/v1beta1/zz_generated.deepcopy.go:1342.23,1346.3 3 0
github.com/crunchydata/postgres-operator/pkg/apis/postgres-operator.crunchydata.com/v1beta1/zz_generated.deepcopy.go:1350.70,1351.15 1 0
github.com/crunchydata/postgres-operator/pkg/apis/postgres-operator.crunchydata.com/v1beta1/zz_generated.deepcopy.go:1351.15,1353.3 1 0
github.com/crunchydata/postgres-operator/pkg/apis/postgres-operator.crunchydata.com/v1beta1/zz_generated.deepcopy.go:1354.2,1356.12 3 0
github.com/crunchydata/postgres-operator/pkg/apis/postgres-operator.crunchydata.com/v1beta1/zz_generated.deepcopy.go:1360.61,1362.31 2 0
github.com/crunchydata/postgres-operator/pkg/apis/postgres-operator.crunchydata.com/v1beta1/zz_generated.deepcopy.go:1362.31,1366.3 3 0
github.com/crunchydata/postgres-operator/pkg/apis/postgres-operator.crunchydata.com/v1beta1/zz_generated.deepcopy.go:1367.2,1367.21 1 0
github.com/crunchydata/postgres-operator/pkg/apis/postgres-operator.crunchydata.com/v1beta1/zz_generated.deepcopy.go:1367.21,1371.3 3 0
github.com/crunchydata/postgres-operator/pkg/apis/postgres-operator.crunchydata.com/v1beta1/zz_generated.deepcopy.go:1372.2,1372.19 1 0
github.com/crunchydata/postgres-operator/pkg/apis/postgres-operator.crunchydata.com/v1beta1/zz_generated.deepcopy.go:1372.19,1376.3 3 0
github.com/crunchydata/postgres-operator/pkg/apis/postgres-operator.crunchydata.com/v1beta1/zz_generated.deepcopy.go:1377.2,1377.18 1 0
github.com/crunchydata/postgres-operator/pkg/apis/postgres-operator.crunchydata.com/v1beta1/zz_generated.deepcopy.go:1377.18,1381.3 3 0
github.com/crunchydata/postgres-operator/pkg/apis/postgres-operator.crunchydata.com/v1beta1/zz_generated.deepcopy.go:1382.2,1382.22 1 0
github.com/crunchydata/postgres-operator/pkg/apis/postgres-operator.crunchydata.com/v1beta1/zz_generated.deepcopy.go:1382.22,1386.3 3 0
github.com/crunchydata/postgres-operator/pkg/apis/postgres-operator.crunchydata.com/v1beta1/zz_generated.deepcopy.go:1390.54,1391.15 1 0
github.com/crunchydata/postgres-operator/pkg/apis/postgres-operator.crunchydata.com/v1beta1/zz_generated.deepcopy.go:1391.15,1393.3 1 0
github.com/crunchydata/postgres-operator/pkg/apis/postgres-operator.crunchydata.com/v1beta1/zz_generated.deepcopy.go:1394.2,1396.12 3 0
github.com/crunchydata/postgres-operator/pkg/apis/postgres-operator.crunchydata.com/v1beta1/zz_generated.deepcopy.go:1400.69,1402.24 2 0
github.com/crunchydata/postgres-operator/pkg/apis/postgres-operator.crunchydata.com/v1beta1/zz_generated.deepcopy.go:1402.24,1406.3 3 0
github.com/crunchydata/postgres-operator/pkg/apis/postgres-operator.crunchydata.com/v1beta1/zz_generated.deepcopy.go:1407.2,1407.19 1 0
github.com/crunchydata/postgres-operator/pkg/apis/postgres-operator.crunchydata.com/v1beta1/zz_generated.deepcopy.go:1407.19,1411.3 3 0
github.com/crunchydata/postgres-operator/pkg/apis/postgres-operator.crunchydata.com/v1beta1/zz_generated.deepcopy.go:1412.2,1412.33 1 0
github.com/crunchydata/postgres-operator/pkg/apis/postgres-operator.crunchydata.com/v1beta1/zz_generated.deepcopy.go:1412.33,1416.3 3 0
github.com/crunchydata/postgres-operator/pkg/apis/postgres-operator.crunchydata.com/v1beta1/zz_generated.deepcopy.go:1417.2,1418.27 2 0
github.com/crunchydata/postgres-operator/pkg/apis/postgres-operator.crunchydata.com/v1beta1/zz_generated.deepcopy.go:1418.27,1421.22 3 0
github.com/crunchydata/postgres-operator/pkg/apis/postgres-operator.crunchydata.com/v1beta1/zz_generated.deepcopy.go:1421.22,1423.4 1 0
github.com/crunchydata/postgres-operator/pkg/apis/postgres-operator.crunchydata.com/v1beta1/zz_generated.deepcopy.go:1425.2,1425.41 1 0
github.com/crunchydata/postgres-operator/pkg/apis/postgres-operator.crunchydata.com/v1beta1/zz_generated.deepcopy.go:1425.41,1428.22 3 0
github.com/crunchydata/postgres-operator/pkg/apis/postgres-operator.crunchydata.com/v1beta1/zz_generated.deepcopy.go:1428.22,1430.4 1 0
github.com/crunchydata/postgres-operator/pkg/apis/postgres-operator.crunchydata.com/v1beta1/zz_generated.deepcopy.go:1432.2,1432.32 1 0
github.com/crunchydata/postgres-operator/pkg/apis/postgres-operator.crunchydata.com/v1beta1/zz_generated.deepcopy.go:1432.32,1436.3 3 0
github.com/crunchydata/postgres-operator/pkg/apis/postgres-operator.crunchydata.com/v1beta1/zz_generated.deepcopy.go:1437.2,1437.25 1 0
github.com/crunchydata/postgres-operator/pkg/apis/postgres-operator.crunchydata.com/v1beta1/zz_generated.deepcopy.go:1437.25,1441.3 3 0
github.com/crunchydata/postgres-operator/pkg/apis/postgres-operator.crunchydata.com/v1beta1/zz_generated.deepcopy.go:1442.2,1442.23 1 0
github.com/crunchydata/postgres-operator/pkg/apis/postgres-operator.crunchydata.com/v1beta1/zz_generated.deepcopy.go:1442.23,1446.3 3 0
github.com/crunchydata/postgres-operator/pkg/apis/postgres-operator.crunchydata.com/v1beta1/zz_generated.deepcopy.go:1450.62,1451.15 1 0
github.com/crunchydata/postgres-operator/pkg/apis/postgres-operator.crunchydata.com/v1beta1/zz_generated.deepcopy.go:1451.15,1453.3 1 0
github.com/crunchydata/postgres-operator/pkg/apis/postgres-operator.crunchydata.com/v1beta1/zz_generated.deepcopy.go:1454.2,1456.12 3 0
github.com/crunchydata/postgres-operator/pkg/apis/postgres-operator.crunchydata.com/v1beta1/zz_generated.deepcopy.go:1460.67,1462.23 2 0
github.com/crunchydata/postgres-operator/pkg/apis/postgres-operator.crunchydata.com/v1beta1/zz_generated.deepcopy.go:1462.23,1466.3 3 0
github.com/crunchydata/postgres-operator/pkg/apis/postgres-operator.crunchydata.com/v1beta1/zz_generated.deepcopy.go:1467.2,1467.41 1 0
github.com/crunchydata/postgres-operator/pkg/apis/postgres-operator.crunchydata.com/v1beta1/zz_generated.deepcopy.go:1467.41,1471.3 3 0
github.com/crunchydata/postgres-operator/pkg/apis/postgres-operator.crunchydata.com/v1beta1/zz_generated.deepcopy.go:1475.60,1476.15 1 0
github.com/crunchydata/postgres-operator/pkg/apis/postgres-operator.crunchydata.com/v1beta1/zz_generated.deepcopy.go:1476.15,1478.3 1 0
github.com/crunchydata/postgres-operator/pkg/apis/postgres-operator.crunchydata.com/v1beta1/zz_generated.deepcopy.go:1479.2,1481.12 3 0
github.com/crunchydata/postgres-operator/pkg/apis/postgres-operator.crunchydata.com/v1beta1/zz_generated.deepcopy.go:1485.95,1487.25 2 0
github.com/crunchydata/postgres-operator/pkg/apis/postgres-operator.crunchydata.com/v1beta1/zz_generated.deepcopy.go:1487.25,1490.3 2 0
github.com/crunchydata/postgres-operator/pkg/apis/postgres-operator.crunchydata.com/v1beta1/zz_generated.deepcopy.go:1491.2,1491.30 1 0
github.com/crunchydata/postgres-operator/pkg/apis/postgres-operator.crunchydata.com/v1beta1/zz_generated.deepcopy.go:1491.30,1494.3 2 0
github.com/crunchydata/postgres-operator/pkg/apis/postgres-operator.crunchydata.com/v1beta1/zz_generated.deepcopy.go:1498.88,1499.15 1 0
github.com/crunchydata/postgres-operator/pkg/apis/postgres-operator.crunchydata.com/v1beta1/zz_generated.deepcopy.go:1499.15,1501.3 1 0
github.com/crunchydata/postgres-operator/pkg/apis/postgres-operator.crunchydata.com/v1beta1/zz_generated.deepcopy.go:1502.2,1504.12 3 0
github.com/crunchydata/postgres-operator/pkg/apis/postgres-operator.crunchydata.com/v1beta1/zz_generated.deepcopy.go:1508.69,1510.26 2 0
github.com/crunchydata/postgres-operator/pkg/apis/postgres-operator.crunchydata.com/v1beta1/zz_generated.deepcopy.go:1510.26,1514.3 3 0
github.com/crunchydata/postgres-operator/pkg/apis/postgres-operator.crunchydata.com/v1beta1/zz_generated.deepcopy.go:1515.2,1515.32 1 0
github.com/crunchydata/postgres-operator/pkg/apis/postgres-operator.crunchydata.com/v1beta1/zz_generated.deepcopy.go:1515.32,1519.3 3 0
github.com/crunchydata/postgres-operator/pkg/apis/postgres-operator.crunchydata.com/v1beta1/zz_generated.deepcopy.go:1523.62,1524.15 1 0
github.com/crunchydata/postgres-operator/pkg/apis/postgres-operator.crunchydata.com/v1beta1/zz_generated.deepcopy.go:1524.15,1526.3 1 0
github.com/crunchydata/postgres-operator/pkg/apis/postgres-operator.crunchydata.com/v1beta1/zz_generated.deepcopy.go:1527.2,1529.12 3 0
github.com/crunchydata/postgres-operator/pkg/apis/postgres-operator.crunchydata.com/v1beta1/zz_generated.deepcopy.go:1533.65,1535.28 2 0
github.com/crunchydata/postgres-operator/pkg/apis/postgres-operator.crunchydata.com/v1beta1/zz_generated.deepcopy.go:1535.28,1539.3 3 0
github.com/crunchydata/postgres-operator/pkg/apis/postgres-operator.crunchydata.com/v1beta1/zz_generated.deepcopy.go:1540.2,1540.32 1 0
github.com/crunchydata/postgres-operator/pkg/apis/postgres-operator.crunchydata.com/v1beta1/zz_generated.deepcopy.go:1540.32,1543.22 3 0
github.com/crunchydata/postgres-operator/pkg/apis/postgres-operator.crunchydata.com/v1beta1/zz_generated.deepcopy.go:1543.22,1545.4 1 0
github.com/crunchydata/postgres-operator/pkg/apis/postgres-operator.crunchydata.com/v1beta1/zz_generated.deepcopy.go:1547.2,1547.24 1 0
github.com/crunchydata/postgres-operator/pkg/apis/postgres-operator.crunchydata.com/v1beta1/zz_generated.deepcopy.go:1547.24,1551.3 3 0
github.com/crunchydata/postgres-operator/pkg/apis/postgres-operator.crunchydata.com/v1beta1/zz_generated.deepcopy.go:1552.2,1552.21 1 0
github.com/crunchydata/postgres-operator/pkg/apis/postgres-operator.crunchydata.com/v1beta1/zz_generated.deepcopy.go:1552.21,1556.3 3 0
github.com/crunchydata/postgres-operator/pkg/apis/postgres-operator.crunchydata.com/v1beta1/zz_generated.deepcopy.go:1557.2,1557.23 1 0
github.com/crunchydata/postgres-operator/pkg/apis/postgres-operator.crunchydata.com/v1beta1/zz_generated.deepcopy.go:1557.23,1561.3 3 0
github.com/crunchydata/postgres-operator/pkg/apis/postgres-operator.crunchydata.com/v1beta1/zz_generated.deepcopy.go:1565.58,1566.15 1 0
github.com/crunchydata/postgres-operator/pkg/apis/postgres-operator.crunchydata.com/v1beta1/zz_generated.deepcopy.go:1566.15,1568.3 1 0
github.com/crunchydata/postgres-operator/pkg/apis/postgres-operator.crunchydata.com/v1beta1/zz_generated.deepcopy.go:1569.2,1571.12 3 0
github.com/crunchydata/postgres-operator/pkg/apis/postgres-operator.crunchydata.com/v1beta1/zz_generated.deepcopy.go:1575.75,1577.26 2 0
github.com/crunchydata/postgres-operator/pkg/apis/postgres-operator.crunchydata.com/v1beta1/zz_generated.deepcopy.go:1577.26,1580.22 3 0
github.com/crunchydata/postgres-operator/pkg/apis/postgres-operator.crunchydata.com/v1beta1/zz_generated.deepcopy.go:1580.22,1582.4 1 0
github.com/crunchydata/postgres-operator/pkg/apis/postgres-operator.crunchydata.com/v1beta1/zz_generated.deepcopy.go:1587.68,1588.15 1 0
github.com/crunchydata/postgres-operator/pkg/apis/postgres-operator.crunchydata.com/v1beta1/zz_generated.deepcopy.go:1588.15,1590.3 1 0
github.com/crunchydata/postgres-operator/pkg/apis/postgres-operator.crunchydata.com/v1beta1/zz_generated.deepcopy.go:1591.2,1593.12 3 0
github.com/crunchydata/postgres-operator/pkg/apis/postgres-operator.crunchydata.com/v1beta1/zz_generated.deepcopy.go:1597.77,1599.21 2 0
github.com/crunchydata/postgres-operator/pkg/apis/postgres-operator.crunchydata.com/v1beta1/zz_generated.deepcopy.go:1599.21,1602.22 3 0
github.com/crunchydata/postgres-operator/pkg/apis/postgres-operator.crunchydata.com/v1beta1/zz_generated.deepcopy.go:1602.22,1604.4 1 0
github.com/crunchydata/postgres-operator/pkg/apis/postgres-operator.crunchydata.com/v1beta1/zz_generated.deepcopy.go:1606.2,1606.22 1 0
github.com/crunchydata/postgres-operator/pkg/apis/postgres-operator.crunchydata.com/v1beta1/zz_generated.deepcopy.go:1606.22,1609.29 3 0
github.com/crunchydata/postgres-operator/pkg/apis/postgres-operator.crunchydata.com/v1beta1/zz_generated.deepcopy.go:1609.29,1611.4 1 0
github.com/crunchydata/postgres-operator/pkg/apis/postgres-operator.crunchydata.com/v1beta1/zz_generated.deepcopy.go:1613.2,1613.25 1 0
github.com/crunchydata/postgres-operator/pkg/apis/postgres-operator.crunchydata.com/v1beta1/zz_generated.deepcopy.go:1613.25,1616.29 3 0
github.com/crunchydata/postgres-operator/pkg/apis/postgres-operator.crunchydata.com/v1beta1/zz_generated.deepcopy.go:1616.29,1618.4 1 0
github.com/crunchydata/postgres-operator/pkg/apis/postgres-operator.crunchydata.com/v1beta1/zz_generated.deepcopy.go:1620.2,1620.21 1 0
github.com/crunchydata/postgres-operator/pkg/apis/postgres-operator.crunchydata.com/v1beta1/zz_generated.deepcopy.go:1620.21,1623.29 3 0
github.com/crunchydata/postgres-operator/pkg/apis/postgres-operator.crunchydata.com/v1beta1/zz_generated.deepcopy.go:1623.29,1625.4 1 0
github.com/crunchydata/postgres-operator/pkg/apis/postgres-operator.crunchydata.com/v1beta1/zz_generated.deepcopy.go:1630.70,1631.15 1 0
github.com/crunchydata/postgres-operator/pkg/apis/postgres-operator.crunchydata.com/v1beta1/zz_generated.deepcopy.go:1631.15,1633.3 1 0
github.com/crunchydata/postgres-operator/pkg/apis/postgres-operator.crunchydata.com/v1beta1/zz_generated.deepcopy.go:1634.2,1636.12 3 0
github.com/crunchydata/postgres-operator/pkg/apis/postgres-operator.crunchydata.com/v1beta1/zz_generated.deepcopy.go:1640.65,1642.24 2 0
github.com/crunchydata/postgres-operator/pkg/apis/postgres-operator.crunchydata.com/v1beta1/zz_generated.deepcopy.go:1642.24,1646.3 3 0
github.com/crunchydata/postgres-operator/pkg/apis/postgres-operator.crunchydata.com/v1beta1/zz_generated.deepcopy.go:1647.2,1647.24 1 0
github.com/crunchydata/postgres-operator/pkg/apis/postgres-operator.crunchydata.com/v1beta1/zz_generated.deepcopy.go:1647.24,1651.3 3 0
github.com/crunchydata/postgres-operator/pkg/apis/postgres-operator.crunchydata.com/v1beta1/zz_generated.deepcopy.go:1652.2,1653.26 2 0
github.com/crunchydata/postgres-operator/pkg/apis/postgres-operator.crunchydata.com/v1beta1/zz_generated.deepcopy.go:1653.26,1656.22 3 0
github.com/crunchydata/postgres-operator/pkg/apis/postgres-operator.crunchydata.com/v1beta1/zz_generated.deepcopy.go:1656.22,1658.4 1 0
github.com/crunchydata/postgres-operator/pkg/apis/postgres-operator.crunchydata.com/v1beta1/zz_generated.deepcopy.go:1660.2,1660.31 1 0
github.com/crunchydata/postgres-operator/pkg/apis/postgres-operator.crunchydata.com/v1beta1/zz_generated.deepcopy.go:1660.31,1664.3 3 0
github.com/crunchydata/postgres-operator/pkg/apis/postgres-operator.crunchydata.com/v1beta1/zz_generated.deepcopy.go:1665.2,1665.20 1 0
github.com/crunchydata/postgres-operator/pkg/apis/postgres-operator.crunchydata.com/v1beta1/zz_generated.deepcopy.go:1665.20,1669.3 3 0
github.com/crunchydata/postgres-operator/pkg/apis/postgres-operator.crunchydata.com/v1beta1/zz_generated.deepcopy.go:1670.2,1670.33 1 0
github.com/crunchydata/postgres-operator/pkg/apis/postgres-operator.crunchydata.com/v1beta1/zz_generated.deepcopy.go:1670.33,1674.3 3 0
github.com/crunchydata/postgres-operator/pkg/apis/postgres-operator.crunchydata.com/v1beta1/zz_generated.deepcopy.go:1675.2,1675.24 1 0
github.com/crunchydata/postgres-operator/pkg/apis/postgres-operator.crunchydata.com/v1beta1/zz_generated.deepcopy.go:1675.24,1679.3 3 0
github.com/crunchydata/postgres-operator/pkg/apis/postgres-operator.crunchydata.com/v1beta1/zz_generated.deepcopy.go:1680.2,1680.28 1 0
github.com/crunchydata/postgres-operator/pkg/apis/postgres-operator.crunchydata.com/v1beta1/zz_generated.deepcopy.go:1680.28,1684.3 3 0
github.com/crunchydata/postgres-operator/pkg/apis/postgres-operator.crunchydata.com/v1beta1/zz_generated.deepcopy.go:1685.2,1686.23 2 0
github.com/crunchydata/postgres-operator/pkg/apis/postgres-operator.crunchydata.com/v1beta1/zz_generated.deepcopy.go:1686.23,1690.3 3 0
github.com/crunchydata/postgres-operator/pkg/apis/postgres-operator.crunchydata.com/v1beta1/zz_generated.deepcopy.go:1691.2,1691.24 1 0
github.com/crunchydata/postgres-operator/pkg/apis/postgres-operator.crunchydata.com/v1beta1/zz_generated.deepcopy.go:1691.24,1695.3 3 0
github.com/crunchydata/postgres-operator/pkg/apis/postgres-operator.crunchydata.com/v1beta1/zz_generated.deepcopy.go:1696.2,1696.27 1 0
github.com/crunchydata/postgres-operator/pkg/apis/postgres-operator.crunchydata.com/v1beta1/zz_generated.deepcopy.go:1696.27,1699.22 3 0
github.com/crunchydata/postgres-operator/pkg/apis/postgres-operator.crunchydata.com/v1beta1/zz_generated.deepcopy.go:1699.22,1701.4 1 0
github.com/crunchydata/postgres-operator/pkg/apis/postgres-operator.crunchydata.com/v1beta1/zz_generated.deepcopy.go:1703.2,1703.41 1 0
github.com/crunchydata/postgres-operator/pkg/apis/postgres-operator.crunchydata.com/v1beta1/zz_generated.deepcopy.go:1703.41,1706.22 3 0
github.com/crunchydata/postgres-operator/pkg/apis/postgres-operator.crunchydata.com/v1beta1/zz_generated.deepcopy.go:1706.22,1708.4 1 0
github.com/crunchydata/postgres-operator/pkg/apis/postgres-operator.crunchydata.com/v1beta1/zz_generated.deepcopy.go:1710.2,1710.23 1 0
github.com/crunchydata/postgres-operator/pkg/apis/postgres-operator.crunchydata.com/v1beta1/zz_generated.deepcopy.go:1710.23,1714.3 3 0
github.com/crunchydata/postgres-operator/pkg/apis/postgres-operator.crunchydata.com/v1beta1/zz_generated.deepcopy.go:1718.58,1719.15 1 0
github.com/crunchydata/postgres-operator/pkg/apis/postgres-operator.crunchydata.com/v1beta1/zz_generated.deepcopy.go:1719.15,1721.3 1 0
github.com/crunchydata/postgres-operator/pkg/apis/postgres-operator.crunchydata.com/v1beta1/zz_generated.deepcopy.go:1722.2,1724.12 3 0
github.com/crunchydata/postgres-operator/pkg/apis/postgres-operator.crunchydata.com/v1beta1/zz_generated.deepcopy.go:1728.69,1730.2 1 0
github.com/crunchydata/postgres-operator/pkg/apis/postgres-operator.crunchydata.com/v1beta1/zz_generated.deepcopy.go:1733.62,1734.15 1 0
github.com/crunchydata/postgres-operator/pkg/apis/postgres-operator.crunchydata.com/v1beta1/zz_generated.deepcopy.go:1734.15,1736.3 1 0
github.com/crunchydata/postgres-operator/pkg/apis/postgres-operator.crunchydata.com/v1beta1/zz_generated.deepcopy.go:1737.2,1739.12 3 0
github.com/crunchydata/postgres-operator/pkg/apis/postgres-operator.crunchydata.com/v1beta1/zz_generated.deepcopy.go:1743.67,1745.31 2 0
github.com/crunchydata/postgres-operator/pkg/apis/postgres-operator.crunchydata.com/v1beta1/zz_generated.deepcopy.go:1745.31,1749.3 3 0
github.com/crunchydata/postgres-operator/pkg/apis/postgres-operator.crunchydata.com/v1beta1/zz_generated.deepcopy.go:1753.60,1754.15 1 0
github.com/crunchydata/postgres-operator/pkg/apis/postgres-operator.crunchydata.com/v1beta1/zz_generated.deepcopy.go:1754.15,1756.3 1 0
github.com/crunchydata/postgres-operator/pkg/apis/postgres-operator.crunchydata.com/v1beta1/zz_generated.deepcopy.go:1757.2,1759.12 3 0
github.com/crunchydata/postgres-operator/pkg/apis/postgres-operator.crunchydata.com/v1beta1/zz_generated.deepcopy.go:1763.73,1765.26 2 0
github.com/crunchydata/postgres-operator/pkg/apis/postgres-operator.crunchydata.com/v1beta1/zz_generated.deepcopy.go:1765.26,1768.22 3 0
github.com/crunchydata/postgres-operator/pkg/apis/postgres-operator.crunchydata.com/v1beta1/zz_generated.deepcopy.go:1768.22,1770.4 1 0
github.com/crunchydata/postgres-operator/pkg/apis/postgres-operator.crunchydata.com/v1beta1/zz_generated.deepcopy.go:1775.66,1776.15 1 0
github.com/crunchydata/postgres-operator/pkg/apis/postgres-operator.crunchydata.com/v1beta1/zz_generated.deepcopy.go:1776.15,1778.3 1 0
github.com/crunchydata/postgres-operator/pkg/apis/postgres-operator.crunchydata.com/v1beta1/zz_generated.deepcopy.go:1779.2,1781.12 3 0
github.com/crunchydata/postgres-operator/pkg/apis/postgres-operator.crunchydata.com/v1beta1/zz_generated.deepcopy.go:1785.59,1787.24 2 0
github.com/crunchydata/postgres-operator/pkg/apis/postgres-operator.crunchydata.com/v1beta1/zz_generated.deepcopy.go:1787.24,1791.3 3 0
github.com/crunchydata/postgres-operator/pkg/apis/postgres-operator.crunchydata.com/v1beta1/zz_generated.deepcopy.go:1795.52,1796.15 1 0
github.com/crunchydata/postgres-operator/pkg/apis/postgres-operator.crunchydata.com/v1beta1/zz_generated.deepcopy.go:1796.15,1798.3 1 0
github.com/crunchydata/postgres-operator/pkg/apis/postgres-operator.crunchydata.com/v1beta1/zz_generated.deepcopy.go:1799.2,1801.12 3 0
github.com/crunchydata/postgres-operator/pkg/apis/postgres-operator.crunchydata.com/v1beta1/zz_generated.deepcopy.go:1805.51,1811.2 5 0
github.com/crunchydata/postgres-operator/pkg/apis/postgres-operator.crunchydata.com/v1beta1/zz_generated.deepcopy.go:1814.44,1815.15 1 0
github.com/crunchydata/postgres-operator/pkg/apis/postgres-operator.crunchydata.com/v1beta1/zz_generated.deepcopy.go:1815.15,1817.3 1 0
github.com/crunchydata/postgres-operator/pkg/apis/postgres-operator.crunchydata.com/v1beta1/zz_generated.deepcopy.go:1818.2,1820.12 3 0
github.com/crunchydata/postgres-operator/pkg/apis/postgres-operator.crunchydata.com/v1beta1/zz_generated.deepcopy.go:1824.54,1825.34 1 0
github.com/crunchydata/postgres-operator/pkg/apis/postgres-operator.crunchydata.com/v1beta1/zz_generated.deepcopy.go:1825.34,1827.3 1 0
github.com/crunchydata/postgres-operator/pkg/apis/postgres-operator.crunchydata.com/v1beta1/zz_generated.deepcopy.go:1828.2,1828.12 1 0
github.com/crunchydata/postgres-operator/pkg/apis/postgres-operator.crunchydata.com/v1beta1/zz_generated.deepcopy.go:1832.59,1836.21 4 0
github.com/crunchydata/postgres-operator/pkg/apis/postgres-operator.crunchydata.com/v1beta1/zz_generated.deepcopy.go:1836.21,1839.22 3 0
github.com/crunchydata/postgres-operator/pkg/apis/postgres-operator.crunchydata.com/v1beta1/zz_generated.deepcopy.go:1839.22,1841.4 1 0
github.com/crunchydata/postgres-operator/pkg/apis/postgres-operator.crunchydata.com/v1beta1/zz_generated.deepcopy.go:1846.52,1847.15 1 0
github.com/crunchydata/postgres-operator/pkg/apis/postgres-operator.crunchydata.com/v1beta1/zz_generated.deepcopy.go:1847.15,1849.3 1 0
github.com/crunchydata/postgres-operator/pkg/apis/postgres-operator.crunchydata.com/v1beta1/zz_generated.deepcopy.go:1850.2,1852.12 3 0
github.com/crunchydata/postgres-operator/pkg/apis/postgres-operator.crunchydata.com/v1beta1/zz_generated.deepcopy.go:1856.58,1857.34 1 0
github.com/crunchydata/postgres-operator/pkg/apis/postgres-operator.crunchydata.com/v1beta1/zz_generated.deepcopy.go:1857.34,1859.3 1 0
github.com/crunchydata/postgres-operator/pkg/apis/postgres-operator.crunchydata.com/v1beta1/zz_generated.deepcopy.go:1860.2,1860.12 1 0
github.com/crunchydata/postgres-operator/pkg/apis/postgres-operator.crunchydata.com/v1beta1/zz_generated.deepcopy.go:1864.67,1866.2 1 0
github.com/crunchydata/postgres-operator/pkg/apis/postgres-operator.crunchydata.com/v1beta1/zz_generated.deepcopy.go:1869.60,1870.15 1 0
github.com/crunchydata/postgres-operator/pkg/apis/postgres-operator.crunchydata.com/v1beta1/zz_generated.deepcopy.go:1870.15,1872.3 1 0
github.com/crunchydata/postgres-operator/pkg/apis/postgres-operator.crunchydata.com/v1beta1/zz_generated.deepcopy.go:1873.2,1875.12 3 0
github.com/crunchydata/postgres-operator/pkg/apis/postgres-operator.crunchydata.com/v1beta1/zz_generated.deepcopy.go:1879.59,1881.24 2 0
github.com/crunchydata/postgres-operator/pkg/apis/postgres-operator.crunchydata.com/v1beta1/zz_generated.deepcopy.go:1881.24,1885.3 3 0
github.com/crunchydata/postgres-operator/pkg/apis/postgres-operator.crunchydata.com/v1beta1/zz_generated.deepcopy.go:1886.2,1886.21 1 0
github.com/crunchydata/postgres-operator/pkg/apis/postgres-operator.crunchydata.com/v1beta1/zz_generated.deepcopy.go:1886.21,1890.3 3 0
github.com/crunchydata/postgres-operator/pkg/apis/postgres-operator.crunchydata.com/v1beta1/zz_generated.deepcopy.go:1891.2,1891.32 1 0
github.com/crunchydata/postgres-operator/pkg/apis/postgres-operator.crunchydata.com/v1beta1/zz_generated.deepcopy.go:1891.32,1895.3 3 0
github.com/crunchydata/postgres-operator/pkg/apis/postgres-operator.crunchydata.com/v1beta1/zz_generated.deepcopy.go:1896.2,1897.24 2 0
github.com/crunchydata/postgres-operator/pkg/apis/postgres-operator.crunchydata.com/v1beta1/zz_generated.deepcopy.go:1897.24,1901.3 3 0
github.com/crunchydata/postgres-operator/pkg/apis/postgres-operator.crunchydata.com/v1beta1/zz_generated.deepcopy.go:1902.2,1902.33 1 0
github.com/crunchydata/postgres-operator/pkg/apis/postgres-operator.crunchydata.com/v1beta1/zz_generated.deepcopy.go:1902.33,1906.3 3 0
github.com/crunchydata/postgres-operator/pkg/apis/postgres-operator.crunchydata.com/v1beta1/zz_generated.deepcopy.go:1907.2,1907.27 1 0
github.com/crunchydata/postgres-operator/pkg/apis/postgres-operator.crunchydata.com/v1beta1/zz_generated.deepcopy.go:1907.27,1910.22 3 0
github.com/crunchydata/postgres-operator/pkg/apis/postgres-operator.crunchydata.com/v1beta1/zz_generated.deepcopy.go:1910.22,1912.4 1 0
github.com/crunchydata/postgres-operator/pkg/apis/postgres-operator.crunchydata.com/v1beta1/zz_generated.deepcopy.go:1914.2,1914.46 1 0
github.com/crunchydata/postgres-operator/pkg/apis/postgres-operator.crunchydata.com/v1beta1/zz_generated.deepcopy.go:1918.52,1919.15 1 0
github.com/crunchydata/postgres-operator/pkg/apis/postgres-operator.crunchydata.com/v1beta1/zz_generated.deepcopy.go:1919.15,1921.3 1 0
github.com/crunchydata/postgres-operator/pkg/apis/postgres-operator.crunchydata.com/v1beta1/zz_generated.deepcopy.go:1922.2,1924.12 3 0
github.com/crunchydata/postgres-operator/pkg/apis/postgres-operator.crunchydata.com/v1beta1/zz_generated.deepcopy.go:1928.63,1930.26 2 0
github.com/crunchydata/postgres-operator/pkg/apis/postgres-operator.crunchydata.com/v1beta1/zz_generated.deepcopy.go:1930.26,1933.22 3 0
github.com/crunchydata/postgres-operator/pkg/apis/postgres-operator.crunchydata.com/v1beta1/zz_generated.deepcopy.go:1933.22,1935.4 1 0
github.com/crunchydata/postgres-operator/pkg/apis/postgres-operator.crunchydata.com/v1beta1/zz_generated.deepcopy.go:1940.56,1941.15 1 0
github.com/crunchydata/postgres-operator/pkg/apis/postgres-operator.crunchydata.com/v1beta1/zz_generated.deepcopy.go:1941.15,1943.3 1 0
github.com/crunchydata/postgres-operator/pkg/apis/postgres-operator.crunchydata.com/v1beta1/zz_generated.deepcopy.go:1944.2,1946.12 3 0
github.com/crunchydata/postgres-operator/pkg/apis/postgres-operator.crunchydata.com/v1beta1/zz_generated.deepcopy.go:1950.65,1952.28 2 0
github.com/crunchydata/postgres-operator/pkg/apis/postgres-operator.crunchydata.com/v1beta1/zz_generated.deepcopy.go:1952.28,1956.3 3 0
github.com/crunchydata/postgres-operator/pkg/apis/postgres-operator.crunchydata.com/v1beta1/zz_generated.deepcopy.go:1957.2,1957.21 1 0
github.com/crunchydata/postgres-operator/pkg/apis/postgres-operator.crunchydata.com/v1beta1/zz_generated.deepcopy.go:1957.21,1961.3 3 0
github.com/crunchydata/postgres-operator/pkg/apis/postgres-operator.crunchydata.com/v1beta1/zz_generated.deepcopy.go:1965.58,1966.15 1 0
github.com/crunchydata/postgres-operator/pkg/apis/postgres-operator.crunchydata.com/v1beta1/zz_generated.deepcopy.go:1966.15,1968.3 1 0
github.com/crunchydata/postgres-operator/pkg/apis/postgres-operator.crunchydata.com/v1beta1/zz_generated.deepcopy.go:1969.2,1971.12 3 0
github.com/crunchydata/postgres-operator/pkg/apis/postgres-operator.crunchydata.com/v1beta1/zz_generated.deepcopy.go:1975.55,1978.42 3 0
github.com/crunchydata/postgres-operator/pkg/apis/postgres-operator.crunchydata.com/v1beta1/zz_generated.deepcopy.go:1978.42,1982.3 3 0
github.com/crunchydata/postgres-operator/pkg/apis/postgres-operator.crunchydata.com/v1beta1/zz_generated.deepcopy.go:1983.2,1983.23 1 0
github.com/crunchydata/postgres-operator/pkg/apis/postgres-operator.crunchydata.com/v1beta1/zz_generated.deepcopy.go:1983.23,1987.3 3 0
github.com/crunchydata/postgres-operator/pkg/apis/postgres-operator.crunchydata.com/v1beta1/zz_generated.deepcopy.go:1988.2,1988.20 1 0
github.com/crunchydata/postgres-operator/pkg/apis/postgres-operator.crunchydata.com/v1beta1/zz_generated.deepcopy.go:1988.20,1992.3 3 0
github.com/crunchydata/postgres-operator/pkg/apis/postgres-operator.crunchydata.com/v1beta1/zz_generated.deepcopy.go:1993.2,1993.33 1 0
github.com/crunchydata/postgres-operator/pkg/apis/postgres-operator.crunchydata.com/v1beta1/zz_generated.deepcopy.go:1993.33,1997.3 3 0
github.com/crunchydata/postgres-operator/pkg/apis/postgres-operator.crunchydata.com/v1beta1/zz_generated.deepcopy.go:1998.2,1998.26 1 0
github.com/crunchydata/postgres-operator/pkg/apis/postgres-operator.crunchydata.com/v1beta1/zz_generated.deepcopy.go:1998.26,2002.3 3 0
github.com/crunchydata/postgres-operator/pkg/apis/postgres-operator.crunchydata.com/v1beta1/zz_generated.deepcopy.go:2006.48,2007.15 1 0
github.com/crunchydata/postgres-operator/pkg/apis/postgres-operator.crunchydata.com/v1beta1/zz_generated.deepcopy.go:2007.15,2009.3 1 0
github.com/crunchydata/postgres-operator/pkg/apis/postgres-operator.crunchydata.com/v1beta1/zz_generated.deepcopy.go:2010.2,2012.12 3 0
github.com/crunchydata/postgres-operator/pkg/apis/postgres-operator.crunchydata.com/v1beta1/zz_generated.deepcopy.go:2016.59,2018.26 2 0
github.com/crunchydata/postgres-operator/pkg/apis/postgres-operator.crunchydata.com/v1beta1/zz_generated.deepcopy.go:2018.26,2022.3 3 0
github.com/crunchydata/postgres-operator/pkg/apis/postgres-operator.crunchydata.com/v1beta1/zz_generated.deepcopy.go:2023.2,2023.34 1 0
github.com/crunchydata/postgres-operator/pkg/apis/postgres-operator.crunchydata.com/v1beta1/zz_generated.deepcopy.go:2023.34,2027.3 3 0
github.com/crunchydata/postgres-operator/pkg/apis/postgres-operator.crunchydata.com/v1beta1/zz_generated.deepcopy.go:2031.52,2032.15 1 0
github.com/crunchydata/postgres-operator/pkg/apis/postgres-operator.crunchydata.com/v1beta1/zz_generated.deepcopy.go:2032.15,2034.3 1 0
github.com/crunchydata/postgres-operator/pkg/apis/postgres-operator.crunchydata.com/v1beta1/zz_generated.deepcopy.go:2035.2,2037.12 3 0
github.com/crunchydata/postgres-operator/pkg/apis/postgres-operator.crunchydata.com/v1beta1/zz_generated.deepcopy.go:2041.67,2043.30 2 0
github.com/crunchydata/postgres-operator/pkg/apis/postgres-operator.crunchydata.com/v1beta1/zz_generated.deepcopy.go:2043.30,2047.3 3 0
github.com/crunchydata/postgres-operator/pkg/apis/postgres-operator.crunchydata.com/v1beta1/zz_generated.deepcopy.go:2051.60,2052.15 1 0
github.com/crunchydata/postgres-operator/pkg/apis/postgres-operator.crunchydata.com/v1beta1/zz_generated.deepcopy.go:2052.15,2054.3 1 0
github.com/crunchydata/postgres-operator/pkg/apis/postgres-operator.crunchydata.com/v1beta1/zz_generated.deepcopy.go:2055.2,2057.12 3 0
github.com/crunchydata/postgres-operator/pkg/apis/postgres-operator.crunchydata.com/v1beta1/zz_generated.deepcopy.go:2061.85,2063.21 2 0
github.com/crunchydata/postgres-operator/pkg/apis/postgres-operator.crunchydata.com/v1beta1/zz_generated.deepcopy.go:2063.21,2066.22 3 0
github.com/crunchydata/postgres-operator/pkg/apis/postgres-operator.crunchydata.com/v1beta1/zz_generated.deepcopy.go:2066.22,2068.4 1 0
github.com/crunchydata/postgres-operator/pkg/apis/postgres-operator.crunchydata.com/v1beta1/zz_generated.deepcopy.go:2073.78,2074.15 1 0
github.com/crunchydata/postgres-operator/pkg/apis/postgres-operator.crunchydata.com/v1beta1/zz_generated.deepcopy.go:2074.15,2076.3 1 0
github.com/crunchydata/postgres-operator/pkg/apis/postgres-operator.crunchydata.com/v1beta1/zz_generated.deepcopy.go:2077.2,2079.12 3 0
github.com/crunchydata/postgres-operator/pkg/apis/postgres-operator.crunchydata.com/v1beta1/zz_generated.deepcopy.go:2083.63,2089.2 5 0
github.com/crunchydata/postgres-operator/pkg/apis/postgres-operator.crunchydata.com/v1beta1/zz_generated.deepcopy.go:2092.56,2093.15 1 0
github.com/crunchydata/postgres-operator/pkg/apis/postgres-operator.crunchydata.com/v1beta1/zz_generated.deepcopy.go:2093.15,2095.3 1 0
github.com/crunchydata/postgres-operator/pkg/apis/postgres-operator.crunchydata.com/v1beta1/zz_generated.deepcopy.go:2096.2,2098.12 3 0
github.com/crunchydata/postgres-operator/pkg/apis/postgres-operator.crunchydata.com/v1beta1/zz_generated.deepcopy.go:2102.60,2103.34 1 0
github.com/crunchydata/postgres-operator/pkg/apis/postgres-operator.crunchydata.com/v1beta1/zz_generated.deepcopy.go:2103.34,2105.3 1 0
github.com/crunchydata/postgres-operator/pkg/apis/postgres-operator.crunchydata.com/v1beta1/zz_generated.deepcopy.go:2106.2,2106.12 1 0
github.com/crunchydata/postgres-operator/pkg/apis/postgres-operator.crunchydata.com/v1beta1/zz_generated.deepcopy.go:2110.83,2112.23 2 0
github.com/crunchydata/postgres-operator/pkg/apis/postgres-operator.crunchydata.com/v1beta1/zz_generated.deepcopy.go:2112.23,2116.3 3 0
github.com/crunchydata/postgres-operator/pkg/apis/postgres-operator.crunchydata.com/v1beta1/zz_generated.deepcopy.go:2117.2,2118.24 2 0
github.com/crunchydata/postgres-operator/pkg/apis/postgres-operator.crunchydata.com/v1beta1/zz_generated.deepcopy.go:2118.24,2122.3 3 0
github.com/crunchydata/postgres-operator/pkg/apis/postgres-operator.crunchydata.com/v1beta1/zz_generated.deepcopy.go:2123.2,2123.33 1 0
github.com/crunchydata/postgres-operator/pkg/apis/postgres-operator.crunchydata.com/v1beta1/zz_generated.deepcopy.go:2123.33,2127.3 3 0
github.com/crunchydata/postgres-operator/pkg/apis/postgres-operator.crunchydata.com/v1beta1/zz_generated.deepcopy.go:2128.2,2128.27 1 0
github.com/crunchydata/postgres-operator/pkg/apis/postgres-operator.crunchydata.com/v1beta1/zz_generated.deepcopy.go:2128.27,2131.22 3 0
github.com/crunchydata/postgres-operator/pkg/apis/postgres-operator.crunchydata.com/v1beta1/zz_generated.deepcopy.go:2131.22,2133.4 1 0
github.com/crunchydata/postgres-operator/pkg/apis/postgres-operator.crunchydata.com/v1beta1/zz_generated.deepcopy.go:2135.2,2135.23 1 0
github.com/crunchydata/postgres-operator/pkg/apis/postgres-operator.crunchydata.com/v1beta1/zz_generated.deepcopy.go:2135.23,2139.3 3 0
github.com/crunchydata/postgres-operator/pkg/apis/postgres-operator.crunchydata.com/v1beta1/zz_generated.deepcopy.go:2143.76,2144.15 1 0
github.com/crunchydata/postgres-operator/pkg/apis/postgres-operator.crunchydata.com/v1beta1/zz_generated.deepcopy.go:2144.15,2146.3 1 0
github.com/crunchydata/postgres-operator/pkg/apis/postgres-operator.crunchydata.com/v1beta1/zz_generated.deepcopy.go:2147.2,2149.12 3 0
github.com/crunchydata/postgres-operator/pkg/apis/postgres-operator.crunchydata.com/v1beta1/zz_generated.deepcopy.go:2153.71,2157.21 4 0
github.com/crunchydata/postgres-operator/pkg/apis/postgres-operator.crunchydata.com/v1beta1/zz_generated.deepcopy.go:2157.21,2160.22 3 0
github.com/crunchydata/postgres-operator/pkg/apis/postgres-operator.crunchydata.com/v1beta1/zz_generated.deepcopy.go:2160.22,2162.4 1 0
github.com/crunchydata/postgres-operator/pkg/apis/postgres-operator.crunchydata.com/v1beta1/zz_generated.deepcopy.go:2167.64,2168.15 1 0
github.com/crunchydata/postgres-operator/pkg/apis/postgres-operator.crunchydata.com/v1beta1/zz_generated.deepcopy.go:2168.15,2170.3 1 0
github.com/crunchydata/postgres-operator/pkg/apis/postgres-operator.crunchydata.com/v1beta1/zz_generated.deepcopy.go:2171.2,2173.12 3 0
github.com/crunchydata/postgres-operator/pkg/apis/postgres-operator.crunchydata.com/v1beta1/zz_generated.deepcopy.go:2177.64,2178.34 1 0
github.com/crunchydata/postgres-operator/pkg/apis/postgres-operator.crunchydata.com/v1beta1/zz_generated.deepcopy.go:2178.34,2180.3 1 0
github.com/crunchydata/postgres-operator/pkg/apis/postgres-operator.crunchydata.com/v1beta1/zz_generated.deepcopy.go:2181.2,2181.12 1 0
github.com/crunchydata/postgres-operator/pkg/apis/postgres-operator.crunchydata.com/v1beta1/zz_generated.deepcopy.go:2185.71,2187.24 2 0
github.com/crunchydata/postgres-operator/pkg/apis/postgres-operator.crunchydata.com/v1beta1/zz_generated.deepcopy.go:2187.24,2191.3 3 0
github.com/crunchydata/postgres-operator/pkg/apis/postgres-operator.crunchydata.com/v1beta1/zz_generated.deepcopy.go:2192.2,2192.26 1 0
github.com/crunchydata/postgres-operator/pkg/apis/postgres-operator.crunchydata.com/v1beta1/zz_generated.deepcopy.go:2192.26,2196.3 3 0
github.com/crunchydata/postgres-operator/pkg/apis/postgres-operator.crunchydata.com/v1beta1/zz_generated.deepcopy.go:2197.2,2197.30 1 0
github.com/crunchydata/postgres-operator/pkg/apis/postgres-operator.crunchydata.com/v1beta1/zz_generated.deepcopy.go:2197.30,2201.3 3 0
github.com/crunchydata/postgres-operator/pkg/apis/postgres-operator.crunchydata.com/v1beta1/zz_generated.deepcopy.go:2202.2,2203.22 2 0
github.com/crunchydata/postgres-operator/pkg/apis/postgres-operator.crunchydata.com/v1beta1/zz_generated.deepcopy.go:2203.22,2207.3 3 0
github.com/crunchydata/postgres-operator/pkg/apis/postgres-operator.crunchydata.com/v1beta1/zz_generated.deepcopy.go:2208.2,2208.31 1 0
github.com/crunchydata/postgres-operator/pkg/apis/postgres-operator.crunchydata.com/v1beta1/zz_generated.deepcopy.go:2208.31,2212.3 3 0
github.com/crunchydata/postgres-operator/pkg/apis/postgres-operator.crunchydata.com/v1beta1/zz_generated.deepcopy.go:2213.2,2213.48 1 0
github.com/crunchydata/postgres-operator/pkg/apis/postgres-operator.crunchydata.com/v1beta1/zz_generated.deepcopy.go:2213.48,2217.3 3 0
github.com/crunchydata/postgres-operator/pkg/apis/postgres-operator.crunchydata.com/v1beta1/zz_generated.deepcopy.go:2218.2,2218.31 1 0
github.com/crunchydata/postgres-operator/pkg/apis/postgres-operator.crunchydata.com/v1beta1/zz_generated.deepcopy.go:2218.31,2222.3 3 0
github.com/crunchydata/postgres-operator/pkg/apis/postgres-operator.crunchydata.com/v1beta1/zz_generated.deepcopy.go:2223.2,2223.43 1 0
github.com/crunchydata/postgres-operator/pkg/apis/postgres-operator.crunchydata.com/v1beta1/zz_generated.deepcopy.go:2223.43,2227.3 3 0
github.com/crunchydata/postgres-operator/pkg/apis/postgres-operator.crunchydata.com/v1beta1/zz_generated.deepcopy.go:2228.2,2228.32 1 0
github.com/crunchydata/postgres-operator/pkg/apis/postgres-operator.crunchydata.com/v1beta1/zz_generated.deepcopy.go:2228.32,2232.3 3 0
github.com/crunchydata/postgres-operator/pkg/apis/postgres-operator.crunchydata.com/v1beta1/zz_generated.deepcopy.go:2233.2,2233.28 1 0
github.com/crunchydata/postgres-operator/pkg/apis/postgres-operator.crunchydata.com/v1beta1/zz_generated.deepcopy.go:2233.28,2236.22 3 0
github.com/crunchydata/postgres-operator/pkg/apis/postgres-operator.crunchydata.com/v1beta1/zz_generated.deepcopy.go:2236.22,2238.4 1 0
github.com/crunchydata/postgres-operator/pkg/apis/postgres-operator.crunchydata.com/v1beta1/zz_generated.deepcopy.go:2240.2,2240.31 1 0
github.com/crunchydata/postgres-operator/pkg/apis/postgres-operator.crunchydata.com/v1beta1/zz_generated.deepcopy.go:2240.31,2244.3 3 0
github.com/crunchydata/postgres-operator/pkg/apis/postgres-operator.crunchydata.com/v1beta1/zz_generated.deepcopy.go:2245.2,2245.25 1 0
github.com/crunchydata/postgres-operator/pkg/apis/postgres-operator.crunchydata.com/v1beta1/zz_generated.deepcopy.go:2245.25,2249.3 3 0
github.com/crunchydata/postgres-operator/pkg/apis/postgres-operator.crunchydata.com/v1beta1/zz_generated.deepcopy.go:2250.2,2250.23 1 0
github.com/crunchydata/postgres-operator/pkg/apis/postgres-operator.crunchydata.com/v1beta1/zz_generated.deepcopy.go:2250.23,2254.3 3 0
github.com/crunchydata/postgres-operator/pkg/apis/postgres-operator.crunchydata.com/v1beta1/zz_generated.deepcopy.go:2255.2,2255.22 1 0
github.com/crunchydata/postgres-operator/pkg/apis/postgres-operator.crunchydata.com/v1beta1/zz_generated.deepcopy.go:2255.22,2259.3 3 0
github.com/crunchydata/postgres-operator/pkg/apis/postgres-operator.crunchydata.com/v1beta1/zz_generated.deepcopy.go:2260.2,2260.20 1 0
github.com/crunchydata/postgres-operator/pkg/apis/postgres-operator.crunchydata.com/v1beta1/zz_generated.deepcopy.go:2260.20,2264.3 3 0
github.com/crunchydata/postgres-operator/pkg/apis/postgres-operator.crunchydata.com/v1beta1/zz_generated.deepcopy.go:2265.2,2265.21 1 0
github.com/crunchydata/postgres-operator/pkg/apis/postgres-operator.crunchydata.com/v1beta1/zz_generated.deepcopy.go:2265.21,2269.3 3 0
github.com/crunchydata/postgres-operator/pkg/apis/postgres-operator.crunchydata.com/v1beta1/zz_generated.deepcopy.go:2270.2,2270.29 1 0
github.com/crunchydata/postgres-operator/pkg/apis/postgres-operator.crunchydata.com/v1beta1/zz_generated.deepcopy.go:2270.29,2274.3 3 0
github.com/crunchydata/postgres-operator/pkg/apis/postgres-operator.crunchydata.com/v1beta1/zz_generated.deepcopy.go:2275.2,2275.26 1 0
github.com/crunchydata/postgres-operator/pkg/apis/postgres-operator.crunchydata.com/v1beta1/zz_generated.deepcopy.go:2275.26,2279.3 3 0
github.com/crunchydata/postgres-operator/pkg/apis/postgres-operator.crunchydata.com/v1beta1/zz_generated.deepcopy.go:2280.2,2280.23 1 0
github.com/crunchydata/postgres-operator/pkg/apis/postgres-operator.crunchydata.com/v1beta1/zz_generated.deepcopy.go:2280.23,2284.3 3 0
github.com/crunchydata/postgres-operator/pkg/apis/postgres-operator.crunchydata.com/v1beta1/zz_generated.deepcopy.go:2285.2,2285.30 1 0
github.com/crunchydata/postgres-operator/pkg/apis/postgres-operator.crunchydata.com/v1beta1/zz_generated.deepcopy.go:2285.30,2289.3 3 0
github.com/crunchydata/postgres-operator/pkg/apis/postgres-operator.crunchydata.com/v1beta1/zz_generated.deepcopy.go:2290.2,2290.24 1 0
github.com/crunchydata/postgres-operator/pkg/apis/postgres-operator.crunchydata.com/v1beta1/zz_generated.deepcopy.go:2290.24,2294.3 3 0
github.com/crunchydata/postgres-operator/pkg/apis/postgres-operator.crunchydata.com/v1beta1/zz_generated.deepcopy.go:2295.2,2295.23 1 0
github.com/crunchydata/postgres-operator/pkg/apis/postgres-operator.crunchydata.com/v1beta1/zz_generated.deepcopy.go:2295.23,2299.3 3 0
github.com/crunchydata/postgres-operator/pkg/apis/postgres-operator.crunchydata.com/v1beta1/zz_generated.deepcopy.go:2300.2,2300.34 1 0
github.com/crunchydata/postgres-operator/pkg/apis/postgres-operator.crunchydata.com/v1beta1/zz_generated.deepcopy.go:2300.34,2304.3 3 0
github.com/crunchydata/postgres-operator/pkg/apis/postgres-operator.crunchydata.com/v1beta1/zz_generated.deepcopy.go:2305.2,2305.21 1 0
github.com/crunchydata/postgres-operator/pkg/apis/postgres-operator.crunchydata.com/v1beta1/zz_generated.deepcopy.go:2305.21,2308.22 3 0
github.com/crunchydata/postgres-operator/pkg/apis/postgres-operator.crunchydata.com/v1beta1/zz_generated.deepcopy.go:2308.22,2310.4 1 0
github.com/crunchydata/postgres-operator/pkg/apis/postgres-operator.crunchydata.com/v1beta1/zz_generated.deepcopy.go:2315.64,2316.15 1 0
github.com/crunchydata/postgres-operator/pkg/apis/postgres-operator.crunchydata.com/v1beta1/zz_generated.deepcopy.go:2316.15,2318.3 1 0
github.com/crunchydata/postgres-operator/pkg/apis/postgres-operator.crunchydata.com/v1beta1/zz_generated.deepcopy.go:2319.2,2321.12 3 0
github.com/crunchydata/postgres-operator/pkg/apis/postgres-operator.crunchydata.com/v1beta1/zz_generated.deepcopy.go:2325.75,2327.28 2 0
github.com/crunchydata/postgres-operator/pkg/apis/postgres-operator.crunchydata.com/v1beta1/zz_generated.deepcopy.go:2327.28,2330.22 3 0
github.com/crunchydata/postgres-operator/pkg/apis/postgres-operator.crunchydata.com/v1beta1/zz_generated.deepcopy.go:2330.22,2332.4 1 0
github.com/crunchydata/postgres-operator/pkg/apis/postgres-operator.crunchydata.com/v1beta1/zz_generated.deepcopy.go:2334.2,2335.26 2 0
github.com/crunchydata/postgres-operator/pkg/apis/postgres-operator.crunchydata.com/v1beta1/zz_generated.deepcopy.go:2335.26,2339.3 3 0
github.com/crunchydata/postgres-operator/pkg/apis/postgres-operator.crunchydata.com/v1beta1/zz_generated.deepcopy.go:2340.2,2340.36 1 0
github.com/crunchydata/postgres-operator/pkg/apis/postgres-operator.crunchydata.com/v1beta1/zz_generated.deepcopy.go:2340.36,2344.3 3 0
github.com/crunchydata/postgres-operator/pkg/apis/postgres-operator.crunchydata.com/v1beta1/zz_generated.deepcopy.go:2345.2,2346.29 2 0
github.com/crunchydata/postgres-operator/pkg/apis/postgres-operator.crunchydata.com/v1beta1/zz_generated.deepcopy.go:2346.29,2350.3 3 0
github.com/crunchydata/postgres-operator/pkg/apis/postgres-operator.crunchydata.com/v1beta1/zz_generated.deepcopy.go:2351.2,2352.31 2 0
github.com/crunchydata/postgres-operator/pkg/apis/postgres-operator.crunchydata.com/v1beta1/zz_generated.deepcopy.go:2352.31,2356.3 3 0
github.com/crunchydata/postgres-operator/pkg/apis/postgres-operator.crunchydata.com/v1beta1/zz_generated.deepcopy.go:2357.2,2357.26 1 0
github.com/crunchydata/postgres-operator/pkg/apis/postgres-operator.crunchydata.com/v1beta1/zz_generated.deepcopy.go:2357.26,2360.22 3 0
github.com/crunchydata/postgres-operator/pkg/apis/postgres-operator.crunchydata.com/v1beta1/zz_generated.deepcopy.go:2360.22,2362.4 1 0
github.com/crunchydata/postgres-operator/pkg/apis/postgres-operator.crunchydata.com/v1beta1/zz_generated.deepcopy.go:2367.68,2368.15 1 0
github.com/crunchydata/postgres-operator/pkg/apis/postgres-operator.crunchydata.com/v1beta1/zz_generated.deepcopy.go:2368.15,2370.3 1 0
github.com/crunchydata/postgres-operator/pkg/apis/postgres-operator.crunchydata.com/v1beta1/zz_generated.deepcopy.go:2371.2,2373.12 3 0
github.com/crunchydata/postgres-operator/pkg/apis/postgres-operator.crunchydata.com/v1beta1/zz_generated.deepcopy.go:2377.69,2379.21 2 0
github.com/crunchydata/postgres-operator/pkg/apis/postgres-operator.crunchydata.com/v1beta1/zz_generated.deepcopy.go:2379.21,2382.22 3 0
github.com/crunchydata/postgres-operator/pkg/apis/postgres-operator.crunchydata.com/v1beta1/zz_generated.deepcopy.go:2382.22,2384.4 1 0
github.com/crunchydata/postgres-operator/pkg/apis/postgres-operator.crunchydata.com/v1beta1/zz_generated.deepcopy.go:2386.2,2386.26 1 0
github.com/crunchydata/postgres-operator/pkg/apis/postgres-operator.crunchydata.com/v1beta1/zz_generated.deepcopy.go:2386.26,2389.29 3 0
github.com/crunchydata/postgres-operator/pkg/apis/postgres-operator.crunchydata.com/v1beta1/zz_generated.deepcopy.go:2389.29,2391.4 1 0
github.com/crunchydata/postgres-operator/pkg/apis/postgres-operator.crunchydata.com/v1beta1/zz_generated.deepcopy.go:2396.62,2397.15 1 0
github.com/crunchydata/postgres-operator/pkg/apis/postgres-operator.crunchydata.com/v1beta1/zz_generated.deepcopy.go:2397.15,2399.3 1 0
github.com/crunchydata/postgres-operator/pkg/apis/postgres-operator.crunchydata.com/v1beta1/zz_generated.deepcopy.go:2400.2,2402.12 3 0
github.com/crunchydata/postgres-operator/pkg/apis/postgres-operator.crunchydata.com/v1beta1/zz_generated.deepcopy.go:2406.63,2408.25 2 0
github.com/crunchydata/postgres-operator/pkg/apis/postgres-operator.crunchydata.com/v1beta1/zz_generated.deepcopy.go:2408.25,2412.3 3 0
github.com/crunchydata/postgres-operator/pkg/apis/postgres-operator.crunchydata.com/v1beta1/zz_generated.deepcopy.go:2413.2,2413.23 1 0
github.com/crunchydata/postgres-operator/pkg/apis/postgres-operator.crunchydata.com/v1beta1/zz_generated.deepcopy.go:2413.23,2416.29 3 0
github.com/crunchydata/postgres-operator/pkg/apis/postgres-operator.crunchydata.com/v1beta1/zz_generated.deepcopy.go:2416.29,2418.4 1 0
github.com/crunchydata/postgres-operator/pkg/apis/postgres-operator.crunchydata.com/v1beta1/zz_generated.deepcopy.go:2420.2,2420.21 1 0
github.com/crunchydata/postgres-operator/pkg/apis/postgres-operator.crunchydata.com/v1beta1/zz_generated.deepcopy.go:2420.21,2424.3 3 0
github.com/crunchydata/postgres-operator/pkg/apis/postgres-operator.crunchydata.com/v1beta1/zz_generated.deepcopy.go:2428.56,2429.15 1 0
github.com/crunchydata/postgres-operator/pkg/apis/postgres-operator.crunchydata.com/v1beta1/zz_generated.deepcopy.go:2429.15,2431.3 1 0
github.com/crunchydata/postgres-operator/pkg/apis/postgres-operator.crunchydata.com/v1beta1/zz_generated.deepcopy.go:2432.2,2434.12 3 0
github.com/crunchydata/postgres-operator/pkg/apis/postgres-operator.crunchydata.com/v1beta1/zz_generated.deepcopy.go:2438.71,2441.2 2 0
github.com/crunchydata/postgres-operator/pkg/apis/postgres-operator.crunchydata.com/v1beta1/zz_generated.deepcopy.go:2444.64,2445.15 1 0
github.com/crunchydata/postgres-operator/pkg/apis/postgres-operator.crunchydata.com/v1beta1/zz_generated.deepcopy.go:2445.15,2447.3 1 0
github.com/crunchydata/postgres-operator/pkg/apis/postgres-operator.crunchydata.com/v1beta1/zz_generated.deepcopy.go:2448.2,2450.12 3 0
github.com/crunchydata/postgres-operator/pkg/apis/postgres-operator.crunchydata.com/v1beta1/zz_generated.deepcopy.go:2454.79,2456.24 2 0
github.com/crunchydata/postgres-operator/pkg/apis/postgres-operator.crunchydata.com/v1beta1/zz_generated.deepcopy.go:2456.24,2460.3 3 0
github.com/crunchydata/postgres-operator/pkg/apis/postgres-operator.crunchydata.com/v1beta1/zz_generated.deepcopy.go:2461.2,2461.24 1 0
github.com/crunchydata/postgres-operator/pkg/apis/postgres-operator.crunchydata.com/v1beta1/zz_generated.deepcopy.go:2461.24,2465.3 3 0
github.com/crunchydata/postgres-operator/pkg/apis/postgres-operator.crunchydata.com/v1beta1/zz_generated.deepcopy.go:2466.2,2466.26 1 0
github.com/crunchydata/postgres-operator/pkg/apis/postgres-operator.crunchydata.com/v1beta1/zz_generated.deepcopy.go:2466.26,2469.22 3 0
github.com/crunchydata/postgres-operator/pkg/apis/postgres-operator.crunchydata.com/v1beta1/zz_generated.deepcopy.go:2469.22,2471.4 1 0
github.com/crunchydata/postgres-operator/pkg/apis/postgres-operator.crunchydata.com/v1beta1/zz_generated.deepcopy.go:2473.2,2474.33 2 0
github.com/crunchydata/postgres-operator/pkg/apis/postgres-operator.crunchydata.com/v1beta1/zz_generated.deepcopy.go:2474.33,2478.3 3 0
github.com/crunchydata/postgres-operator/pkg/apis/postgres-operator.crunchydata.com/v1beta1/zz_generated.deepcopy.go:2479.2,2479.24 1 0
github.com/crunchydata/postgres-operator/pkg/apis/postgres-operator.crunchydata.com/v1beta1/zz_generated.deepcopy.go:2479.24,2483.3 3 0
github.com/crunchydata/postgres-operator/pkg/apis/postgres-operator.crunchydata.com/v1beta1/zz_generated.deepcopy.go:2484.2,2484.28 1 0
github.com/crunchydata/postgres-operator/pkg/apis/postgres-operator.crunchydata.com/v1beta1/zz_generated.deepcopy.go:2484.28,2488.3 3 0
github.com/crunchydata/postgres-operator/pkg/apis/postgres-operator.crunchydata.com/v1beta1/zz_generated.deepcopy.go:2489.2,2490.24 2 0
github.com/crunchydata/postgres-operator/pkg/apis/postgres-operator.crunchydata.com/v1beta1/zz_generated.deepcopy.go:2490.24,2494.3 3 0
github.com/crunchydata/postgres-operator/pkg/apis/postgres-operator.crunchydata.com/v1beta1/zz_generated.deepcopy.go:2495.2,2495.27 1 0
github.com/crunchydata/postgres-operator/pkg/apis/postgres-operator.crunchydata.com/v1beta1/zz_generated.deepcopy.go:2495.27,2498.22 3 0
github.com/crunchydata/postgres-operator/pkg/apis/postgres-operator.crunchydata.com/v1beta1/zz_generated.deepcopy.go:2498.22,2500.4 1 0
github.com/crunchydata/postgres-operator/pkg/apis/postgres-operator.crunchydata.com/v1beta1/zz_generated.deepcopy.go:2502.2,2502.41 1 0
github.com/crunchydata/postgres-operator/pkg/apis/postgres-operator.crunchydata.com/v1beta1/zz_generated.deepcopy.go:2502.41,2505.22 3 0
github.com/crunchydata/postgres-operator/pkg/apis/postgres-operator.crunchydata.com/v1beta1/zz_generated.deepcopy.go:2505.22,2507.4 1 0
github.com/crunchydata/postgres-operator/pkg/apis/postgres-operator.crunchydata.com/v1beta1/zz_generated.deepcopy.go:2509.2,2509.34 1 0
github.com/crunchydata/postgres-operator/pkg/apis/postgres-operator.crunchydata.com/v1beta1/zz_generated.deepcopy.go:2509.34,2512.3 2 0
github.com/crunchydata/postgres-operator/pkg/apis/postgres-operator.crunchydata.com/v1beta1/zz_generated.deepcopy.go:2513.2,2513.33 1 0
github.com/crunchydata/postgres-operator/pkg/apis/postgres-operator.crunchydata.com/v1beta1/zz_generated.deepcopy.go:2513.33,2516.22 3 0
github.com/crunchydata/postgres-operator/pkg/apis/postgres-operator.crunchydata.com/v1beta1/zz_generated.deepcopy.go:2516.22,2518.4 1 0
github.com/crunchydata/postgres-operator/pkg/apis/postgres-operator.crunchydata.com/v1beta1/zz_generated.deepcopy.go:2520.2,2520.23 1 0
github.com/crunchydata/postgres-operator/pkg/apis/postgres-operator.crunchydata.com/v1beta1/zz_generated.deepcopy.go:2520.23,2524.3 3 0
github.com/crunchydata/postgres-operator/pkg/apis/postgres-operator.crunchydata.com/v1beta1/zz_generated.deepcopy.go:2528.72,2529.15 1 0
github.com/crunchydata/postgres-operator/pkg/apis/postgres-operator.crunchydata.com/v1beta1/zz_generated.deepcopy.go:2529.15,2531.3 1 0
github.com/crunchydata/postgres-operator/pkg/apis/postgres-operator.crunchydata.com/v1beta1/zz_generated.deepcopy.go:2532.2,2534.12 3 0
github.com/crunchydata/postgres-operator/pkg/apis/postgres-operator.crunchydata.com/v1beta1/zz_generated.deepcopy.go:2538.83,2540.35 2 0
github.com/crunchydata/postgres-operator/pkg/apis/postgres-operator.crunchydata.com/v1beta1/zz_generated.deepcopy.go:2540.35,2543.29 3 0
github.com/crunchydata/postgres-operator/pkg/apis/postgres-operator.crunchydata.com/v1beta1/zz_generated.deepcopy.go:2543.29,2545.4 1 0
github.com/crunchydata/postgres-operator/pkg/apis/postgres-operator.crunchydata.com/v1beta1/zz_generated.deepcopy.go:2547.2,2547.34 1 0
github.com/crunchydata/postgres-operator/pkg/apis/postgres-operator.crunchydata.com/v1beta1/zz_generated.deepcopy.go:2547.34,2550.29 3 0
github.com/crunchydata/postgres-operator/pkg/apis/postgres-operator.crunchydata.com/v1beta1/zz_generated.deepcopy.go:2550.29,2552.4 1 0
github.com/crunchydata/postgres-operator/pkg/apis/postgres-operator.crunchydata.com/v1beta1/zz_generated.deepcopy.go:2557.76,2558.15 1 0
github.com/crunchydata/postgres-operator/pkg/apis/postgres-operator.crunchydata.com/v1beta1/zz_generated.deepcopy.go:2558.15,2560.3 1 0
github.com/crunchydata/postgres-operator/pkg/apis/postgres-operator.crunchydata.com/v1beta1/zz_generated.deepcopy.go:2561.2,2563.12 3 0
github.com/crunchydata/postgres-operator/pkg/apis/postgres-operator.crunchydata.com/v1beta1/zz_generated.deepcopy.go:2567.73,2569.2 1 0
github.com/crunchydata/postgres-operator/pkg/apis/postgres-operator.crunchydata.com/v1beta1/zz_generated.deepcopy.go:2572.66,2573.15 1 0
github.com/crunchydata/postgres-operator/pkg/apis/postgres-operator.crunchydata.com/v1beta1/zz_generated.deepcopy.go:2573.15,2575.3 1 0
github.com/crunchydata/postgres-operator/pkg/apis/postgres-operator.crunchydata.com/v1beta1/zz_generated.deepcopy.go:2576.2,2578.12 3 0
github.com/crunchydata/postgres-operator/pkg/apis/postgres-operator.crunchydata.com/v1beta1/zz_generated.deepcopy.go:2582.67,2584.25 2 0
github.com/crunchydata/postgres-operator/pkg/apis/postgres-operator.crunchydata.com/v1beta1/zz_generated.deepcopy.go:2584.25,2588.3 3 0
github.com/crunchydata/postgres-operator/pkg/apis/postgres-operator.crunchydata.com/v1beta1/zz_generated.deepcopy.go:2592.60,2593.15 1 0
github.com/crunchydata/postgres-operator/pkg/apis/postgres-operator.crunchydata.com/v1beta1/zz_generated.deepcopy.go:2593.15,2595.3 1 0
github.com/crunchydata/postgres-operator/pkg/apis/postgres-operator.crunchydata.com/v1beta1/zz_generated.deepcopy.go:2596.2,2598.12 3 0
github.com/crunchydata/postgres-operator/pkg/apis/postgres-operator.crunchydata.com/v1beta1/zz_generated.deepcopy.go:2602.71,2605.2 2 0
github.com/crunchydata/postgres-operator/pkg/apis/postgres-operator.crunchydata.com/v1beta1/zz_generated.deepcopy.go:2608.64,2609.15 1 0
github.com/crunchydata/postgres-operator/pkg/apis/postgres-operator.crunchydata.com/v1beta1/zz_generated.deepcopy.go:2609.15,2611.3 1 0
github.com/crunchydata/postgres-operator/pkg/apis/postgres-operator.crunchydata.com/v1beta1/zz_generated.deepcopy.go:2612.2,2614.12 3 0
github.com/crunchydata/postgres-operator/pkg/apis/postgres-operator.crunchydata.com/v1beta1/zz_generated.deepcopy.go:2618.71,2620.20 2 0
github.com/crunchydata/postgres-operator/pkg/apis/postgres-operator.crunchydata.com/v1beta1/zz_generated.deepcopy.go:2620.20,2624.3 3 0
github.com/crunchydata/postgres-operator/pkg/apis/postgres-operator.crunchydata.com/v1beta1/zz_generated.deepcopy.go:2628.64,2629.15 1 0
github.com/crunchydata/postgres-operator/pkg/apis/postgres-operator.crunchydata.com/v1beta1/zz_generated.deepcopy.go:2629.15,2631.3 1 0
github.com/crunchydata/postgres-operator/pkg/apis/postgres-operator.crunchydata.com/v1beta1/zz_generated.deepcopy.go:2632.2,2634.12 3 0
github.com/crunchydata/postgres-operator/pkg/apis/postgres-operator.crunchydata.com/v1beta1/zz_generated.deepcopy.go:2638.87,2641.2 2 0
github.com/crunchydata/postgres-operator/pkg/apis/postgres-operator.crunchydata.com/v1beta1/zz_generated.deepcopy.go:2644.80,2645.15 1 0
github.com/crunchydata/postgres-operator/pkg/apis/postgres-operator.crunchydata.com/v1beta1/zz_generated.deepcopy.go:2645.15,2647.3 1 0
github.com/crunchydata/postgres-operator/pkg/apis/postgres-operator.crunchydata.com/v1beta1/zz_generated.deepcopy.go:2648.2,2650.12 3 0
github.com/crunchydata/postgres-operator/pkg/apis/postgres-operator.crunchydata.com/v1beta1/zz_generated.deepcopy.go:2654.65,2656.25 2 0
github.com/crunchydata/postgres-operator/pkg/apis/postgres-operator.crunchydata.com/v1beta1/zz_generated.deepcopy.go:2656.25,2660.3 3 0
github.com/crunchydata/postgres-operator/pkg/apis/postgres-operator.crunchydata.com/v1beta1/zz_generated.deepcopy.go:2661.2,2661.24 1 0
github.com/crunchydata/postgres-operator/pkg/apis/postgres-operator.crunchydata.com/v1beta1/zz_generated.deepcopy.go:2661.24,2665.3 3 0
github.com/crunchydata/postgres-operator/pkg/apis/postgres-operator.crunchydata.com/v1beta1/zz_generated.deepcopy.go:2669.58,2670.15 1 0
github.com/crunchydata/postgres-operator/pkg/apis/postgres-operator.crunchydata.com/v1beta1/zz_generated.deepcopy.go:2670.15,2672.3 1 0
github.com/crunchydata/postgres-operator/pkg/apis/postgres-operator.crunchydata.com/v1beta1/zz_generated.deepcopy.go:2673.2,2675.12 3 0
github.com/crunchydata/postgres-operator/pkg/apis/postgres-operator.crunchydata.com/v1beta1/zz_generated.deepcopy.go:2679.71,2681.26 2 0
github.com/crunchydata/postgres-operator/pkg/apis/postgres-operator.crunchydata.com/v1beta1/zz_generated.deepcopy.go:2681.26,2684.22 3 0
github.com/crunchydata/postgres-operator/pkg/apis/postgres-operator.crunchydata.com/v1beta1/zz_generated.deepcopy.go:2684.22,2686.4 1 0
github.com/crunchydata/postgres-operator/pkg/apis/postgres-operator.crunchydata.com/v1beta1/zz_generated.deepcopy.go:2688.2,2688.20 1 0
github.com/crunchydata/postgres-operator/pkg/apis/postgres-operator.crunchydata.com/v1beta1/zz_generated.deepcopy.go:2688.20,2691.3 2 0
github.com/crunchydata/postgres-operator/pkg/apis/postgres-operator.crunchydata.com/v1beta1/zz_generated.deepcopy.go:2695.64,2696.15 1 0
github.com/crunchydata/postgres-operator/pkg/apis/postgres-operator.crunchydata.com/v1beta1/zz_generated.deepcopy.go:2696.15,2698.3 1 0
github.com/crunchydata/postgres-operator/pkg/apis/postgres-operator.crunchydata.com/v1beta1/zz_generated.deepcopy.go:2699.2,2701.12 3 0
github.com/crunchydata/postgres-operator/pkg/apis/postgres-operator.crunchydata.com/v1beta1/zz_generated.deepcopy.go:2705.91,2707.2 1 0
github.com/crunchydata/postgres-operator/pkg/apis/postgres-operator.crunchydata.com/v1beta1/zz_generated.deepcopy.go:2710.84,2711.15 1 0
github.com/crunchydata/postgres-operator/pkg/apis/postgres-operator.crunchydata.com/v1beta1/zz_generated.deepcopy.go:2711.15,2713.3 1 0
github.com/crunchydata/postgres-operator/pkg/apis/postgres-operator.crunchydata.com/v1beta1/zz_generated.deepcopy.go:2714.2,2716.12 3 0
github.com/crunchydata/postgres-operator/pkg/apis/postgres-operator.crunchydata.com/v1beta1/zz_generated.deepcopy.go:2720.51,2722.2 1 0
github.com/crunchydata/postgres-operator/pkg/apis/postgres-operator.crunchydata.com/v1beta1/zz_generated.deepcopy.go:2725.44,2726.15 1 0
github.com/crunchydata/postgres-operator/pkg/apis/postgres-operator.crunchydata.com/v1beta1/zz_generated.deepcopy.go:2726.15,2728.3 1 0
github.com/crunchydata/postgres-operator/pkg/apis/postgres-operator.crunchydata.com/v1beta1/zz_generated.deepcopy.go:2729.2,2731.12 3 0
github.com/crunchydata/postgres-operator/pkg/apis/postgres-operator.crunchydata.com/v1beta1/zz_generated.deepcopy.go:2735.47,2737.2 1 0
github.com/crunchydata/postgres-operator/pkg/apis/postgres-operator.crunchydata.com/v1beta1/zz_generated.deepcopy.go:2740.40,2741.15 1 0
github.com/crunchydata/postgres-operator/pkg/apis/postgres-operator.crunchydata.com/v1beta1/zz_generated.deepcopy.go:2741.15,2743.3 1 0
github.com/crunchydata/postgres-operator/pkg/apis/postgres-operator.crunchydata.com/v1beta1/zz_generated.deepcopy.go:2744.2,2746.12 3 0
github.com/crunchydata/postgres-operator/pkg/apis/postgres-operator.crunchydata.com/v1beta1/zz_generated.deepcopy.go:2750.61,2753.2 2 0
github.com/crunchydata/postgres-operator/pkg/apis/postgres-operator.crunchydata.com/v1beta1/zz_generated.deepcopy.go:2756.54,2757.15 1 0
github.com/crunchydata/postgres-operator/pkg/apis/postgres-operator.crunchydata.com/v1beta1/zz_generated.deepcopy.go:2757.15,2759.3 1 0
github.com/crunchydata/postgres-operator/pkg/apis/postgres-operator.crunchydata.com/v1beta1/zz_generated.deepcopy.go:2760.2,2762.12 3 0
github.com/crunchydata/postgres-operator/pkg/apis/postgres-operator.crunchydata.com/v1beta1/zz_generated.deepcopy.go:2766.47,2769.2 2 0
github.com/crunchydata/postgres-operator/pkg/apis/postgres-operator.crunchydata.com/v1beta1/zz_generated.deepcopy.go:2772.40,2773.15 1 0
github.com/crunchydata/postgres-operator/pkg/apis/postgres-operator.crunchydata.com/v1beta1/zz_generated.deepcopy.go:2773.15,2775.3 1 0
github.com/crunchydata/postgres-operator/pkg/apis/postgres-operator.crunchydata.com/v1beta1/zz_generated.deepcopy.go:2776.2,2778.12 3 0
github.com/crunchydata/postgres-operator/pkg/apis/postgres-operator.crunchydata.com/v1beta1/zz_generated.deepcopy.go:2782.45,2784.2 1 0
github.com/crunchydata/postgres-operator/pkg/apis/postgres-operator.crunchydata.com/v1beta1/zz_generated.deepcopy.go:2787.38,2788.15 1 0
github.com/crunchydata/postgres-operator/pkg/apis/postgres-operator.crunchydata.com/v1beta1/zz_generated.deepcopy.go:2788.15,2790.3 1 0
github.com/crunchydata/postgres-operator/pkg/apis/postgres-operator.crunchydata.com/v1beta1/zz_generated.deepcopy.go:2791.2,2793.12 3 0
github.com/crunchydata/postgres-operator/pkg/apis/postgres-operator.crunchydata.com/v1beta1/zz_generated.deepcopy.go:2797.53,2799.2 1 0
github.com/crunchydata/postgres-operator/pkg/apis/postgres-operator.crunchydata.com/v1beta1/zz_generated.deepcopy.go:2802.46,2803.15 1 0
github.com/crunchydata/postgres-operator/pkg/apis/postgres-operator.crunchydata.com/v1beta1/zz_generated.deepcopy.go:2803.15,2805.3 1 0
github.com/crunchydata/postgres-operator/pkg/apis/postgres-operator.crunchydata.com/v1beta1/zz_generated.deepcopy.go:2806.2,2808.12 3 0
github.com/crunchydata/postgres-operator/pkg/apis/postgres-operator.crunchydata.com/v1beta1/zz_generated.deepcopy.go:2812.64,2813.2 1 0
github.com/crunchydata/postgres-operator/pkg/apis/postgres-operator.crunchydata.com/v1beta1/zz_generated.deepcopy.go:2813.2,2816.3 2 0
github.com/crunchydata/postgres-operator/pkg/apis/postgres-operator.crunchydata.com/v1beta1/zz_generated.deepcopy.go:2820.57,2822.2 1 0
github.com/crunchydata/postgres-operator/pkg/apis/postgres-operator.crunchydata.com/v1beta1/zz_generated.deepcopy.go:2825.50,2826.15 1 0
github.com/crunchydata/postgres-operator/pkg/apis/postgres-operator.crunchydata.com/v1beta1/zz_generated.deepcopy.go:2826.15,2828.3 1 0
github.com/crunchydata/postgres-operator/pkg/apis/postgres-operator.crunchydata.com/v1beta1/zz_generated.deepcopy.go:2829.2,2831.12 3 0
github.com/crunchydata/postgres-operator/pkg/apis/postgres-operator.crunchydata.com/v1beta1/zz_generated.deepcopy.go:2835.55,2838.2 2 0
github.com/crunchydata/postgres-operator/pkg/apis/postgres-operator.crunchydata.com/v1beta1/zz_generated.deepcopy.go:2841.48,2842.15 1 0
github.com/crunchydata/postgres-operator/pkg/apis/postgres-operator.crunchydata.com/v1beta1/zz_generated.deepcopy.go:2842.15,2844.3 1 0
github.com/crunchydata/postgres-operator/pkg/apis/postgres-operator.crunchydata.com/v1beta1/zz_generated.deepcopy.go:2845.2,2847.12 3 0
github.com/crunchydata/postgres-operator/pkg/apis/postgres-operator.crunchydata.com/v1beta1/zz_generated.deepcopy.go:2851.55,2853.24 2 0
github.com/crunchydata/postgres-operator/pkg/apis/postgres-operator.crunchydata.com/v1beta1/zz_generated.deepcopy.go:2853.24,2857.3 3 0
github.com/crunchydata/postgres-operator/pkg/apis/postgres-operator.crunchydata.com/v1beta1/zz_generated.deepcopy.go:2858.2,2858.24 1 0
github.com/crunchydata/postgres-operator/pkg/apis/postgres-operator.crunchydata.com/v1beta1/zz_generated.deepcopy.go:2858.24,2862.3 3 0
github.com/crunchydata/postgres-operator/pkg/apis/postgres-operator.crunchydata.com/v1beta1/zz_generated.deepcopy.go:2863.2,2863.30 1 0
github.com/crunchydata/postgres-operator/pkg/apis/postgres-operator.crunchydata.com/v1beta1/zz_generated.deepcopy.go:2863.30,2867.3 3 0
github.com/crunchydata/postgres-operator/pkg/apis/postgres-operator.crunchydata.com/v1beta1/zz_generated.deepcopy.go:2868.2,2868.26 1 0
github.com/crunchydata/postgres-operator/pkg/apis/postgres-operator.crunchydata.com/v1beta1/zz_generated.deepcopy.go:2868.26,2872.3 3 0
github.com/crunchydata/postgres-operator/pkg/apis/postgres-operator.crunchydata.com/v1beta1/zz_generated.deepcopy.go:2873.2,2873.37 1 0
github.com/crunchydata/postgres-operator/pkg/apis/postgres-operator.crunchydata.com/v1beta1/zz_generated.deepcopy.go:2873.37,2877.3 3 0
github.com/crunchydata/postgres-operator/pkg/apis/postgres-operator.crunchydata.com/v1beta1/zz_generated.deepcopy.go:2878.2,2878.37 1 0
github.com/crunchydata/postgres-operator/pkg/apis/postgres-operator.crunchydata.com/v1beta1/zz_generated.deepcopy.go:2878.37,2882.3 3 0
github.com/crunchydata/postgres-operator/pkg/apis/postgres-operator.crunchydata.com/v1beta1/zz_generated.deepcopy.go:2886.48,2887.15 1 0
github.com/crunchydata/postgres-operator/pkg/apis/postgres-operator.crunchydata.com/v1beta1/zz_generated.deepcopy.go:2887.15,2889.3 1 0
github.com/crunchydata/postgres-operator/pkg/apis/postgres-operator.crunchydata.com/v1beta1/zz_generated.deepcopy.go:2890.2,2892.12 3 0
github.com/crunchydata/postgres-operator/pkg/apis/postgres-operator.crunchydata.com/v1beta1/zz_generated.deepcopy.go:2896.47,2898.25 2 0
github.com/crunchydata/postgres-operator/pkg/apis/postgres-operator.crunchydata.com/v1beta1/zz_generated.deepcopy.go:2898.25,2902.3 3 0
github.com/crunchydata/postgres-operator/pkg/apis/postgres-operator.crunchydata.com/v1beta1/zz_generated.deepcopy.go:2906.40,2907.15 1 0
github.com/crunchydata/postgres-operator/pkg/apis/postgres-operator.crunchydata.com/v1beta1/zz_generated.deepcopy.go:2907.15,2909.3 1 0
github.com/crunchydata/postgres-operator/pkg/apis/postgres-operator.crunchydata.com/v1beta1/zz_generated.deepcopy.go:2910.2,2912.12 3 0
github.com/crunchydata/postgres-operator/pkg/apis/postgres-operator.crunchydata.com/v1beta1/zz_generated.deepcopy.go:2916.93,2918.21 2 0
github.com/crunchydata/postgres-operator/pkg/apis/postgres-operator.crunchydata.com/v1beta1/zz_generated.deepcopy.go:2918.21,2921.22 3 0
github.com/crunchydata/postgres-operator/pkg/apis/postgres-operator.crunchydata.com/v1beta1/zz_generated.deepcopy.go:2921.22,2923.4 1 0
github.com/crunchydata/postgres-operator/pkg/apis/postgres-operator.crunchydata.com/v1beta1/zz_generated.deepcopy.go:2925.2,2925.33 1 0
github.com/crunchydata/postgres-operator/pkg/apis/postgres-operator.crunchydata.com/v1beta1/zz_generated.deepcopy.go:2925.33,2929.3 3 0
github.com/crunchydata/postgres-operator/pkg/apis/postgres-operator.crunchydata.com/v1beta1/zz_generated.deepcopy.go:2930.2,2931.32 2 0
github.com/crunchydata/postgres-operator/pkg/apis/postgres-operator.crunchydata.com/v1beta1/zz_generated.deepcopy.go:2931.32,2935.3 3 0
github.com/crunchydata/postgres-operator/pkg/apis/postgres-operator.crunchydata.com/v1beta1/zz_generated.deepcopy.go:2936.2,2937.35 2 0
github.com/crunchydata/postgres-operator/pkg/apis/postgres-operator.crunchydata.com/v1beta1/zz_generated.deepcopy.go:2937.35,2940.22 3 0
github.com/crunchydata/postgres-operator/pkg/apis/postgres-operator.crunchydata.com/v1beta1/zz_generated.deepcopy.go:2940.22,2942.4 1 0
github.com/crunchydata/postgres-operator/pkg/apis/postgres-operator.crunchydata.com/v1beta1/zz_generated.deepcopy.go:2947.86,2948.15 1 0
github.com/crunchydata/postgres-operator/pkg/apis/postgres-operator.crunchydata.com/v1beta1/zz_generated.deepcopy.go:2948.15,2950.3 1 0
github.com/crunchydata/postgres-operator/pkg/apis/postgres-operator.crunchydata.com/v1beta1/zz_generated.deepcopy.go:2951.2,2953.12 3 0
github.com/crunchydata/postgres-operator/pkg/apis/postgres-operator.crunchydata.com/v1beta1/zz_generated.deepcopy.go:2957.65,2960.2 2 0
github.com/crunchydata/postgres-operator/pkg/apis/postgres-operator.crunchydata.com/v1beta1/zz_generated.deepcopy.go:2963.58,2964.15 1 0
github.com/crunchydata/postgres-operator/pkg/apis/postgres-operator.crunchydata.com/v1beta1/zz_generated.deepcopy.go:2964.15,2966.3 1 0
github.com/crunchydata/postgres-operator/pkg/apis/postgres-operator.crunchydata.com/v1beta1/zz_generated.deepcopy.go:2967.2,2969.12 3 0
github.com/crunchydata/postgres-operator/pkg/apis/postgres-operator.crunchydata.com/v1beta1/zz_generated.deepcopy.go:2973.65,2975.2 1 0
github.com/crunchydata/postgres-operator/pkg/apis/postgres-operator.crunchydata.com/v1beta1/zz_generated.deepcopy.go:2978.58,2979.15 1 0
github.com/crunchydata/postgres-operator/pkg/apis/postgres-operator.crunchydata.com/v1beta1/zz_generated.deepcopy.go:2979.15,2981.3 1 0
github.com/crunchydata/postgres-operator/pkg/apis/postgres-operator.crunchydata.com/v1beta1/zz_generated.deepcopy.go:2982.2,2984.12 3 0
github.com/crunchydata/postgres-operator/pkg/apis/postgres-operator.crunchydata.com/v1beta1/zz_generated.deepcopy.go:2988.67,2990.23 2 0
github.com/crunchydata/postgres-operator/pkg/apis/postgres-operator.crunchydata.com/v1beta1/zz_generated.deepcopy.go:2990.23,2994.3 3 0
github.com/crunchydata/postgres-operator/pkg/apis/postgres-operator.crunchydata.com/v1beta1/zz_generated.deepcopy.go:2998.60,2999.15 1 0
github.com/crunchydata/postgres-operator/pkg/apis/postgres-operator.crunchydata.com/v1beta1/zz_generated.deepcopy.go:2999.15,3001.3 1 0
github.com/crunchydata/postgres-operator/pkg/apis/postgres-operator.crunchydata.com/v1beta1/zz_generated.deepcopy.go:3002.2,3004.12 3 0
github.com/crunchydata/postgres-operator/pkg/apis/postgres-operator.crunchydata.com/v1beta1/zz_generated.deepcopy.go:3008.56,3009.15 1 0
github.com/crunchydata/postgres-operator/pkg/apis/postgres-operator.crunchydata.com/v1beta1/zz_generated.deepcopy.go:3009.15,3011.3 1 0
github.com/crunchydata/postgres-operator/pkg/apis/postgres-operator.crunchydata.com/v1beta1/zz_generated.deepcopy.go:3012.2,3014.12 3 0
github.com/crunchydata/postgres-operator/pkg/apis/postgres-operator.crunchydata.com/v1beta1/zz_generated.deepcopy.go:3018.80,3019.15 1 0
github.com/crunchydata/postgres-operator/pkg/apis/postgres-operator.crunchydata.com/v1beta1/zz_generated.deepcopy.go:3019.15,3021.3 1 0
github.com/crunchydata/postgres-operator/pkg/apis/postgres-operator.crunchydata.com/v1beta1/zz_generated.deepcopy.go:3022.2,3024.12 3 0
github.com/crunchydata/postgres-operator/pkg/apis/postgres-operator.crunchydata.com/v1beta1/zz_generated.deepcopy.go:3028.63,3030.2 1 0
github.com/crunchydata/postgres-operator/pkg/apis/postgres-operator.crunchydata.com/v1beta1/zz_generated.deepcopy.go:3033.56,3034.15 1 0
github.com/crunchydata/postgres-operator/pkg/apis/postgres-operator.crunchydata.com/v1beta1/zz_generated.deepcopy.go:3034.15,3036.3 1 0
github.com/crunchydata/postgres-operator/pkg/apis/postgres-operator.crunchydata.com/v1beta1/zz_generated.deepcopy.go:3037.2,3039.12 3 0
github.com/crunchydata/postgres-operator/internal/util/pgbackrest.go:19.87,22.58 2 2
github.com/crunchydata/postgres-operator/internal/util/pgbackrest.go:22.58,24.3 1 1
github.com/crunchydata/postgres-operator/internal/util/pgbackrest.go:25.2,25.32 1 2
github.com/crunchydata/postgres-operator/internal/util/pod_security.go:17.95,23.36 2 6
github.com/crunchydata/postgres-operator/internal/util/pod_security.go:23.36,24.44 1 9
github.com/crunchydata/postgres-operator/internal/util/pod_security.go:24.44,26.4 1 6
github.com/crunchydata/postgres-operator/internal/util/pod_security.go:35.2,35.17 1 6
github.com/crunchydata/postgres-operator/internal/util/pod_security.go:35.17,37.3 1 4
github.com/crunchydata/postgres-operator/internal/util/pod_security.go:39.2,39.12 1 6
github.com/crunchydata/postgres-operator/internal/util/secrets.go:22.64,25.24 2 36
github.com/crunchydata/postgres-operator/internal/util/secrets.go:25.24,26.32 1 577
github.com/crunchydata/postgres-operator/internal/util/secrets.go:26.32,28.4 1 576
github.com/crunchydata/postgres-operator/internal/util/secrets.go:28.9,30.4 1 1
github.com/crunchydata/postgres-operator/internal/util/secrets.go:33.2,33.28 1 35
github.com/crunchydata/postgres-operator/internal/util/secrets.go:37.75,38.19 1 6
github.com/crunchydata/postgres-operator/internal/util/secrets.go:38.19,39.36 1 2
github.com/crunchydata/postgres-operator/internal/util/secrets.go:41.2,41.21 1 4
github.com/crunchydata/postgres-operator/internal/util/secrets.go:41.21,42.33 1 1
github.com/crunchydata/postgres-operator/internal/util/secrets.go:45.2,47.30 2 3
github.com/crunchydata/postgres-operator/internal/util/secrets.go:47.30,48.51 1 563
github.com/crunchydata/postgres-operator/internal/util/secrets.go:48.51,50.4 1 562
github.com/crunchydata/postgres-operator/internal/util/secrets.go:50.9,52.4 1 1
github.com/crunchydata/postgres-operator/internal/util/secrets.go:62.63,64.2 1 17
github.com/crunchydata/postgres-operator/internal/util/secrets.go:77.56,79.2 1 17
github.com/crunchydata/postgres-operator/internal/util/volumes.go:23.75,29.2 1 9
github.com/crunchydata/postgres-operator/internal/util/volumes.go:33.102,35.2 1 7
github.com/crunchydata/postgres-operator/internal/util/volumes.go:40.70,47.81 2 1
github.com/crunchydata/postgres-operator/internal/util/volumes.go:47.81,54.3 1 1
github.com/crunchydata/postgres-operator/internal/util/volumes.go:57.137,60.31 2 8
github.com/crunchydata/postgres-operator/internal/util/volumes.go:60.31,63.24 2 10
github.com/crunchydata/postgres-operator/internal/util/volumes.go:63.24,65.4 1 2
github.com/crunchydata/postgres-operator/internal/util/volumes.go:67.3,78.36 4 10
github.com/crunchydata/postgres-operator/internal/util/volumes.go:78.36,79.51 1 21
github.com/crunchydata/postgres-operator/internal/util/volumes.go:79.51,82.5 2 15
github.com/crunchydata/postgres-operator/internal/util/volumes.go:83.4,83.24 1 21
github.com/crunchydata/postgres-operator/internal/util/volumes.go:86.3,86.40 1 10
github.com/crunchydata/postgres-operator/internal/util/volumes.go:86.40,87.51 1 20
github.com/crunchydata/postgres-operator/internal/util/volumes.go:87.51,90.5 2 12
github.com/crunchydata/postgres-operator/internal/util/volumes.go:91.4,91.24 1 20
github.com/crunchydata/postgres-operator/internal/util/volumes.go:94.3,94.73 1 10
github.com/crunchydata/postgres-operator/internal/util/volumes.go:97.2,97.26 1 8
github.com/crunchydata/postgres-operator/internal/util/volumes.go:111.86,122.41 3 7
github.com/crunchydata/postgres-operator/internal/util/volumes.go:122.41,123.43 1 6
github.com/crunchydata/postgres-operator/internal/util/volumes.go:123.43,125.4 1 2
github.com/crunchydata/postgres-operator/internal/util/volumes.go:126.3,126.45 1 6
github.com/crunchydata/postgres-operator/internal/util/volumes.go:126.45,130.4 2 5
github.com/crunchydata/postgres-operator/internal/util/volumes.go:132.2,132.25 1 7
github.com/crunchydata/postgres-operator/internal/pgbackrest/certificates.go:41.64,44.23 2 20
github.com/crunchydata/postgres-operator/internal/pgbackrest/certificates.go:44.23,45.51 1 23
github.com/crunchydata/postgres-operator/internal/pgbackrest/certificates.go:45.51,47.4 1 22
github.com/crunchydata/postgres-operator/internal/pgbackrest/certificates.go:47.9,49.4 1 1
github.com/crunchydata/postgres-operator/internal/pgbackrest/certificates.go:52.2,52.17 1 19
github.com/crunchydata/postgres-operator/internal/pgbackrest/certificates.go:57.46,77.2 1 8
github.com/crunchydata/postgres-operator/internal/pgbackrest/certificates.go:80.53,89.2 1 16
github.com/crunchydata/postgres-operator/internal/pgbackrest/certificates.go:93.54,109.2 1 2
github.com/crunchydata/postgres-operator/internal/pgbackrest/certificates.go:113.56,129.2 1 1
github.com/crunchydata/postgres-operator/internal/pgbackrest/config.go:79.53,124.66 11 9
github.com/crunchydata/postgres-operator/internal/pgbackrest/config.go:124.66,139.72 3 4
github.com/crunchydata/postgres-operator/internal/pgbackrest/config.go:139.72,149.62 2 0
github.com/crunchydata/postgres-operator/internal/pgbackrest/config.go:149.62,154.5 1 0
github.com/crunchydata/postgres-operator/internal/pgbackrest/config.go:158.2,158.39 1 9
github.com/crunchydata/postgres-operator/internal/pgbackrest/config.go:158.39,168.3 1 3
github.com/crunchydata/postgres-operator/internal/pgbackrest/config.go:170.2,172.16 2 9
github.com/crunchydata/postgres-operator/internal/pgbackrest/config.go:178.43,193.45 3 1
github.com/crunchydata/postgres-operator/internal/pgbackrest/config.go:193.45,194.51 1 1
github.com/crunchydata/postgres-operator/internal/pgbackrest/config.go:194.51,196.9 2 1
github.com/crunchydata/postgres-operator/internal/pgbackrest/config.go:199.2,201.26 2 1
github.com/crunchydata/postgres-operator/internal/pgbackrest/config.go:215.115,326.2 8 2
github.com/crunchydata/postgres-operator/internal/pgbackrest/config.go:333.84,362.2 2 1
github.com/crunchydata/postgres-operator/internal/pgbackrest/config.go:371.17,388.29 7 9
github.com/crunchydata/postgres-operator/internal/pgbackrest/config.go:388.29,394.25 2 9
github.com/crunchydata/postgres-operator/internal/pgbackrest/config.go:394.25,395.58 1 5
github.com/crunchydata/postgres-operator/internal/pgbackrest/config.go:395.58,397.5 1 12
github.com/crunchydata/postgres-operator/internal/pgbackrest/config.go:402.3,402.47 1 9
github.com/crunchydata/postgres-operator/internal/pgbackrest/config.go:402.47,409.4 6 4
github.com/crunchydata/postgres-operator/internal/pgbackrest/config.go:412.2,412.40 1 9
github.com/crunchydata/postgres-operator/internal/pgbackrest/config.go:412.40,414.3 1 3
github.com/crunchydata/postgres-operator/internal/pgbackrest/config.go:418.2,422.27 4 9
github.com/crunchydata/postgres-operator/internal/pgbackrest/config.go:422.27,426.3 3 2
github.com/crunchydata/postgres-operator/internal/pgbackrest/config.go:428.2,431.3 1 9
github.com/crunchydata/postgres-operator/internal/pgbackrest/config.go:441.17,446.29 3 4
github.com/crunchydata/postgres-operator/internal/pgbackrest/config.go:446.29,452.25 2 7
github.com/crunchydata/postgres-operator/internal/pgbackrest/config.go:452.25,453.58 1 3
github.com/crunchydata/postgres-operator/internal/pgbackrest/config.go:453.58,455.5 1 8
github.com/crunchydata/postgres-operator/internal/pgbackrest/config.go:461.2,461.19 1 4
github.com/crunchydata/postgres-operator/internal/pgbackrest/config.go:461.19,463.3 1 0
github.com/crunchydata/postgres-operator/internal/pgbackrest/config.go:463.8,465.3 1 4
github.com/crunchydata/postgres-operator/internal/pgbackrest/config.go:467.2,467.40 1 4
github.com/crunchydata/postgres-operator/internal/pgbackrest/config.go:467.40,469.3 1 1
github.com/crunchydata/postgres-operator/internal/pgbackrest/config.go:472.2,472.33 1 4
github.com/crunchydata/postgres-operator/internal/pgbackrest/config.go:472.33,488.28 10 4
github.com/crunchydata/postgres-operator/internal/pgbackrest/config.go:488.28,492.4 3 1
github.com/crunchydata/postgres-operator/internal/pgbackrest/config.go:495.2,498.3 1 4
github.com/crunchydata/postgres-operator/internal/pgbackrest/config.go:506.17,511.29 3 3
github.com/crunchydata/postgres-operator/internal/pgbackrest/config.go:511.29,512.25 1 6
github.com/crunchydata/postgres-operator/internal/pgbackrest/config.go:512.25,513.12 1 1
github.com/crunchydata/postgres-operator/internal/pgbackrest/config.go:516.3,518.57 2 5
github.com/crunchydata/postgres-operator/internal/pgbackrest/config.go:518.57,520.4 1 12
github.com/crunchydata/postgres-operator/internal/pgbackrest/config.go:524.2,524.19 1 3
github.com/crunchydata/postgres-operator/internal/pgbackrest/config.go:524.19,526.3 1 1
github.com/crunchydata/postgres-operator/internal/pgbackrest/config.go:526.8,528.3 1 2
github.com/crunchydata/postgres-operator/internal/pgbackrest/config.go:530.2,530.40 1 3
github.com/crunchydata/postgres-operator/internal/pgbackrest/config.go:530.40,532.3 1 3
github.com/crunchydata/postgres-operator/internal/pgbackrest/config.go:535.2,535.33 1 3
github.com/crunchydata/postgres-operator/internal/pgbackrest/config.go:535.33,551.28 10 3
github.com/crunchydata/postgres-operator/internal/pgbackrest/config.go:551.28,555.4 3 0
github.com/crunchydata/postgres-operator/internal/pgbackrest/config.go:558.2,561.3 1 3
github.com/crunchydata/postgres-operator/internal/pgbackrest/config.go:566.76,570.23 2 13
github.com/crunchydata/postgres-operator/internal/pgbackrest/config.go:570.23,573.3 2 3
github.com/crunchydata/postgres-operator/internal/pgbackrest/config.go:573.8,573.28 1 10
github.com/crunchydata/postgres-operator/internal/pgbackrest/config.go:573.28,576.3 2 7
github.com/crunchydata/postgres-operator/internal/pgbackrest/config.go:576.8,576.27 1 3
github.com/crunchydata/postgres-operator/internal/pgbackrest/config.go:576.27,581.3 4 3
github.com/crunchydata/postgres-operator/internal/pgbackrest/config.go:583.2,583.20 1 13
github.com/crunchydata/postgres-operator/internal/pgbackrest/config.go:589.74,601.29 9 4
github.com/crunchydata/postgres-operator/internal/pgbackrest/config.go:601.29,603.72 1 0
github.com/crunchydata/postgres-operator/internal/pgbackrest/config.go:603.72,604.12 1 0
github.com/crunchydata/postgres-operator/internal/pgbackrest/config.go:606.3,607.20 2 0
github.com/crunchydata/postgres-operator/internal/pgbackrest/config.go:608.16,609.64 1 0
github.com/crunchydata/postgres-operator/internal/pgbackrest/config.go:610.16,611.64 1 0
github.com/crunchydata/postgres-operator/internal/pgbackrest/config.go:612.16,613.64 1 0
github.com/crunchydata/postgres-operator/internal/pgbackrest/config.go:614.16,615.64 1 0
github.com/crunchydata/postgres-operator/internal/pgbackrest/config.go:645.2,739.72 3 4
github.com/crunchydata/postgres-operator/internal/pgbackrest/config.go:743.67,770.80 4 11
github.com/crunchydata/postgres-operator/internal/pgbackrest/config.go:770.80,772.3 1 1
github.com/crunchydata/postgres-operator/internal/pgbackrest/config.go:777.2,799.3 9 11
github.com/crunchydata/postgres-operator/internal/pgbackrest/config.go:807.71,808.61 1 11
github.com/crunchydata/postgres-operator/internal/pgbackrest/config.go:808.61,809.25 1 12
github.com/crunchydata/postgres-operator/internal/pgbackrest/config.go:809.25,814.61 1 9
github.com/crunchydata/postgres-operator/internal/pgbackrest/config.go:814.61,816.5 1 2
github.com/crunchydata/postgres-operator/internal/pgbackrest/config.go:817.4,817.63 1 7
github.com/crunchydata/postgres-operator/internal/pgbackrest/config.go:820.2,820.11 1 2
github.com/crunchydata/postgres-operator/internal/pgbackrest/encryption.go:126.78,128.24 2 6
github.com/crunchydata/postgres-operator/internal/pgbackrest/encryption.go:128.24,130.3 1 1
github.com/crunchydata/postgres-operator/internal/pgbackrest/encryption.go:132.2,132.56 1 5
github.com/crunchydata/postgres-operator/internal/pgbackrest/encryption.go:132.56,134.3 1 1
github.com/crunchydata/postgres-operator/internal/pgbackrest/encryption.go:136.2,143.62 2 4
github.com/crunchydata/postgres-operator/internal/pgbackrest/encryption.go:143.62,145.3 1 1
github.com/crunchydata/postgres-operator/internal/pgbackrest/encryption.go:148.2,148.67 1 4
github.com/crunchydata/postgres-operator/internal/pgbackrest/encryption.go:148.67,150.3 1 2
github.com/crunchydata/postgres-operator/internal/pgbackrest/encryption.go:153.2,153.61 1 4
github.com/crunchydata/postgres-operator/internal/pgbackrest/encryption.go:153.61,155.3 1 1
github.com/crunchydata/postgres-operator/internal/pgbackrest/encryption.go:157.2,157.15 1 4
github.com/crunchydata/postgres-operator/internal/pgbackrest/encryption.go:166.9,169.38 2 0
github.com/crunchydata/postgres-operator/internal/pgbackrest/encryption.go:169.38,172.3 2 0
github.com/crunchydata/postgres-operator/internal/pgbackrest/encryption.go:174.2,180.25 4 0
github.com/crunchydata/postgres-operator/internal/pgbackrest/encryption.go:181.32,182.60 1 0
github.com/crunchydata/postgres-operator/internal/pgbackrest/encryption.go:184.29,185.46 1 0
github.com/crunchydata/postgres-operator/internal/pgbackrest/encryption.go:187.31,188.50 1 0
github.com/crunchydata/postgres-operator/internal/pgbackrest/encryption.go:190.10,191.72 1 0
github.com/crunchydata/postgres-operator/internal/pgbackrest/encryption.go:194.2,194.16 1 0
github.com/crunchydata/postgres-operator/internal/pgbackrest/encryption.go:194.16,196.3 1 0
github.com/crunchydata/postgres-operator/internal/pgbackrest/encryption.go:199.2,199.72 1 0
github.com/crunchydata/postgres-operator/internal/pgbackrest/encryption.go:199.72,201.3 1 0
github.com/crunchydata/postgres-operator/internal/pgbackrest/encryption.go:203.2,204.12 2 0
github.com/crunchydata/postgres-operator/internal/pgbackrest/encryption.go:213.19,217.28 3 0
github.com/crunchydata/postgres-operator/internal/pgbackrest/encryption.go:217.28,219.3 1 0
github.com/crunchydata/postgres-operator/internal/pgbackrest/encryption.go:221.2,225.25 2 0
github.com/crunchydata/postgres-operator/internal/pgbackrest/encryption.go:225.25,226.40 1 0
github.com/crunchydata/postgres-operator/internal/pgbackrest/encryption.go:226.40,228.4 1 0
github.com/crunchydata/postgres-operator/internal/pgbackrest/encryption.go:231.3,234.17 3 0
github.com/crunchydata/postgres-operator/internal/pgbackrest/encryption.go:234.17,236.4 1 0
github.com/crunchydata/postgres-operator/internal/pgbackrest/encryption.go:238.3,253.48 2 0
github.com/crunchydata/postgres-operator/internal/pgbackrest/encryption.go:253.48,255.4 1 0
github.com/crunchydata/postgres-operator/internal/pgbackrest/encryption.go:257.3,257.18 1 0
github.com/crunchydata/postgres-operator/internal/pgbackrest/encryption.go:261.2,262.9 2 0
github.com/crunchydata/postgres-operator/internal/pgbackrest/encryption.go:262.9,264.3 1 0
github.com/crunchydata/postgres-operator/internal/pgbackrest/encryption.go:266.2,266.30 1 0
github.com/crunchydata/postgres-operator/internal/pgbackrest/encryption.go:270.56,278.2 2 2
github.com/crunchydata/postgres-operator/internal/pgbackrest/encryption.go:281.75,282.22 1 5
github.com/crunchydata/postgres-operator/internal/pgbackrest/encryption.go:282.22,284.3 1 1
github.com/crunchydata/postgres-operator/internal/pgbackrest/encryption.go:286.2,286.28 1 4
github.com/crunchydata/postgres-operator/internal/pgbackrest/encryption.go:287.13,288.38 1 1
github.com/crunchydata/postgres-operator/internal/pgbackrest/encryption.go:289.13,290.38 1 1
github.com/crunchydata/postgres-operator/internal/pgbackrest/encryption.go:291.15,292.40 1 1
github.com/crunchydata/postgres-operator/internal/pgbackrest/encryption.go:293.10,294.72 1 1
github.com/crunchydata/postgres-operator/internal/pgbackrest/encryption.go:299.78,308.2 1 1
github.com/crunchydata/postgres-operator/internal/pgbackrest/encryption.go:311.78,320.2 1 1
github.com/crunchydata/postgres-operator/internal/pgbackrest/encryption.go:323.80,332.2 1 1
github.com/crunchydata/postgres-operator/internal/pgbackrest/encryption.go:335.81,336.24 1 2
github.com/crunchydata/postgres-operator/internal/pgbackrest/encryption.go:336.24,338.3 1 1
github.com/crunchydata/postgres-operator/internal/pgbackrest/encryption.go:348.2,348.62 1 1
github.com/crunchydata/postgres-operator/internal/pgbackrest/encryption.go:356.9,358.51 1 3
github.com/crunchydata/postgres-operator/internal/pgbackrest/encryption.go:358.51,360.3 1 2
github.com/crunchydata/postgres-operator/internal/pgbackrest/encryption.go:362.2,365.55 2 3
github.com/crunchydata/postgres-operator/internal/pgbackrest/encryption.go:365.55,375.3 3 4
github.com/crunchydata/postgres-operator/internal/pgbackrest/encryption.go:377.2,377.12 1 3
github.com/crunchydata/postgres-operator/internal/pgbackrest/encryption.go:386.9,402.25 3 0
github.com/crunchydata/postgres-operator/internal/pgbackrest/encryption.go:403.32,404.51 1 0
github.com/crunchydata/postgres-operator/internal/pgbackrest/encryption.go:405.29,406.45 1 0
github.com/crunchydata/postgres-operator/internal/pgbackrest/encryption.go:407.31,408.49 1 0
github.com/crunchydata/postgres-operator/internal/pgbackrest/encryption.go:409.10,410.72 1 0
github.com/crunchydata/postgres-operator/internal/pgbackrest/encryption.go:420.9,424.28 3 0
github.com/crunchydata/postgres-operator/internal/pgbackrest/encryption.go:424.28,426.3 1 0
github.com/crunchydata/postgres-operator/internal/pgbackrest/encryption.go:428.2,432.25 2 0
github.com/crunchydata/postgres-operator/internal/pgbackrest/encryption.go:432.25,434.3 1 0
github.com/crunchydata/postgres-operator/internal/pgbackrest/encryption.go:437.2,437.53 1 0
github.com/crunchydata/postgres-operator/internal/pgbackrest/encryption.go:437.53,439.3 1 0
github.com/crunchydata/postgres-operator/internal/pgbackrest/encryption.go:442.2,443.16 2 0
github.com/crunchydata/postgres-operator/internal/pgbackrest/encryption.go:443.16,445.3 1 0
github.com/crunchydata/postgres-operator/internal/pgbackrest/encryption.go:447.2,449.47 2 0
github.com/crunchydata/postgres-operator/internal/pgbackrest/encryption.go:449.47,451.3 1 0
github.com/crunchydata/postgres-operator/internal/pgbackrest/encryption.go:453.2,454.12 2 0
github.com/crunchydata/postgres-operator/internal/pgbackrest/encryption.go:458.68,466.2 1 1
github.com/crunchydata/postgres-operator/internal/pgbackrest/encryption.go:469.74,476.2 1 1
github.com/crunchydata/postgres-operator/internal/pgbackrest/encryption.go:479.60,482.38 2 14
github.com/crunchydata/postgres-operator/internal/pgbackrest/encryption.go:482.38,484.3 1 2
github.com/crunchydata/postgres-operator/internal/pgbackrest/encryption.go:487.2,488.40 2 12
github.com/crunchydata/postgres-operator/internal/pgbackrest/encryption.go:488.40,490.3 1 1
github.com/crunchydata/postgres-operator/internal/pgbackrest/encryption.go:493.2,494.48 2 12
github.com/crunchydata/postgres-operator/internal/pgbackrest/encryption.go:494.48,496.3 1 1
github.com/crunchydata/postgres-operator/internal/pgbackrest/encryption.go:499.2,499.25 1 12
github.com/crunchydata/postgres-operator/internal/pgbackrest/encryption.go:500.29,501.30 1 3
github.com/crunchydata/postgres-operator/internal/pgbackrest/encryption.go:501.30,503.4 1 1
github.com/crunchydata/postgres-operator/internal/pgbackrest/encryption.go:503.9,504.39 1 2
github.com/crunchydata/postgres-operator/internal/pgbackrest/encryption.go:504.39,506.5 1 1
github.com/crunchydata/postgres-operator/internal/pgbackrest/encryption.go:509.31,510.32 1 4
github.com/crunchydata/postgres-operator/internal/pgbackrest/encryption.go:510.32,512.4 1 1
github.com/crunchydata/postgres-operator/internal/pgbackrest/encryption.go:512.9,513.40 1 3
github.com/crunchydata/postgres-operator/internal/pgbackrest/encryption.go:513.40,515.5 1 1
github.com/crunchydata/postgres-operator/internal/pgbackrest/encryption.go:516.4,516.40 1 3
github.com/crunchydata/postgres-operator/internal/pgbackrest/encryption.go:516.40,518.5 1 1
github.com/crunchydata/postgres-operator/internal/pgbackrest/encryption.go:522.2,522.15 1 12
github.com/crunchydata/postgres-operator/internal/pgbackrest/encryption.go:531.10,537.38 4 5
github.com/crunchydata/postgres-operator/internal/pgbackrest/encryption.go:537.38,543.3 5 1
github.com/crunchydata/postgres-operator/internal/pgbackrest/encryption.go:545.2,550.28 5 4
github.com/crunchydata/postgres-operator/internal/pgbackrest/encryption.go:550.28,552.3 1 1
github.com/crunchydata/postgres-operator/internal/pgbackrest/encryption.go:552.8,554.3 1 3
github.com/crunchydata/postgres-operator/internal/pgbackrest/encryption.go:557.2,558.21 2 4
github.com/crunchydata/postgres-operator/internal/pgbackrest/encryption.go:558.21,560.32 2 0
github.com/crunchydata/postgres-operator/internal/pgbackrest/encryption.go:560.32,562.4 1 0
github.com/crunchydata/postgres-operator/internal/pgbackrest/encryption.go:563.8,565.3 1 4
github.com/crunchydata/postgres-operator/internal/pgbackrest/encryption.go:568.2,569.25 2 4
github.com/crunchydata/postgres-operator/internal/pgbackrest/encryption.go:570.32,572.29 2 2
github.com/crunchydata/postgres-operator/internal/pgbackrest/encryption.go:572.29,574.4 1 0
github.com/crunchydata/postgres-operator/internal/pgbackrest/encryption.go:575.3,576.64 2 2
github.com/crunchydata/postgres-operator/internal/pgbackrest/encryption.go:578.29,579.30 1 1
github.com/crunchydata/postgres-operator/internal/pgbackrest/encryption.go:579.30,581.37 2 1
github.com/crunchydata/postgres-operator/internal/pgbackrest/encryption.go:582.15,584.71 2 1
github.com/crunchydata/postgres-operator/internal/pgbackrest/encryption.go:585.15,589.79 4 0
github.com/crunchydata/postgres-operator/internal/pgbackrest/encryption.go:590.17,592.77 2 0
github.com/crunchydata/postgres-operator/internal/pgbackrest/encryption.go:596.31,597.32 1 1
github.com/crunchydata/postgres-operator/internal/pgbackrest/encryption.go:597.32,602.4 4 1
github.com/crunchydata/postgres-operator/internal/pgbackrest/encryption.go:605.2,610.15 5 4
github.com/crunchydata/postgres-operator/internal/pgbackrest/encryption.go:614.48,615.26 1 26
github.com/crunchydata/postgres-operator/internal/pgbackrest/encryption.go:615.26,616.15 1 42
github.com/crunchydata/postgres-operator/internal/pgbackrest/encryption.go:616.15,618.4 1 23
github.com/crunchydata/postgres-operator/internal/pgbackrest/encryption.go:620.2,620.14 1 3
github.com/crunchydata/postgres-operator/internal/pgbackrest/metrics.go:112.13,126.2 1 1
github.com/crunchydata/postgres-operator/internal/pgbackrest/metrics.go:199.9,202.64 2 7
github.com/crunchydata/postgres-operator/internal/pgbackrest/metrics.go:202.64,204.3 1 1
github.com/crunchydata/postgres-operator/internal/pgbackrest/metrics.go:206.2,206.20 1 6
github.com/crunchydata/postgres-operator/internal/pgbackrest/metrics.go:206.20,208.3 1 1
github.com/crunchydata/postgres-operator/internal/pgbackrest/metrics.go:210.2,216.16 5 5
github.com/crunchydata/postgres-operator/internal/pgbackrest/metrics.go:216.16,218.3 1 1
github.com/crunchydata/postgres-operator/internal/pgbackrest/metrics.go:220.2,221.29 2 4
github.com/crunchydata/postgres-operator/internal/pgbackrest/metrics.go:221.29,222.36 1 4
github.com/crunchydata/postgres-operator/internal/pgbackrest/metrics.go:222.36,224.9 2 3
github.com/crunchydata/postgres-operator/internal/pgbackrest/metrics.go:228.2,228.21 1 4
github.com/crunchydata/postgres-operator/internal/pgbackrest/metrics.go:228.21,230.3 1 1
github.com/crunchydata/postgres-operator/internal/pgbackrest/metrics.go:233.2,233.26 1 3
github.com/crunchydata/postgres-operator/internal/pgbackrest/metrics.go:233.26,235.3 1 3
github.com/crunchydata/postgres-operator/internal/pgbackrest/metrics.go:238.2,238.27 1 3
github.com/crunchydata/postgres-operator/internal/pgbackrest/metrics.go:238.27,240.3 1 1
github.com/crunchydata/postgres-operator/internal/pgbackrest/metrics.go:242.2,242.12 1 3
github.com/crunchydata/postgres-operator/internal/pgbackrest/metrics.go:246.87,264.25 5 4
github.com/crunchydata/postgres-operator/internal/pgbackrest/metrics.go:264.25,272.61 3 8
github.com/crunchydata/postgres-operator/internal/pgbackrest/metrics.go:272.61,274.4 1 8
github.com/crunchydata/postgres-operator/internal/pgbackrest/metrics.go:277.3,277.27 1 8
github.com/crunchydata/postgres-operator/internal/pgbackrest/metrics.go:277.27,285.4 2 8
github.com/crunchydata/postgres-operator/internal/pgbackrest/metrics.go:288.3,298.19 3 8
github.com/crunchydata/postgres-operator/internal/pgbackrest/metrics.go:298.19,306.4 1 1
github.com/crunchydata/postgres-operator/internal/pgbackrest/metrics.go:310.2,310.40 1 4
github.com/crunchydata/postgres-operator/internal/pgbackrest/metrics.go:310.40,317.3 1 12
github.com/crunchydata/postgres-operator/internal/pgbackrest/metrics.go:320.2,320.47 1 4
github.com/crunchydata/postgres-operator/internal/pgbackrest/metrics.go:320.47,321.20 1 12
github.com/crunchydata/postgres-operator/internal/pgbackrest/metrics.go:321.20,330.4 3 8
github.com/crunchydata/postgres-operator/internal/pgbackrest/metrics.go:334.2,334.19 1 4
github.com/crunchydata/postgres-operator/internal/pgbackrest/metrics.go:334.19,340.3 1 4
github.com/crunchydata/postgres-operator/internal/pgbackrest/metrics.go:344.90,345.24 1 2
github.com/crunchydata/postgres-operator/internal/pgbackrest/metrics.go:345.24,347.3 1 0
github.com/crunchydata/postgres-operator/internal/pgbackrest/metrics.go:355.88,358.2 0 1
github.com/crunchydata/postgres-operator/internal/pgbackrest/metrics.go:367.3,372.14 4 3
github.com/crunchydata/postgres-operator/internal/pgbackrest/metrics.go:372.14,381.3 2 1
github.com/crunchydata/postgres-operator/internal/pgbackrest/metrics.go:383.2,391.25 2 3
github.com/crunchydata/postgres-operator/internal/pgbackrest/metrics.go:391.25,405.3 2 1
github.com/crunchydata/postgres-operator/internal/pgbackrest/metrics.go:413.3,419.2 1 3
github.com/crunchydata/postgres-operator/internal/pgbackrest/metrics.go:427.3,429.13 2 2
github.com/crunchydata/postgres-operator/internal/pgbackrest/metrics.go:429.13,431.3 1 1
github.com/crunchydata/postgres-operator/internal/pgbackrest/metrics.go:431.8,433.3 1 1
github.com/crunchydata/postgres-operator/internal/pgbackrest/metrics.go:435.2,446.12 3 2
github.com/crunchydata/postgres-operator/internal/pgbackrest/metrics.go:450.53,461.2 1 1
github.com/crunchydata/postgres-operator/internal/pgbackrest/options.go:16.39,18.20 2 79
github.com/crunchydata/postgres-operator/internal/pgbackrest/options.go:18.20,20.3 1 336
github.com/crunchydata/postgres-operator/internal/pgbackrest/options.go:22.2,25.25 3 79
github.com/crunchydata/postgres-operator/internal/pgbackrest/options.go:25.25,26.27 1 336
github.com/crunchydata/postgres-operator/internal/pgbackrest/options.go:26.27,27.19 1 337
github.com/crunchydata/postgres-operator/internal/pgbackrest/options.go:27.19,29.5 1 2
github.com/crunchydata/postgres-operator/internal/pgbackrest/options.go:29.10,31.5 1 335
github.com/crunchydata/postgres-operator/internal/pgbackrest/options.go:34.2,34.19 1 79
github.com/crunchydata/postgres-operator/internal/pgbackrest/options.go:39.46,41.2 1 14
github.com/crunchydata/postgres-operator/internal/pgbackrest/options.go:44.57,47.2 2 301
github.com/crunchydata/postgres-operator/internal/pgbackrest/options.go:51.51,53.2 1 5
github.com/crunchydata/postgres-operator/internal/pgbackrest/options.go:58.47,62.26 3 34
github.com/crunchydata/postgres-operator/internal/pgbackrest/options.go:62.26,63.55 1 75
github.com/crunchydata/postgres-operator/internal/pgbackrest/options.go:63.55,65.4 1 43
github.com/crunchydata/postgres-operator/internal/pgbackrest/options.go:65.9,67.4 1 32
github.com/crunchydata/postgres-operator/internal/pgbackrest/options.go:70.2,74.27 4 34
github.com/crunchydata/postgres-operator/internal/pgbackrest/options.go:74.27,76.3 1 43
github.com/crunchydata/postgres-operator/internal/pgbackrest/options.go:77.2,77.27 1 34
github.com/crunchydata/postgres-operator/internal/pgbackrest/options.go:77.27,79.3 1 32
github.com/crunchydata/postgres-operator/internal/pgbackrest/options.go:80.2,80.19 1 34
github.com/crunchydata/postgres-operator/internal/pgbackrest/pgbackrest.go:44.58,49.69 3 0
github.com/crunchydata/postgres-operator/internal/pgbackrest/pgbackrest.go:49.69,50.25 1 0
github.com/crunchydata/postgres-operator/internal/pgbackrest/pgbackrest.go:50.25,52.4 1 0
github.com/crunchydata/postgres-operator/internal/pgbackrest/pgbackrest.go:55.2,58.31 3 0
github.com/crunchydata/postgres-operator/internal/pgbackrest/pgbackrest.go:58.31,63.41 4 0
github.com/crunchydata/postgres-operator/internal/pgbackrest/pgbackrest.go:63.41,65.4 1 0
github.com/crunchydata/postgres-operator/internal/pgbackrest/pgbackrest.go:75.2,87.29 2 0
github.com/crunchydata/postgres-operator/internal/pgbackrest/pgbackrest.go:87.29,94.44 2 0
github.com/crunchydata/postgres-operator/internal/pgbackrest/pgbackrest.go:94.44,96.4 1 0
github.com/crunchydata/postgres-operator/internal/pgbackrest/pgbackrest.go:100.3,100.53 1 0
github.com/crunchydata/postgres-operator/internal/pgbackrest/pgbackrest.go:100.53,102.4 1 0
github.com/crunchydata/postgres-operator/internal/pgbackrest/pgbackrest.go:105.3,105.71 1 0
github.com/crunchydata/postgres-operator/internal/pgbackrest/pgbackrest.go:108.2,108.19 1 0
github.com/crunchydata/postgres-operator/internal/pgbackrest/postgres.go:19.3,20.36 1 3
github.com/crunchydata/postgres-operator/internal/pgbackrest/postgres.go:20.36,22.3 1 1
github.com/crunchydata/postgres-operator/internal/pgbackrest/postgres.go:23.2,23.34 1 3
github.com/crunchydata/postgres-operator/internal/pgbackrest/postgres.go:23.34,25.3 1 1
github.com/crunchydata/postgres-operator/internal/pgbackrest/postgres.go:31.2,32.20 2 3
github.com/crunchydata/postgres-operator/internal/pgbackrest/postgres.go:32.20,35.3 2 2
github.com/crunchydata/postgres-operator/internal/pgbackrest/postgres.go:35.8,39.3 1 1
github.com/crunchydata/postgres-operator/internal/pgbackrest/postgres.go:54.2,62.110 4 3
github.com/crunchydata/postgres-operator/internal/pgbackrest/postgres.go:62.110,70.3 3 1
github.com/crunchydata/postgres-operator/internal/pgbackrest/rbac.go:18.72,35.2 4 1
github.com/crunchydata/postgres-operator/internal/pgbackrest/rbac.go:40.80,51.2 3 1
github.com/crunchydata/postgres-operator/internal/pgbackrest/reconcile.go:27.66,29.69 1 10
github.com/crunchydata/postgres-operator/internal/pgbackrest/reconcile.go:29.69,31.25 1 14
github.com/crunchydata/postgres-operator/internal/pgbackrest/reconcile.go:31.25,32.12 1 0
github.com/crunchydata/postgres-operator/internal/pgbackrest/reconcile.go:35.3,36.36 2 14
github.com/crunchydata/postgres-operator/internal/pgbackrest/reconcile.go:36.36,39.4 1 5
github.com/crunchydata/postgres-operator/internal/pgbackrest/reconcile.go:39.9,43.4 1 9
github.com/crunchydata/postgres-operator/internal/pgbackrest/reconcile.go:44.3,54.50 4 14
github.com/crunchydata/postgres-operator/internal/pgbackrest/reconcile.go:54.50,55.88 1 12
github.com/crunchydata/postgres-operator/internal/pgbackrest/reconcile.go:55.88,57.10 2 12
github.com/crunchydata/postgres-operator/internal/pgbackrest/reconcile.go:60.3,60.26 1 14
github.com/crunchydata/postgres-operator/internal/pgbackrest/reconcile.go:60.26,64.4 1 2
github.com/crunchydata/postgres-operator/internal/pgbackrest/reconcile.go:65.3,71.39 2 12
github.com/crunchydata/postgres-operator/internal/pgbackrest/reconcile.go:71.39,74.47 3 18
github.com/crunchydata/postgres-operator/internal/pgbackrest/reconcile.go:74.47,75.53 1 24
github.com/crunchydata/postgres-operator/internal/pgbackrest/reconcile.go:75.53,77.11 2 18
github.com/crunchydata/postgres-operator/internal/pgbackrest/reconcile.go:80.4,80.23 1 18
github.com/crunchydata/postgres-operator/internal/pgbackrest/reconcile.go:80.23,83.5 1 0
github.com/crunchydata/postgres-operator/internal/pgbackrest/reconcile.go:84.4,88.7 1 18
github.com/crunchydata/postgres-operator/internal/pgbackrest/reconcile.go:92.2,92.12 1 8
github.com/crunchydata/postgres-operator/internal/pgbackrest/reconcile.go:100.3,124.34 9 3
github.com/crunchydata/postgres-operator/internal/pgbackrest/reconcile.go:124.34,126.3 1 3
github.com/crunchydata/postgres-operator/internal/pgbackrest/reconcile.go:126.8,128.3 1 0
github.com/crunchydata/postgres-operator/internal/pgbackrest/reconcile.go:130.2,130.40 1 3
github.com/crunchydata/postgres-operator/internal/pgbackrest/reconcile.go:138.3,158.2 8 1
github.com/crunchydata/postgres-operator/internal/pgbackrest/reconcile.go:164.3,185.2 9 1
github.com/crunchydata/postgres-operator/internal/pgbackrest/reconcile.go:192.3,220.26 9 3
github.com/crunchydata/postgres-operator/internal/pgbackrest/reconcile.go:220.26,222.3 1 2
github.com/crunchydata/postgres-operator/internal/pgbackrest/reconcile.go:234.2,236.45 1 3
github.com/crunchydata/postgres-operator/internal/pgbackrest/reconcile.go:236.45,240.3 1 1
github.com/crunchydata/postgres-operator/internal/pgbackrest/reconcile.go:243.2,243.71 1 3
github.com/crunchydata/postgres-operator/internal/pgbackrest/reconcile.go:243.71,249.33 4 1
github.com/crunchydata/postgres-operator/internal/pgbackrest/reconcile.go:249.33,252.63 2 2
github.com/crunchydata/postgres-operator/internal/pgbackrest/reconcile.go:252.63,254.5 1 0
github.com/crunchydata/postgres-operator/internal/pgbackrest/reconcile.go:256.3,256.60 1 1
github.com/crunchydata/postgres-operator/internal/pgbackrest/reconcile.go:259.2,259.67 1 3
github.com/crunchydata/postgres-operator/internal/pgbackrest/reconcile.go:267.3,281.32 3 8
github.com/crunchydata/postgres-operator/internal/pgbackrest/reconcile.go:281.32,284.25 2 19
github.com/crunchydata/postgres-operator/internal/pgbackrest/reconcile.go:289.42,291.78 1 11
github.com/crunchydata/postgres-operator/internal/pgbackrest/reconcile.go:295.2,295.49 1 8
github.com/crunchydata/postgres-operator/internal/pgbackrest/reconcile.go:304.3,336.22 4 3
github.com/crunchydata/postgres-operator/internal/pgbackrest/reconcile.go:336.22,338.3 1 2
github.com/crunchydata/postgres-operator/internal/pgbackrest/reconcile.go:341.2,345.53 2 3
github.com/crunchydata/postgres-operator/internal/pgbackrest/reconcile.go:345.53,346.54 1 1
github.com/crunchydata/postgres-operator/internal/pgbackrest/reconcile.go:346.54,347.51 1 1
github.com/crunchydata/postgres-operator/internal/pgbackrest/reconcile.go:347.51,350.5 2 2
github.com/crunchydata/postgres-operator/internal/pgbackrest/reconcile.go:353.2,353.29 1 3
github.com/crunchydata/postgres-operator/internal/pgbackrest/reconcile.go:353.29,354.59 1 8
github.com/crunchydata/postgres-operator/internal/pgbackrest/reconcile.go:354.59,356.4 1 6
github.com/crunchydata/postgres-operator/internal/pgbackrest/reconcile.go:358.2,373.46 2 3
github.com/crunchydata/postgres-operator/internal/pgbackrest/reconcile.go:373.46,375.3 1 2
github.com/crunchydata/postgres-operator/internal/pgbackrest/reconcile.go:377.2,378.49 2 3
github.com/crunchydata/postgres-operator/internal/pgbackrest/reconcile.go:387.3,398.105 3 2
github.com/crunchydata/postgres-operator/internal/pgbackrest/reconcile.go:398.105,400.3 1 1
github.com/crunchydata/postgres-operator/internal/pgbackrest/reconcile.go:402.2,402.73 1 2
github.com/crunchydata/postgres-operator/internal/pgbackrest/reconcile.go:410.3,421.53 3 1
github.com/crunchydata/postgres-operator/internal/pgbackrest/reconcile.go:421.53,423.3 1 1
github.com/crunchydata/postgres-operator/internal/pgbackrest/reconcile.go:425.2,425.73 1 1
github.com/crunchydata/postgres-operator/internal/pgbackrest/reconcile.go:434.9,439.16 3 0
github.com/crunchydata/postgres-operator/internal/pgbackrest/reconcile.go:439.16,441.3 1 0
github.com/crunchydata/postgres-operator/internal/pgbackrest/reconcile.go:442.2,442.16 1 0
github.com/crunchydata/postgres-operator/internal/pgbackrest/reconcile.go:442.16,444.3 1 0
github.com/crunchydata/postgres-operator/internal/pgbackrest/reconcile.go:446.2,446.12 1 0
github.com/crunchydata/postgres-operator/internal/pgbackrest/reconcile.go:454.12,455.44 1 4
github.com/crunchydata/postgres-operator/internal/pgbackrest/reconcile.go:455.44,469.3 1 2
github.com/crunchydata/postgres-operator/internal/pgbackrest/reconcile.go:471.2,471.104 1 4
github.com/crunchydata/postgres-operator/internal/pgbackrest/reconcile.go:471.104,480.3 1 1
github.com/crunchydata/postgres-operator/internal/pgbackrest/reconcile.go:482.2,482.38 1 3
github.com/crunchydata/postgres-operator/internal/pgbackrest/reconcile.go:482.38,483.56 1 2
github.com/crunchydata/postgres-operator/internal/pgbackrest/reconcile.go:483.56,484.40 1 2
github.com/crunchydata/postgres-operator/internal/pgbackrest/reconcile.go:484.40,486.5 1 1
github.com/crunchydata/postgres-operator/internal/pgbackrest/reconcile.go:490.2,490.12 1 2
github.com/crunchydata/postgres-operator/internal/pgbackrest/reconcile.go:494.43,496.2 1 0
github.com/crunchydata/postgres-operator/internal/pgbackrest/reconcile.go:503.3,515.48 3 0
github.com/crunchydata/postgres-operator/internal/pgbackrest/reconcile.go:515.48,519.39 2 0
github.com/crunchydata/postgres-operator/internal/pgbackrest/reconcile.go:519.39,519.75 1 0
github.com/crunchydata/postgres-operator/internal/pgbackrest/reconcile.go:522.3,522.45 1 0
github.com/crunchydata/postgres-operator/internal/pgbackrest/reconcile.go:522.45,524.4 1 0
github.com/crunchydata/postgres-operator/internal/pgbackrest/reconcile.go:535.9,550.16 6 4
github.com/crunchydata/postgres-operator/internal/pgbackrest/reconcile.go:550.16,559.3 4 4
github.com/crunchydata/postgres-operator/internal/pgbackrest/reconcile.go:561.2,561.16 1 4
github.com/crunchydata/postgres-operator/internal/pgbackrest/reconcile.go:561.16,563.3 1 4
github.com/crunchydata/postgres-operator/internal/pgbackrest/reconcile.go:564.2,564.16 1 4
github.com/crunchydata/postgres-operator/internal/pgbackrest/reconcile.go:564.16,566.3 1 4
github.com/crunchydata/postgres-operator/internal/pgbackrest/reconcile.go:567.2,567.16 1 4
github.com/crunchydata/postgres-operator/internal/pgbackrest/reconcile.go:567.16,569.3 1 4
github.com/crunchydata/postgres-operator/internal/pgbackrest/reconcile.go:572.2,572.23 1 4
github.com/crunchydata/postgres-operator/internal/pgbackrest/reconcile.go:572.23,579.17 4 3
github.com/crunchydata/postgres-operator/internal/pgbackrest/reconcile.go:579.17,588.4 4 3
github.com/crunchydata/postgres-operator/internal/pgbackrest/reconcile.go:590.3,590.17 1 3
github.com/crunchydata/postgres-operator/internal/pgbackrest/reconcile.go:590.17,592.4 1 3
github.com/crunchydata/postgres-operator/internal/pgbackrest/reconcile.go:593.3,593.17 1 3
github.com/crunchydata/postgres-operator/internal/pgbackrest/reconcile.go:593.17,595.4 1 3
github.com/crunchydata/postgres-operator/internal/pgbackrest/reconcile.go:598.2,598.12 1 4
github.com/crunchydata/postgres-operator/internal/pgbackrest/replication.go:69.13,77.2 1 1
github.com/crunchydata/postgres-operator/internal/pgbackrest/replication.go:229.25,232.32 2 0
github.com/crunchydata/postgres-operator/internal/pgbackrest/replication.go:232.32,234.3 1 0
github.com/crunchydata/postgres-operator/internal/pgbackrest/replication.go:236.2,312.57 16 0
github.com/crunchydata/postgres-operator/internal/pgbackrest/replication.go:312.57,313.43 1 0
github.com/crunchydata/postgres-operator/internal/pgbackrest/replication.go:313.43,329.4 3 0
github.com/crunchydata/postgres-operator/internal/pgbackrest/replication.go:332.2,337.17 5 0
github.com/crunchydata/postgres-operator/internal/pgbackrest/replication.go:341.66,356.46 4 4
github.com/crunchydata/postgres-operator/internal/pgbackrest/replication.go:356.46,357.23 1 5
github.com/crunchydata/postgres-operator/internal/pgbackrest/replication.go:357.23,358.12 1 1
github.com/crunchydata/postgres-operator/internal/pgbackrest/replication.go:361.3,415.5 1 4
github.com/crunchydata/postgres-operator/internal/pgbackrest/replication.go:419.2,419.35 1 4
github.com/crunchydata/postgres-operator/internal/pgbackrest/replication.go:419.35,429.3 1 1
github.com/crunchydata/postgres-operator/internal/pgbackrest/replication.go:432.2,444.31 3 4
github.com/crunchydata/postgres-operator/internal/pgbackrest/replication.go:444.31,446.3 1 13
github.com/crunchydata/postgres-operator/internal/pgbackrest/replication.go:448.2,448.38 1 4
github.com/crunchydata/postgres-operator/internal/pgbackrest/replication.go:457.9,460.38 2 2
github.com/crunchydata/postgres-operator/internal/pgbackrest/replication.go:460.38,462.3 1 2
github.com/crunchydata/postgres-operator/internal/pgbackrest/replication.go:464.2,467.27 2 0
github.com/crunchydata/postgres-operator/internal/pgbackrest/replication.go:467.27,468.76 1 0
github.com/crunchydata/postgres-operator/internal/pgbackrest/replication.go:468.76,470.4 1 0
github.com/crunchydata/postgres-operator/internal/pgbackrest/replication.go:474.2,475.16 2 0
github.com/crunchydata/postgres-operator/internal/pgbackrest/replication.go:475.16,477.3 1 0
github.com/crunchydata/postgres-operator/internal/pgbackrest/replication.go:477.8,480.3 1 0
github.com/crunchydata/postgres-operator/internal/pgbackrest/replication.go:482.2,482.12 1 0
github.com/crunchydata/postgres-operator/internal/pgbackrest/replication.go:491.9,513.16 5 0
github.com/crunchydata/postgres-operator/internal/pgbackrest/replication.go:513.16,515.3 1 0
github.com/crunchydata/postgres-operator/internal/pgbackrest/replication.go:517.2,522.124 4 0
github.com/crunchydata/postgres-operator/internal/pgbackrest/replication.go:522.124,524.3 1 0
github.com/crunchydata/postgres-operator/internal/pgbackrest/replication.go:526.2,526.12 1 0
github.com/crunchydata/postgres-operator/internal/pgbackrest/replication.go:535.31,549.59 4 0
github.com/crunchydata/postgres-operator/internal/pgbackrest/replication.go:549.59,551.3 1 0
github.com/crunchydata/postgres-operator/internal/pgbackrest/replication.go:554.2,554.36 1 0
github.com/crunchydata/postgres-operator/internal/pgbackrest/replication.go:554.36,555.31 1 0
github.com/crunchydata/postgres-operator/internal/pgbackrest/replication.go:555.31,558.40 3 0
github.com/crunchydata/postgres-operator/internal/pgbackrest/replication.go:558.40,560.5 1 0
github.com/crunchydata/postgres-operator/internal/pgbackrest/replication.go:561.4,561.9 1 0
github.com/crunchydata/postgres-operator/internal/pgbackrest/replication.go:562.9,562.35 1 0
github.com/crunchydata/postgres-operator/internal/pgbackrest/replication.go:562.35,565.9 3 0
github.com/crunchydata/postgres-operator/internal/pgbackrest/replication.go:570.2,570.46 1 0
github.com/crunchydata/postgres-operator/internal/pgbackrest/replication.go:570.46,579.48 2 0
github.com/crunchydata/postgres-operator/internal/pgbackrest/replication.go:579.48,583.4 3 0
github.com/crunchydata/postgres-operator/internal/pgbackrest/replication.go:585.3,585.73 1 0
github.com/crunchydata/postgres-operator/internal/pgbackrest/replication.go:588.2,588.20 1 0
github.com/crunchydata/postgres-operator/internal/pgbackrest/replication.go:596.3,597.55 1 2
github.com/crunchydata/postgres-operator/internal/pgbackrest/replication.go:597.55,609.40 3 3
github.com/crunchydata/postgres-operator/internal/pgbackrest/replication.go:609.40,611.4 1 2
github.com/crunchydata/postgres-operator/internal/pgbackrest/replication.go:613.3,619.21 1 3
github.com/crunchydata/postgres-operator/internal/pgbackrest/replication.go:627.10,631.38 3 6
github.com/crunchydata/postgres-operator/internal/pgbackrest/replication.go:631.38,635.3 3 1
github.com/crunchydata/postgres-operator/internal/pgbackrest/replication.go:637.2,643.56 6 5
github.com/crunchydata/postgres-operator/internal/pgbackrest/replication.go:643.56,647.42 4 1
github.com/crunchydata/postgres-operator/internal/pgbackrest/replication.go:647.42,649.4 1 0
github.com/crunchydata/postgres-operator/internal/pgbackrest/replication.go:650.3,650.17 1 1
github.com/crunchydata/postgres-operator/internal/pgbackrest/replication.go:653.2,656.49 3 5
github.com/crunchydata/postgres-operator/internal/pgbackrest/replication.go:656.49,658.21 2 6
github.com/crunchydata/postgres-operator/internal/pgbackrest/replication.go:658.21,660.4 1 3
github.com/crunchydata/postgres-operator/internal/pgbackrest/replication.go:662.3,666.22 4 6
github.com/crunchydata/postgres-operator/internal/pgbackrest/replication.go:666.22,668.4 1 1
github.com/crunchydata/postgres-operator/internal/pgbackrest/replication.go:670.3,670.34 1 6
github.com/crunchydata/postgres-operator/internal/pgbackrest/replication.go:670.34,673.4 2 4
github.com/crunchydata/postgres-operator/internal/pgbackrest/replication.go:675.3,675.33 1 6
github.com/crunchydata/postgres-operator/internal/pgbackrest/replication.go:675.33,677.4 1 1
github.com/crunchydata/postgres-operator/internal/pgbackrest/replication.go:680.2,685.43 5 5
github.com/crunchydata/postgres-operator/internal/pgbackrest/replication.go:685.43,686.28 1 6
github.com/crunchydata/postgres-operator/internal/pgbackrest/replication.go:686.28,688.4 1 3
github.com/crunchydata/postgres-operator/internal/pgbackrest/replication.go:690.2,692.25 2 5
github.com/crunchydata/postgres-operator/internal/pgbackrest/replication.go:692.25,695.3 2 2
github.com/crunchydata/postgres-operator/internal/pgbackrest/replication.go:695.8,698.3 2 3
github.com/crunchydata/postgres-operator/internal/pgbackrest/replication.go:700.2,700.15 1 5
github.com/crunchydata/postgres-operator/internal/pgbackrest/util.go:29.75,30.69 1 9
github.com/crunchydata/postgres-operator/internal/pgbackrest/util.go:30.69,31.25 1 6
github.com/crunchydata/postgres-operator/internal/pgbackrest/util.go:31.25,33.4 1 4
github.com/crunchydata/postgres-operator/internal/pgbackrest/util.go:35.2,35.14 1 5
github.com/crunchydata/postgres-operator/internal/pgbackrest/util.go:40.70,41.69 1 9
github.com/crunchydata/postgres-operator/internal/pgbackrest/util.go:41.69,42.25 1 7
github.com/crunchydata/postgres-operator/internal/pgbackrest/util.go:42.25,44.4 1 3
github.com/crunchydata/postgres-operator/internal/pgbackrest/util.go:46.2,46.14 1 6
github.com/crunchydata/postgres-operator/internal/pgbackrest/util.go:53.79,55.54 1 24
github.com/crunchydata/postgres-operator/internal/pgbackrest/util.go:55.54,56.51 1 96
github.com/crunchydata/postgres-operator/internal/pgbackrest/util.go:56.51,57.31 1 96
github.com/crunchydata/postgres-operator/internal/pgbackrest/util.go:57.31,59.5 1 192
github.com/crunchydata/postgres-operator/internal/pgbackrest/util.go:60.4,60.10 1 96
github.com/crunchydata/postgres-operator/internal/pgbackrest/util.go:64.2,66.69 3 24
github.com/crunchydata/postgres-operator/internal/pgbackrest/util.go:66.69,68.25 1 72
github.com/crunchydata/postgres-operator/internal/pgbackrest/util.go:68.25,69.12 1 0
github.com/crunchydata/postgres-operator/internal/pgbackrest/util.go:72.3,73.10 2 72
github.com/crunchydata/postgres-operator/internal/pgbackrest/util.go:74.26,76.20 2 24
github.com/crunchydata/postgres-operator/internal/pgbackrest/util.go:77.24,79.20 2 24
github.com/crunchydata/postgres-operator/internal/pgbackrest/util.go:80.23,82.20 2 24
github.com/crunchydata/postgres-operator/internal/pgbackrest/util.go:83.11,84.76 1 0
github.com/crunchydata/postgres-operator/internal/pgbackrest/util.go:86.3,86.17 1 72
github.com/crunchydata/postgres-operator/internal/pgbackrest/util.go:86.17,88.4 1 0
github.com/crunchydata/postgres-operator/internal/pgbackrest/util.go:89.3,89.32 1 72
github.com/crunchydata/postgres-operator/internal/pgbackrest/util.go:92.2,94.43 2 24
github.com/crunchydata/postgres-operator/internal/pgbackrest/util.go:94.43,96.48 2 96
github.com/crunchydata/postgres-operator/internal/pgbackrest/util.go:96.48,98.4 1 72
github.com/crunchydata/postgres-operator/internal/pgbackrest/util.go:100.2,101.16 2 24
github.com/crunchydata/postgres-operator/internal/pgbackrest/util.go:101.16,103.3 1 0
github.com/crunchydata/postgres-operator/internal/pgbackrest/util.go:105.2,105.42 1 24
github.com/crunchydata/postgres-operator/internal/pgbackrest/util.go:112.66,114.38 2 100
github.com/crunchydata/postgres-operator/internal/pgbackrest/util.go:114.38,116.3 1 0
github.com/crunchydata/postgres-operator/internal/pgbackrest/util.go:117.2,117.61 1 100
github.com/crunchydata/postgres-operator/internal/pgbackrest/util.go:128.55,139.42 2 1
github.com/crunchydata/postgres-operator/internal/pgbackrest/util.go:139.42,145.3 1 2
github.com/crunchydata/postgres-operator/internal/pgbackrest/util.go:147.2,147.46 1 1
github.com/crunchydata/postgres-operator/internal/pgbackrest/util.go:147.46,153.3 1 0
github.com/crunchydata/postgres-operator/internal/pgbackrest/verify.go:87.29,89.27 1 5
github.com/crunchydata/postgres-operator/internal/pgbackrest/verify.go:89.27,91.3 1 1
github.com/crunchydata/postgres-operator/internal/pgbackrest/verify.go:93.2,180.30 19 4
github.com/crunchydata/postgres-operator/internal/pgbackrest/verify.go:180.30,183.3 2 1
github.com/crunchydata/postgres-operator/internal/pgbackrest/verify.go:185.2,185.21 1 4
github.com/crunchydata/postgres-operator/internal/pgbackrest/verify.go:189.75,194.29 3 8
github.com/crunchydata/postgres-operator/internal/pgbackrest/verify.go:195.34,196.66 1 3
github.com/crunchydata/postgres-operator/internal/pgbackrest/verify.go:198.37,199.69 1 2
github.com/crunchydata/postgres-operator/internal/pgbackrest/verify.go:201.30,209.4 1 2
github.com/crunchydata/postgres-operator/internal/pgbackrest/verify.go:211.10,213.66 1 1
github.com/crunchydata/postgres-operator/internal/pgbackrest/verify.go:217.2,218.38 2 8
github.com/crunchydata/postgres-operator/internal/pgbackrest/verify.go:222.48,240.2 1 7
github.com/crunchydata/postgres-operator/internal/pgbackrest/verify.go:243.51,288.2 1 5
github.com/crunchydata/postgres-operator/internal/pgbackrest/verify.go:296.9,298.50 1 0
github.com/crunchydata/postgres-operator/internal/pgbackrest/verify.go:298.50,301.3 1 0
github.com/crunchydata/postgres-operator/internal/pgbackrest/verify.go:304.2,305.16 2 0
github.com/crunchydata/postgres-operator/internal/pgbackrest/verify.go:305.16,307.3 1 0
github.com/crunchydata/postgres-operator/internal/pgbackrest/verify.go:310.2,310.124 1 0
github.com/crunchydata/postgres-operator/internal/pgbackrest/verify.go:310.124,312.3 1 0
github.com/crunchydata/postgres-operator/internal/pgbackrest/verify.go:314.2,314.12 1 0
github.com/crunchydata/postgres-operator/internal/pgbackrest/verify.go:323.9,325.25 1 0
github.com/crunchydata/postgres-operator/internal/pgbackrest/verify.go:325.25,327.3 1 0
github.com/crunchydata/postgres-operator/internal/pgbackrest/verify.go:329.2,336.71 2 0
github.com/crunchydata/postgres-operator/internal/pgbackrest/verify.go:336.71,338.3 1 0
github.com/crunchydata/postgres-operator/internal/pgbackrest/verify.go:340.2,340.12 1 0
github.com/crunchydata/postgres-operator/internal/pgbackrest/verify.go:349.32,361.59 3 0
github.com/crunchydata/postgres-operator/internal/pgbackrest/verify.go:361.59,363.3 1 0
github.com/crunchydata/postgres-operator/internal/pgbackrest/verify.go:365.2,370.36 2 0
github.com/crunchydata/postgres-operator/internal/pgbackrest/verify.go:370.36,375.39 2 0
github.com/crunchydata/postgres-operator/internal/pgbackrest/verify.go:375.39,377.4 1 0
github.com/crunchydata/postgres-operator/internal/pgbackrest/verify.go:379.3,379.31 1 0
github.com/crunchydata/postgres-operator/internal/pgbackrest/verify.go:379.31,382.4 2 0
github.com/crunchydata/postgres-operator/internal/pgbackrest/verify.go:382.9,382.35 1 0
github.com/crunchydata/postgres-operator/internal/pgbackrest/verify.go:382.35,385.4 2 0
github.com/crunchydata/postgres-operator/internal/pgbackrest/verify.go:385.9,385.35 1 0
github.com/crunchydata/postgres-operator/internal/pgbackrest/verify.go:385.35,388.4 2 0
github.com/crunchydata/postgres-operator/internal/pgbackrest/verify.go:388.9,391.4 2 0
github.com/crunchydata/postgres-operator/internal/pgbackrest/verify.go:393.3,396.106 2 0
github.com/crunchydata/postgres-operator/internal/pgbackrest/verify.go:396.106,400.4 3 0
github.com/crunchydata/postgres-operator/internal/pgbackrest/verify.go:403.2,403.20 1 0
github.com/crunchydata/postgres-operator/internal/registration/interface.go:27.109,41.2 2 0
github.com/crunchydata/postgres-operator/internal/registration/interface.go:43.110,57.2 2 0
github.com/crunchydata/postgres-operator/internal/registration/interface.go:59.77,62.2 1 3
github.com/crunchydata/postgres-operator/internal/registration/interface.go:64.77,67.2 1 6
github.com/crunchydata/postgres-operator/internal/registration/runner.go:51.78,59.9 3 10
github.com/crunchydata/postgres-operator/internal/registration/runner.go:60.42,61.60 1 6
github.com/crunchydata/postgres-operator/internal/registration/runner.go:61.60,63.4 1 4
github.com/crunchydata/postgres-operator/internal/registration/runner.go:65.3,66.74 2 6
github.com/crunchydata/postgres-operator/internal/registration/runner.go:68.42,69.55 1 1
github.com/crunchydata/postgres-operator/internal/registration/runner.go:71.42,72.55 1 2
github.com/crunchydata/postgres-operator/internal/registration/runner.go:75.2,75.20 1 10
github.com/crunchydata/postgres-operator/internal/registration/runner.go:86.51,88.39 2 10
github.com/crunchydata/postgres-operator/internal/registration/runner.go:88.39,88.66 1 4
github.com/crunchydata/postgres-operator/internal/registration/runner.go:92.2,105.39 5 10
github.com/crunchydata/postgres-operator/internal/registration/runner.go:105.39,107.3 1 8
github.com/crunchydata/postgres-operator/internal/registration/runner.go:109.2,109.9 1 10
github.com/crunchydata/postgres-operator/internal/registration/runner.go:110.37,111.18 1 2
github.com/crunchydata/postgres-operator/internal/registration/runner.go:112.22,113.22 1 1
github.com/crunchydata/postgres-operator/internal/registration/runner.go:114.10,115.25 1 7
github.com/crunchydata/postgres-operator/internal/registration/runner.go:119.50,129.2 5 60
github.com/crunchydata/postgres-operator/internal/registration/runner.go:134.8,137.25 2 58
github.com/crunchydata/postgres-operator/internal/registration/runner.go:137.25,139.3 1 3
github.com/crunchydata/postgres-operator/internal/registration/runner.go:141.2,141.36 1 58
github.com/crunchydata/postgres-operator/internal/registration/runner.go:141.36,148.25 6 49
github.com/crunchydata/postgres-operator/internal/registration/runner.go:148.25,150.4 1 6
github.com/crunchydata/postgres-operator/internal/registration/runner.go:153.2,153.17 1 58
github.com/crunchydata/postgres-operator/internal/registration/runner.go:158.44,158.59 1 1
github.com/crunchydata/postgres-operator/internal/registration/runner.go:162.51,165.15 2 2
github.com/crunchydata/postgres-operator/internal/registration/runner.go:165.15,169.3 3 1
github.com/crunchydata/postgres-operator/internal/registration/runner.go:171.2,173.6 2 2
github.com/crunchydata/postgres-operator/internal/registration/runner.go:173.6,174.10 1 3
github.com/crunchydata/postgres-operator/internal/registration/runner.go:175.16,177.44 2 1
github.com/crunchydata/postgres-operator/internal/registration/runner.go:177.44,179.5 1 0
github.com/crunchydata/postgres-operator/internal/registration/runner.go:180.4,180.66 1 1
github.com/crunchydata/postgres-operator/internal/registration/runner.go:180.66,182.5 1 1
github.com/crunchydata/postgres-operator/internal/registration/runner.go:183.21,184.20 1 2
github.com/crunchydata/postgres-operator/internal/registration/testing.go:17.114,19.2 1 0
github.com/crunchydata/postgres-operator/internal/upgradecheck/header.go:53.66,68.2 1 8
github.com/crunchydata/postgres-operator/internal/upgradecheck/header.go:73.79,75.24 1 8
github.com/crunchydata/postgres-operator/internal/upgradecheck/header.go:75.24,77.3 1 0
github.com/crunchydata/postgres-operator/internal/upgradecheck/header.go:79.2,81.49 2 8
github.com/crunchydata/postgres-operator/internal/upgradecheck/header.go:81.49,83.3 1 8
github.com/crunchydata/postgres-operator/internal/upgradecheck/header.go:85.2,85.21 1 8
github.com/crunchydata/postgres-operator/internal/upgradecheck/header.go:93.38,105.56 5 8
github.com/crunchydata/postgres-operator/internal/upgradecheck/header.go:105.56,108.3 2 8
github.com/crunchydata/postgres-operator/internal/upgradecheck/header.go:110.2,115.46 3 0
github.com/crunchydata/postgres-operator/internal/upgradecheck/header.go:115.46,119.3 2 0
github.com/crunchydata/postgres-operator/internal/upgradecheck/header.go:122.2,122.45 1 0
github.com/crunchydata/postgres-operator/internal/upgradecheck/header.go:122.45,125.22 2 0
github.com/crunchydata/postgres-operator/internal/upgradecheck/header.go:125.22,127.4 1 0
github.com/crunchydata/postgres-operator/internal/upgradecheck/header.go:130.2,131.16 2 0
github.com/crunchydata/postgres-operator/internal/upgradecheck/header.go:131.16,134.3 1 0
github.com/crunchydata/postgres-operator/internal/upgradecheck/header.go:135.2,135.11 1 0
github.com/crunchydata/postgres-operator/internal/upgradecheck/header.go:145.46,150.16 3 0
github.com/crunchydata/postgres-operator/internal/upgradecheck/header.go:150.16,154.3 2 0
github.com/crunchydata/postgres-operator/internal/upgradecheck/header.go:155.2,155.12 1 0
github.com/crunchydata/postgres-operator/internal/upgradecheck/header.go:160.76,164.16 4 10
github.com/crunchydata/postgres-operator/internal/upgradecheck/header.go:164.16,168.3 2 1
github.com/crunchydata/postgres-operator/internal/upgradecheck/header.go:168.8,170.3 1 9
github.com/crunchydata/postgres-operator/internal/upgradecheck/header.go:171.2,171.14 1 10
github.com/crunchydata/postgres-operator/internal/upgradecheck/header.go:176.75,180.16 4 10
github.com/crunchydata/postgres-operator/internal/upgradecheck/header.go:180.16,184.3 2 1
github.com/crunchydata/postgres-operator/internal/upgradecheck/header.go:184.8,186.3 1 9
github.com/crunchydata/postgres-operator/internal/upgradecheck/header.go:187.2,187.14 1 10
github.com/crunchydata/postgres-operator/internal/upgradecheck/header.go:190.81,194.2 3 9
github.com/crunchydata/postgres-operator/internal/upgradecheck/http.go:53.13,65.2 1 1
github.com/crunchydata/postgres-operator/internal/upgradecheck/http.go:69.46,74.16 3 8
github.com/crunchydata/postgres-operator/internal/upgradecheck/http.go:74.16,80.3 2 8
github.com/crunchydata/postgres-operator/internal/upgradecheck/http.go:88.2,91.16 3 8
github.com/crunchydata/postgres-operator/internal/upgradecheck/http.go:91.16,94.41 1 8
github.com/crunchydata/postgres-operator/internal/upgradecheck/http.go:94.41,98.19 3 11
github.com/crunchydata/postgres-operator/internal/upgradecheck/http.go:98.19,104.33 3 8
github.com/crunchydata/postgres-operator/internal/upgradecheck/http.go:104.33,107.7 2 5
github.com/crunchydata/postgres-operator/internal/upgradecheck/http.go:111.5,111.22 1 5
github.com/crunchydata/postgres-operator/internal/upgradecheck/http.go:116.2,116.43 1 7
github.com/crunchydata/postgres-operator/internal/upgradecheck/http.go:116.43,118.3 1 1
github.com/crunchydata/postgres-operator/internal/upgradecheck/http.go:121.2,121.61 1 7
github.com/crunchydata/postgres-operator/internal/upgradecheck/http.go:139.59,140.15 1 0
github.com/crunchydata/postgres-operator/internal/upgradecheck/http.go:140.15,142.3 1 0
github.com/crunchydata/postgres-operator/internal/upgradecheck/http.go:144.2,145.30 2 0
github.com/crunchydata/postgres-operator/internal/upgradecheck/http.go:145.30,147.3 1 0
github.com/crunchydata/postgres-operator/internal/upgradecheck/http.go:149.2,155.4 1 0
github.com/crunchydata/postgres-operator/internal/upgradecheck/http.go:160.63,160.78 1 1
github.com/crunchydata/postgres-operator/internal/upgradecheck/http.go:163.70,169.6 4 1
github.com/crunchydata/postgres-operator/internal/upgradecheck/http.go:169.6,170.10 1 3
github.com/crunchydata/postgres-operator/internal/upgradecheck/http.go:171.19,172.16 1 2
github.com/crunchydata/postgres-operator/internal/upgradecheck/http.go:173.21,174.20 1 1
github.com/crunchydata/postgres-operator/internal/upgradecheck/http.go:179.64,182.15 2 4
github.com/crunchydata/postgres-operator/internal/upgradecheck/http.go:182.15,183.31 1 4
github.com/crunchydata/postgres-operator/internal/upgradecheck/http.go:183.31,185.4 1 1
github.com/crunchydata/postgres-operator/internal/upgradecheck/http.go:188.2,191.16 2 4
github.com/crunchydata/postgres-operator/internal/upgradecheck/http.go:191.16,193.3 1 0
github.com/crunchydata/postgres-operator/internal/upgradecheck/http.go:193.8,195.3 1 3
