mode: atomic
github.com/crunchydata/postgres-operator/internal/controller/postgrescluster/apply.go:20.77,22.2 1 0
github.com/crunchydata/postgres-operator/internal/controller/postgrescluster/autogrow.go:25.10,32.26 5 17
github.com/crunchydata/postgres-operator/internal/controller/postgrescluster/autogrow.go:32.26,34.17 2 17
github.com/crunchydata/postgres-operator/internal/controller/postgrescluster/autogrow.go:34.17,41.4 3 6
github.com/crunchydata/postgres-operator/internal/controller/postgrescluster/autogrow.go:45.2,45.32 1 17
github.com/crunchydata/postgres-operator/internal/controller/postgrescluster/autogrow.go:45.32,47.17 2 6
github.com/crunchydata/postgres-operator/internal/controller/postgrescluster/autogrow.go:47.17,54.4 3 3
github.com/crunchydata/postgres-operator/internal/controller/postgrescluster/autogrow.go:58.2,61.15 2 17
github.com/crunchydata/postgres-operator/internal/controller/postgrescluster/autogrow.go:61.15,63.3 1 5
github.com/crunchydata/postgres-operator/internal/controller/postgrescluster/autogrow.go:65.2,65.52 1 12
github.com/crunchydata/postgres-operator/internal/controller/postgrescluster/autogrow.go:65.52,67.28 2 6
github.com/crunchydata/postgres-operator/internal/controller/postgrescluster/autogrow.go:67.28,69.4 1 2
github.com/crunchydata/postgres-operator/internal/controller/postgrescluster/autogrow.go:70.3,72.53 1 6
github.com/crunchydata/postgres-operator/internal/controller/postgrescluster/autogrow.go:78.2,78.26 1 12
github.com/crunchydata/postgres-operator/internal/controller/postgrescluster/autogrow.go:78.26,80.3 1 6
github.com/crunchydata/postgres-operator/internal/controller/postgrescluster/autogrow.go:82.2,82.23 1 12
github.com/crunchydata/postgres-operator/internal/controller/postgrescluster/autogrow.go:87.92,89.9 1 28
github.com/crunchydata/postgres-operator/internal/controller/postgrescluster/autogrow.go:93.30,94.58 1 8
github.com/crunchydata/postgres-operator/internal/controller/postgrescluster/autogrow.go:94.58,95.44 1 12
github.com/crunchydata/postgres-operator/internal/controller/postgrescluster/autogrow.go:95.44,97.5 1 7
github.com/crunchydata/postgres-operator/internal/controller/postgrescluster/autogrow.go:99.29,100.58 1 10
github.com/crunchydata/postgres-operator/internal/controller/postgrescluster/autogrow.go:100.58,102.86 1 18
github.com/crunchydata/postgres-operator/internal/controller/postgrescluster/autogrow.go:102.86,104.5 1 2
github.com/crunchydata/postgres-operator/internal/controller/postgrescluster/autogrow.go:105.4,105.86 1 16
github.com/crunchydata/postgres-operator/internal/controller/postgrescluster/autogrow.go:105.86,107.5 1 7
github.com/crunchydata/postgres-operator/internal/controller/postgrescluster/autogrow.go:112.45,113.66 1 10
github.com/crunchydata/postgres-operator/internal/controller/postgrescluster/autogrow.go:113.66,115.61 1 18
github.com/crunchydata/postgres-operator/internal/controller/postgrescluster/autogrow.go:115.61,117.5 1 2
github.com/crunchydata/postgres-operator/internal/controller/postgrescluster/autogrow.go:118.4,118.61 1 16
github.com/crunchydata/postgres-operator/internal/controller/postgrescluster/autogrow.go:118.61,120.5 1 7
github.com/crunchydata/postgres-operator/internal/controller/postgrescluster/autogrow.go:124.2,124.14 1 3
github.com/crunchydata/postgres-operator/internal/controller/postgrescluster/autogrow.go:131.67,142.34 4 10
github.com/crunchydata/postgres-operator/internal/controller/postgrescluster/autogrow.go:142.34,144.3 1 1
github.com/crunchydata/postgres-operator/internal/controller/postgrescluster/autogrow.go:148.2,148.61 1 9
github.com/crunchydata/postgres-operator/internal/controller/postgrescluster/autogrow.go:148.61,157.3 2 1
github.com/crunchydata/postgres-operator/internal/controller/postgrescluster/autogrow.go:157.8,157.58 1 8
github.com/crunchydata/postgres-operator/internal/controller/postgrescluster/autogrow.go:157.58,163.17 1 7
github.com/crunchydata/postgres-operator/internal/controller/postgrescluster/autogrow.go:163.17,166.4 1 1
github.com/crunchydata/postgres-operator/internal/controller/postgrescluster/autogrow.go:172.3,172.63 1 7
github.com/crunchydata/postgres-operator/internal/controller/postgrescluster/autogrow.go:172.63,174.29 2 4
github.com/crunchydata/postgres-operator/internal/controller/postgrescluster/autogrow.go:174.29,176.5 1 1
github.com/crunchydata/postgres-operator/internal/controller/postgrescluster/autogrow.go:177.4,183.63 2 4
github.com/crunchydata/postgres-operator/internal/controller/postgrescluster/autogrow.go:183.63,187.5 1 1
github.com/crunchydata/postgres-operator/internal/controller/postgrescluster/autogrow.go:189.4,189.43 1 4
github.com/crunchydata/postgres-operator/internal/controller/postgrescluster/autogrow.go:191.3,193.4 1 7
github.com/crunchydata/postgres-operator/internal/controller/postgrescluster/autogrow.go:201.56,203.9 1 24
github.com/crunchydata/postgres-operator/internal/controller/postgrescluster/autogrow.go:204.30,205.46 1 10
github.com/crunchydata/postgres-operator/internal/controller/postgrescluster/autogrow.go:205.46,206.63 1 13
github.com/crunchydata/postgres-operator/internal/controller/postgrescluster/autogrow.go:206.63,207.93 1 8
github.com/crunchydata/postgres-operator/internal/controller/postgrescluster/autogrow.go:207.93,208.36 1 8
github.com/crunchydata/postgres-operator/internal/controller/postgrescluster/autogrow.go:208.36,210.21 2 8
github.com/crunchydata/postgres-operator/internal/controller/postgrescluster/autogrow.go:210.21,211.62 1 6
github.com/crunchydata/postgres-operator/internal/controller/postgrescluster/autogrow.go:211.62,213.9 1 4
github.com/crunchydata/postgres-operator/internal/controller/postgrescluster/autogrow.go:214.13,216.8 1 2
github.com/crunchydata/postgres-operator/internal/controller/postgrescluster/autogrow.go:222.29,223.46 1 7
github.com/crunchydata/postgres-operator/internal/controller/postgrescluster/autogrow.go:223.46,224.63 1 12
github.com/crunchydata/postgres-operator/internal/controller/postgrescluster/autogrow.go:224.63,225.92 1 6
github.com/crunchydata/postgres-operator/internal/controller/postgrescluster/autogrow.go:225.92,226.36 1 5
github.com/crunchydata/postgres-operator/internal/controller/postgrescluster/autogrow.go:226.36,228.21 2 5
github.com/crunchydata/postgres-operator/internal/controller/postgrescluster/autogrow.go:228.21,229.62 1 4
github.com/crunchydata/postgres-operator/internal/controller/postgrescluster/autogrow.go:229.62,231.9 1 2
github.com/crunchydata/postgres-operator/internal/controller/postgrescluster/autogrow.go:232.13,234.8 1 1
github.com/crunchydata/postgres-operator/internal/controller/postgrescluster/autogrow.go:243.45,244.39 1 7
github.com/crunchydata/postgres-operator/internal/controller/postgrescluster/autogrow.go:244.39,246.4 1 1
github.com/crunchydata/postgres-operator/internal/controller/postgrescluster/autogrow.go:247.3,247.50 1 6
github.com/crunchydata/postgres-operator/internal/controller/postgrescluster/autogrow.go:247.50,248.61 1 6
github.com/crunchydata/postgres-operator/internal/controller/postgrescluster/autogrow.go:248.61,250.35 2 5
github.com/crunchydata/postgres-operator/internal/controller/postgrescluster/autogrow.go:250.35,252.20 2 5
github.com/crunchydata/postgres-operator/internal/controller/postgrescluster/autogrow.go:252.20,253.61 1 4
github.com/crunchydata/postgres-operator/internal/controller/postgrescluster/autogrow.go:253.61,255.8 1 2
github.com/crunchydata/postgres-operator/internal/controller/postgrescluster/autogrow.go:256.12,258.7 1 1
github.com/crunchydata/postgres-operator/internal/controller/postgrescluster/autogrow.go:263.2,263.16 1 19
github.com/crunchydata/postgres-operator/internal/controller/postgrescluster/autoscaling.go:124.80,126.24 2 10
github.com/crunchydata/postgres-operator/internal/controller/postgrescluster/autoscaling.go:126.24,128.3 1 1
github.com/crunchydata/postgres-operator/internal/controller/postgrescluster/autoscaling.go:130.2,130.55 1 9
github.com/crunchydata/postgres-operator/internal/controller/postgrescluster/autoscaling.go:130.55,132.3 1 1
github.com/crunchydata/postgres-operator/internal/controller/postgrescluster/autoscaling.go:134.2,142.59 2 8
github.com/crunchydata/postgres-operator/internal/controller/postgrescluster/autoscaling.go:142.59,143.49 1 1
github.com/crunchydata/postgres-operator/internal/controller/postgrescluster/autoscaling.go:143.49,145.4 1 1
github.com/crunchydata/postgres-operator/internal/controller/postgrescluster/autoscaling.go:149.2,149.59 1 8
github.com/crunchydata/postgres-operator/internal/controller/postgrescluster/autoscaling.go:149.59,150.49 1 1
github.com/crunchydata/postgres-operator/internal/controller/postgrescluster/autoscaling.go:150.49,152.4 1 1
github.com/crunchydata/postgres-operator/internal/controller/postgrescluster/autoscaling.go:156.2,156.65 1 8
github.com/crunchydata/postgres-operator/internal/controller/postgrescluster/autoscaling.go:156.65,157.49 1 2
github.com/crunchydata/postgres-operator/internal/controller/postgrescluster/autoscaling.go:157.49,164.4 1 2
github.com/crunchydata/postgres-operator/internal/controller/postgrescluster/autoscaling.go:168.2,168.68 1 8
github.com/crunchydata/postgres-operator/internal/controller/postgrescluster/autoscaling.go:168.68,169.49 1 2
github.com/crunchydata/postgres-operator/internal/controller/postgrescluster/autoscaling.go:169.49,176.4 1 2
github.com/crunchydata/postgres-operator/internal/controller/postgrescluster/autoscaling.go:180.2,180.74 1 8
github.com/crunchydata/postgres-operator/internal/controller/postgrescluster/autoscaling.go:180.74,181.51 1 2
github.com/crunchydata/postgres-operator/internal/controller/postgrescluster/autoscaling.go:181.51,188.4 1 2
github.com/crunchydata/postgres-operator/internal/controller/postgrescluster/autoscaling.go:192.2,192.76 1 8
github.com/crunchydata/postgres-operator/internal/controller/postgrescluster/autoscaling.go:192.76,193.49 1 2
github.com/crunchydata/postgres-operator/internal/controller/postgrescluster/autoscaling.go:193.49,200.4 1 2
github.com/crunchydata/postgres-operator/internal/controller/postgrescluster/autoscaling.go:204.2,237.15 2 8
github.com/crunchydata/postgres-operator/internal/controller/postgrescluster/autoscaling.go:244.9,249.38 3 0
github.com/crunchydata/postgres-operator/internal/controller/postgrescluster/autoscaling.go:249.38,252.3 1 0
github.com/crunchydata/postgres-operator/internal/controller/postgrescluster/autoscaling.go:254.2,258.16 3 0
github.com/crunchydata/postgres-operator/internal/controller/postgrescluster/autoscaling.go:258.16,260.3 1 0
github.com/crunchydata/postgres-operator/internal/controller/postgrescluster/autoscaling.go:263.2,263.126 1 0
github.com/crunchydata/postgres-operator/internal/controller/postgrescluster/autoscaling.go:263.126,265.3 1 0
github.com/crunchydata/postgres-operator/internal/controller/postgrescluster/autoscaling.go:267.2,268.12 2 0
github.com/crunchydata/postgres-operator/internal/controller/postgrescluster/autoscaling.go:272.125,308.40 8 4
github.com/crunchydata/postgres-operator/internal/controller/postgrescluster/autoscaling.go:308.40,309.22 1 5
github.com/crunchydata/postgres-operator/internal/controller/postgrescluster/autoscaling.go:310.19,321.45 2 4
github.com/crunchydata/postgres-operator/internal/controller/postgrescluster/autoscaling.go:323.15,336.41 2 1
github.com/crunchydata/postgres-operator/internal/controller/postgrescluster/autoscaling.go:338.19,353.45 2 0
github.com/crunchydata/postgres-operator/internal/controller/postgrescluster/autoscaling.go:357.2,360.28 2 4
github.com/crunchydata/postgres-operator/internal/controller/postgrescluster/autoscaling.go:360.28,363.37 2 1
github.com/crunchydata/postgres-operator/internal/controller/postgrescluster/autoscaling.go:363.37,368.60 4 1
github.com/crunchydata/postgres-operator/internal/controller/postgrescluster/autoscaling.go:368.60,370.33 2 1
github.com/crunchydata/postgres-operator/internal/controller/postgrescluster/autoscaling.go:370.33,372.6 1 0
github.com/crunchydata/postgres-operator/internal/controller/postgrescluster/autoscaling.go:374.5,379.7 2 1
github.com/crunchydata/postgres-operator/internal/controller/postgrescluster/autoscaling.go:382.4,382.30 1 1
github.com/crunchydata/postgres-operator/internal/controller/postgrescluster/autoscaling.go:385.3,385.39 1 1
github.com/crunchydata/postgres-operator/internal/controller/postgrescluster/autoscaling.go:385.39,390.62 4 1
github.com/crunchydata/postgres-operator/internal/controller/postgrescluster/autoscaling.go:390.62,392.33 2 1
github.com/crunchydata/postgres-operator/internal/controller/postgrescluster/autoscaling.go:392.33,394.6 1 0
github.com/crunchydata/postgres-operator/internal/controller/postgrescluster/autoscaling.go:396.5,401.7 2 1
github.com/crunchydata/postgres-operator/internal/controller/postgrescluster/autoscaling.go:404.4,404.34 1 1
github.com/crunchydata/postgres-operator/internal/controller/postgrescluster/autoscaling.go:407.3,407.31 1 1
github.com/crunchydata/postgres-operator/internal/controller/postgrescluster/autoscaling.go:410.2,410.17 1 4
github.com/crunchydata/postgres-operator/internal/controller/postgrescluster/autoscaling.go:414.93,422.73 2 0
github.com/crunchydata/postgres-operator/internal/controller/postgrescluster/autoscaling.go:422.73,424.3 1 0
github.com/crunchydata/postgres-operator/internal/controller/postgrescluster/autoscaling.go:426.2,426.12 1 0
github.com/crunchydata/postgres-operator/internal/controller/postgrescluster/autoscaling.go:434.31,441.22 3 0
github.com/crunchydata/postgres-operator/internal/controller/postgrescluster/autoscaling.go:441.22,442.40 1 0
github.com/crunchydata/postgres-operator/internal/controller/postgrescluster/autoscaling.go:442.40,445.4 1 0
github.com/crunchydata/postgres-operator/internal/controller/postgrescluster/autoscaling.go:446.3,446.55 1 0
github.com/crunchydata/postgres-operator/internal/controller/postgrescluster/autoscaling.go:449.2,461.51 2 0
github.com/crunchydata/postgres-operator/internal/controller/postgrescluster/autoscaling.go:461.51,462.22 1 0
github.com/crunchydata/postgres-operator/internal/controller/postgrescluster/autoscaling.go:463.47,464.30 1 0
github.com/crunchydata/postgres-operator/internal/controller/postgrescluster/autoscaling.go:464.30,470.58 2 0
github.com/crunchydata/postgres-operator/internal/controller/postgrescluster/autoscaling.go:470.58,472.6 1 0
github.com/crunchydata/postgres-operator/internal/controller/postgrescluster/autoscaling.go:473.5,473.72 1 0
github.com/crunchydata/postgres-operator/internal/controller/postgrescluster/autoscaling.go:476.43,477.26 1 0
github.com/crunchydata/postgres-operator/internal/controller/postgrescluster/autoscaling.go:477.26,484.5 2 0
github.com/crunchydata/postgres-operator/internal/controller/postgrescluster/autoscaling.go:489.2,489.50 1 0
github.com/crunchydata/postgres-operator/internal/controller/postgrescluster/autoscaling.go:489.50,490.95 1 0
github.com/crunchydata/postgres-operator/internal/controller/postgrescluster/autoscaling.go:490.95,492.4 1 0
github.com/crunchydata/postgres-operator/internal/controller/postgrescluster/autoscaling.go:495.2,495.20 1 0
github.com/crunchydata/postgres-operator/internal/controller/postgrescluster/autoscaling.go:534.42,538.2 3 5
github.com/crunchydata/postgres-operator/internal/controller/postgrescluster/autoscaling.go:540.42,544.2 3 10
github.com/crunchydata/postgres-operator/internal/controller/postgrescluster/autoscaling.go:546.31,548.2 1 4
github.com/crunchydata/postgres-operator/internal/controller/postgrescluster/autoscaling.go:551.93,552.21 1 6
github.com/crunchydata/postgres-operator/internal/controller/postgrescluster/autoscaling.go:552.21,554.3 1 1
github.com/crunchydata/postgres-operator/internal/controller/postgrescluster/autoscaling.go:556.2,573.33 2 5
github.com/crunchydata/postgres-operator/internal/controller/postgrescluster/autoscaling.go:573.33,576.3 2 1
github.com/crunchydata/postgres-operator/internal/controller/postgrescluster/autoscaling.go:578.2,579.47 2 5
github.com/crunchydata/postgres-operator/internal/controller/postgrescluster/autoscaling.go:579.47,581.3 1 1
github.com/crunchydata/postgres-operator/internal/controller/postgrescluster/autoscaling.go:583.2,583.43 1 5
github.com/crunchydata/postgres-operator/internal/controller/postgrescluster/autoscaling.go:583.43,585.55 2 1
github.com/crunchydata/postgres-operator/internal/controller/postgrescluster/autoscaling.go:585.55,587.4 1 2
github.com/crunchydata/postgres-operator/internal/controller/postgrescluster/autoscaling.go:591.2,593.50 2 5
github.com/crunchydata/postgres-operator/internal/controller/postgrescluster/autoscaling.go:593.50,595.3 1 1
github.com/crunchydata/postgres-operator/internal/controller/postgrescluster/autoscaling.go:597.2,597.101 1 5
github.com/crunchydata/postgres-operator/internal/controller/postgrescluster/autoscaling.go:597.101,599.3 1 1
github.com/crunchydata/postgres-operator/internal/controller/postgrescluster/autoscaling.go:601.2,601.53 1 5
github.com/crunchydata/postgres-operator/internal/controller/postgrescluster/autoscaling.go:601.53,603.3 1 1
github.com/crunchydata/postgres-operator/internal/controller/postgrescluster/autoscaling.go:605.2,605.15 1 5
github.com/crunchydata/postgres-operator/internal/controller/postgrescluster/cluster.go:34.30,46.16 6 0
github.com/crunchydata/postgres-operator/internal/controller/postgrescluster/cluster.go:46.16,49.3 1 0
github.com/crunchydata/postgres-operator/internal/controller/postgrescluster/cluster.go:50.2,50.16 1 0
github.com/crunchydata/postgres-operator/internal/controller/postgrescluster/cluster.go:50.16,52.3 1 0
github.com/crunchydata/postgres-operator/internal/controller/postgrescluster/cluster.go:54.2,54.30 1 0
github.com/crunchydata/postgres-operator/internal/controller/postgrescluster/cluster.go:63.98,65.52 1 6
github.com/crunchydata/postgres-operator/internal/controller/postgrescluster/cluster.go:65.52,69.29 2 3
github.com/crunchydata/postgres-operator/internal/controller/postgrescluster/cluster.go:69.29,76.4 2 1
github.com/crunchydata/postgres-operator/internal/controller/postgrescluster/cluster.go:77.3,77.21 1 3
github.com/crunchydata/postgres-operator/internal/controller/postgrescluster/cluster.go:78.8,78.61 1 3
github.com/crunchydata/postgres-operator/internal/controller/postgrescluster/cluster.go:78.61,80.3 1 1
github.com/crunchydata/postgres-operator/internal/controller/postgrescluster/cluster.go:81.2,81.10 1 2
github.com/crunchydata/postgres-operator/internal/controller/postgrescluster/cluster.go:90.28,113.16 9 0
github.com/crunchydata/postgres-operator/internal/controller/postgrescluster/cluster.go:113.16,115.3 1 0
github.com/crunchydata/postgres-operator/internal/controller/postgrescluster/cluster.go:117.2,117.31 1 0
github.com/crunchydata/postgres-operator/internal/controller/postgrescluster/cluster.go:124.47,153.19 9 3
github.com/crunchydata/postgres-operator/internal/controller/postgrescluster/cluster.go:153.19,156.3 1 1
github.com/crunchydata/postgres-operator/internal/controller/postgrescluster/cluster.go:161.2,177.40 5 2
github.com/crunchydata/postgres-operator/internal/controller/postgrescluster/cluster.go:177.40,184.3 1 2
github.com/crunchydata/postgres-operator/internal/controller/postgrescluster/cluster.go:186.2,186.32 1 2
github.com/crunchydata/postgres-operator/internal/controller/postgrescluster/cluster.go:201.28,204.16 2 0
github.com/crunchydata/postgres-operator/internal/controller/postgrescluster/cluster.go:204.16,206.3 1 0
github.com/crunchydata/postgres-operator/internal/controller/postgrescluster/cluster.go:207.2,207.16 1 0
github.com/crunchydata/postgres-operator/internal/controller/postgrescluster/cluster.go:207.16,209.3 1 0
github.com/crunchydata/postgres-operator/internal/controller/postgrescluster/cluster.go:210.2,210.21 1 0
github.com/crunchydata/postgres-operator/internal/controller/postgrescluster/cluster.go:217.3,224.54 5 5
github.com/crunchydata/postgres-operator/internal/controller/postgrescluster/cluster.go:224.54,229.3 2 3
github.com/crunchydata/postgres-operator/internal/controller/postgrescluster/cluster.go:232.2,253.54 4 5
github.com/crunchydata/postgres-operator/internal/controller/postgrescluster/cluster.go:253.54,255.27 2 3
github.com/crunchydata/postgres-operator/internal/controller/postgrescluster/cluster.go:255.27,256.56 1 0
github.com/crunchydata/postgres-operator/internal/controller/postgrescluster/cluster.go:256.56,266.5 2 0
github.com/crunchydata/postgres-operator/internal/controller/postgrescluster/cluster.go:267.4,267.41 1 0
github.com/crunchydata/postgres-operator/internal/controller/postgrescluster/cluster.go:269.3,273.33 3 3
github.com/crunchydata/postgres-operator/internal/controller/postgrescluster/cluster.go:273.33,275.4 1 0
github.com/crunchydata/postgres-operator/internal/controller/postgrescluster/cluster.go:276.3,276.31 1 3
github.com/crunchydata/postgres-operator/internal/controller/postgrescluster/cluster.go:276.31,278.4 1 0
github.com/crunchydata/postgres-operator/internal/controller/postgrescluster/cluster.go:281.2,293.21 4 5
github.com/crunchydata/postgres-operator/internal/controller/postgrescluster/cluster.go:302.28,305.16 2 0
github.com/crunchydata/postgres-operator/internal/controller/postgrescluster/cluster.go:305.16,307.3 1 0
github.com/crunchydata/postgres-operator/internal/controller/postgrescluster/cluster.go:308.2,308.21 1 0
github.com/crunchydata/postgres-operator/internal/controller/postgrescluster/cluster.go:324.17,327.56 1 0
github.com/crunchydata/postgres-operator/internal/controller/postgrescluster/cluster.go:327.56,328.51 1 0
github.com/crunchydata/postgres-operator/internal/controller/postgrescluster/cluster.go:328.51,329.33 1 0
github.com/crunchydata/postgres-operator/internal/controller/postgrescluster/cluster.go:329.33,331.5 1 0
github.com/crunchydata/postgres-operator/internal/controller/postgrescluster/cluster.go:332.4,332.10 1 0
github.com/crunchydata/postgres-operator/internal/controller/postgrescluster/cluster.go:338.2,339.16 2 0
github.com/crunchydata/postgres-operator/internal/controller/postgrescluster/cluster.go:339.16,341.3 1 0
github.com/crunchydata/postgres-operator/internal/controller/postgrescluster/cluster.go:344.2,360.9 6 0
github.com/crunchydata/postgres-operator/internal/controller/postgrescluster/cluster.go:361.31,362.81 1 0
github.com/crunchydata/postgres-operator/internal/controller/postgrescluster/cluster.go:363.33,368.24 3 0
github.com/crunchydata/postgres-operator/internal/controller/postgrescluster/cluster.go:368.24,370.4 1 0
github.com/crunchydata/postgres-operator/internal/controller/postgrescluster/cluster.go:371.10,372.20 1 0
github.com/crunchydata/postgres-operator/internal/controller/postgrescluster/cluster.go:377.2,396.82 7 0
github.com/crunchydata/postgres-operator/internal/controller/postgrescluster/cluster.go:396.82,398.3 1 0
github.com/crunchydata/postgres-operator/internal/controller/postgrescluster/cluster.go:399.2,404.9 3 0
github.com/crunchydata/postgres-operator/internal/controller/postgrescluster/cluster.go:405.25,407.51 2 0
github.com/crunchydata/postgres-operator/internal/controller/postgrescluster/cluster.go:408.30,410.56 2 0
github.com/crunchydata/postgres-operator/internal/controller/postgrescluster/cluster.go:412.2,413.16 2 0
github.com/crunchydata/postgres-operator/internal/controller/postgrescluster/cluster.go:413.16,415.3 1 0
github.com/crunchydata/postgres-operator/internal/controller/postgrescluster/cluster.go:416.2,417.23 2 0
github.com/crunchydata/postgres-operator/internal/controller/postgrescluster/cluster.go:417.23,420.3 1 0
github.com/crunchydata/postgres-operator/internal/controller/postgrescluster/cluster.go:428.2,428.83 1 0
github.com/crunchydata/postgres-operator/internal/controller/postgrescluster/cluster.go:428.83,430.39 1 0
github.com/crunchydata/postgres-operator/internal/controller/postgrescluster/cluster.go:430.39,432.4 1 0
github.com/crunchydata/postgres-operator/internal/controller/postgrescluster/cluster.go:435.3,435.19 1 0
github.com/crunchydata/postgres-operator/internal/controller/postgrescluster/cluster.go:439.2,439.29 1 0
github.com/crunchydata/postgres-operator/internal/controller/postgrescluster/cluster.go:439.29,441.3 1 0
github.com/crunchydata/postgres-operator/internal/controller/postgrescluster/cluster.go:444.2,444.9 1 0
github.com/crunchydata/postgres-operator/internal/controller/postgrescluster/cluster.go:445.25,448.34 1 0
github.com/crunchydata/postgres-operator/internal/controller/postgrescluster/cluster.go:448.34,450.4 1 0
github.com/crunchydata/postgres-operator/internal/controller/postgrescluster/cluster.go:451.30,453.44 1 0
github.com/crunchydata/postgres-operator/internal/controller/postgrescluster/cluster.go:453.44,455.4 1 0
github.com/crunchydata/postgres-operator/internal/controller/postgrescluster/cluster.go:458.2,458.18 1 0
github.com/crunchydata/postgres-operator/internal/controller/postgrescluster/controller.go:76.3,87.35 5 0
github.com/crunchydata/postgres-operator/internal/controller/postgrescluster/controller.go:87.35,89.3 1 0
github.com/crunchydata/postgres-operator/internal/controller/postgrescluster/controller.go:92.2,102.61 2 0
github.com/crunchydata/postgres-operator/internal/controller/postgrescluster/controller.go:102.61,106.3 2 0
github.com/crunchydata/postgres-operator/internal/controller/postgrescluster/controller.go:106.8,106.26 1 0
github.com/crunchydata/postgres-operator/internal/controller/postgrescluster/controller.go:106.26,107.37 1 0
github.com/crunchydata/postgres-operator/internal/controller/postgrescluster/controller.go:107.37,109.4 1 0
github.com/crunchydata/postgres-operator/internal/controller/postgrescluster/controller.go:110.3,110.22 1 0
github.com/crunchydata/postgres-operator/internal/controller/postgrescluster/controller.go:118.2,118.58 1 0
github.com/crunchydata/postgres-operator/internal/controller/postgrescluster/controller.go:118.58,124.53 2 0
github.com/crunchydata/postgres-operator/internal/controller/postgrescluster/controller.go:124.53,126.4 1 0
github.com/crunchydata/postgres-operator/internal/controller/postgrescluster/controller.go:130.2,131.72 2 0
github.com/crunchydata/postgres-operator/internal/controller/postgrescluster/controller.go:131.72,137.3 1 0
github.com/crunchydata/postgres-operator/internal/controller/postgrescluster/controller.go:139.2,142.39 1 0
github.com/crunchydata/postgres-operator/internal/controller/postgrescluster/controller.go:142.39,150.3 4 0
github.com/crunchydata/postgres-operator/internal/controller/postgrescluster/controller.go:152.2,173.37 2 0
github.com/crunchydata/postgres-operator/internal/controller/postgrescluster/controller.go:173.37,174.66 1 0
github.com/crunchydata/postgres-operator/internal/controller/postgrescluster/controller.go:174.66,177.87 1 0
github.com/crunchydata/postgres-operator/internal/controller/postgrescluster/controller.go:177.87,180.5 2 0
github.com/crunchydata/postgres-operator/internal/controller/postgrescluster/controller.go:181.4,181.43 1 0
github.com/crunchydata/postgres-operator/internal/controller/postgrescluster/controller.go:183.3,183.13 1 0
github.com/crunchydata/postgres-operator/internal/controller/postgrescluster/controller.go:186.2,186.103 1 0
github.com/crunchydata/postgres-operator/internal/controller/postgrescluster/controller.go:186.103,188.3 1 0
github.com/crunchydata/postgres-operator/internal/controller/postgrescluster/controller.go:189.2,193.56 3 0
github.com/crunchydata/postgres-operator/internal/controller/postgrescluster/controller.go:193.56,203.3 2 0
github.com/crunchydata/postgres-operator/internal/controller/postgrescluster/controller.go:203.8,205.3 1 0
github.com/crunchydata/postgres-operator/internal/controller/postgrescluster/controller.go:207.2,207.16 1 0
github.com/crunchydata/postgres-operator/internal/controller/postgrescluster/controller.go:207.16,211.36 2 0
github.com/crunchydata/postgres-operator/internal/controller/postgrescluster/controller.go:211.36,223.4 2 0
github.com/crunchydata/postgres-operator/internal/controller/postgrescluster/controller.go:223.9,225.4 1 0
github.com/crunchydata/postgres-operator/internal/controller/postgrescluster/controller.go:228.2,233.16 4 0
github.com/crunchydata/postgres-operator/internal/controller/postgrescluster/controller.go:233.16,235.3 1 0
github.com/crunchydata/postgres-operator/internal/controller/postgrescluster/controller.go:237.2,237.16 1 0
github.com/crunchydata/postgres-operator/internal/controller/postgrescluster/controller.go:237.16,245.32 2 0
github.com/crunchydata/postgres-operator/internal/controller/postgrescluster/controller.go:245.32,248.4 1 0
github.com/crunchydata/postgres-operator/internal/controller/postgrescluster/controller.go:250.2,250.16 1 0
github.com/crunchydata/postgres-operator/internal/controller/postgrescluster/controller.go:250.16,252.3 1 0
github.com/crunchydata/postgres-operator/internal/controller/postgrescluster/controller.go:253.2,253.16 1 0
github.com/crunchydata/postgres-operator/internal/controller/postgrescluster/controller.go:253.16,255.3 1 0
github.com/crunchydata/postgres-operator/internal/controller/postgrescluster/controller.go:256.2,256.16 1 0
github.com/crunchydata/postgres-operator/internal/controller/postgrescluster/controller.go:256.16,258.3 1 0
github.com/crunchydata/postgres-operator/internal/controller/postgrescluster/controller.go:260.2,262.16 2 0
github.com/crunchydata/postgres-operator/internal/controller/postgrescluster/controller.go:262.16,264.98 2 0
github.com/crunchydata/postgres-operator/internal/controller/postgrescluster/controller.go:264.98,266.4 1 0
github.com/crunchydata/postgres-operator/internal/controller/postgrescluster/controller.go:268.2,268.16 1 0
github.com/crunchydata/postgres-operator/internal/controller/postgrescluster/controller.go:268.16,270.3 1 0
github.com/crunchydata/postgres-operator/internal/controller/postgrescluster/controller.go:275.2,275.16 1 0
github.com/crunchydata/postgres-operator/internal/controller/postgrescluster/controller.go:275.16,277.3 1 0
github.com/crunchydata/postgres-operator/internal/controller/postgrescluster/controller.go:282.2,282.16 1 0
github.com/crunchydata/postgres-operator/internal/controller/postgrescluster/controller.go:282.16,284.3 1 0
github.com/crunchydata/postgres-operator/internal/controller/postgrescluster/controller.go:288.2,288.16 1 0
github.com/crunchydata/postgres-operator/internal/controller/postgrescluster/controller.go:288.16,296.32 2 0
github.com/crunchydata/postgres-operator/internal/controller/postgrescluster/controller.go:296.32,298.4 1 0
github.com/crunchydata/postgres-operator/internal/controller/postgrescluster/controller.go:300.2,300.16 1 0
github.com/crunchydata/postgres-operator/internal/controller/postgrescluster/controller.go:300.16,302.3 1 0
github.com/crunchydata/postgres-operator/internal/controller/postgrescluster/controller.go:303.2,303.16 1 0
github.com/crunchydata/postgres-operator/internal/controller/postgrescluster/controller.go:303.16,305.3 1 0
github.com/crunchydata/postgres-operator/internal/controller/postgrescluster/controller.go:306.2,306.16 1 0
github.com/crunchydata/postgres-operator/internal/controller/postgrescluster/controller.go:306.16,308.3 1 0
github.com/crunchydata/postgres-operator/internal/controller/postgrescluster/controller.go:309.2,309.16 1 0
github.com/crunchydata/postgres-operator/internal/controller/postgrescluster/controller.go:309.16,311.3 1 0
github.com/crunchydata/postgres-operator/internal/controller/postgrescluster/controller.go:312.2,312.16 1 0
github.com/crunchydata/postgres-operator/internal/controller/postgrescluster/controller.go:312.16,314.3 1 0
github.com/crunchydata/postgres-operator/internal/controller/postgrescluster/controller.go:315.2,315.16 1 0
github.com/crunchydata/postgres-operator/internal/controller/postgrescluster/controller.go:315.16,317.3 1 0
github.com/crunchydata/postgres-operator/internal/controller/postgrescluster/controller.go:318.2,318.16 1 0
github.com/crunchydata/postgres-operator/internal/controller/postgrescluster/controller.go:318.16,320.3 1 0
github.com/crunchydata/postgres-operator/internal/controller/postgrescluster/controller.go:321.2,321.16 1 0
github.com/crunchydata/postgres-operator/internal/controller/postgrescluster/controller.go:321.16,323.3 1 0
github.com/crunchydata/postgres-operator/internal/controller/postgrescluster/controller.go:324.2,324.16 1 0
github.com/crunchydata/postgres-operator/internal/controller/postgrescluster/controller.go:324.16,326.3 1 0
github.com/crunchydata/postgres-operator/internal/controller/postgrescluster/controller.go:327.2,327.16 1 0
github.com/crunchydata/postgres-operator/internal/controller/postgrescluster/controller.go:327.16,329.3 1 0
github.com/crunchydata/postgres-operator/internal/controller/postgrescluster/controller.go:330.2,330.16 1 0
github.com/crunchydata/postgres-operator/internal/controller/postgrescluster/controller.go:330.16,332.3 1 0
github.com/crunchydata/postgres-operator/internal/controller/postgrescluster/controller.go:333.2,333.16 1 0
github.com/crunchydata/postgres-operator/internal/controller/postgrescluster/controller.go:333.16,340.3 1 0
github.com/crunchydata/postgres-operator/internal/controller/postgrescluster/controller.go:342.2,342.16 1 0
github.com/crunchydata/postgres-operator/internal/controller/postgrescluster/controller.go:342.16,344.3 1 0
github.com/crunchydata/postgres-operator/internal/controller/postgrescluster/controller.go:345.2,345.16 1 0
github.com/crunchydata/postgres-operator/internal/controller/postgrescluster/controller.go:345.16,347.3 1 0
github.com/crunchydata/postgres-operator/internal/controller/postgrescluster/controller.go:349.2,349.16 1 0
github.com/crunchydata/postgres-operator/internal/controller/postgrescluster/controller.go:349.16,352.71 2 0
github.com/crunchydata/postgres-operator/internal/controller/postgrescluster/controller.go:352.71,354.29 2 0
github.com/crunchydata/postgres-operator/internal/controller/postgrescluster/controller.go:354.29,356.5 1 0
github.com/crunchydata/postgres-operator/internal/controller/postgrescluster/controller.go:359.2,359.16 1 0
github.com/crunchydata/postgres-operator/internal/controller/postgrescluster/controller.go:359.16,361.3 1 0
github.com/crunchydata/postgres-operator/internal/controller/postgrescluster/controller.go:362.2,362.16 1 0
github.com/crunchydata/postgres-operator/internal/controller/postgrescluster/controller.go:362.16,364.3 1 0
github.com/crunchydata/postgres-operator/internal/controller/postgrescluster/controller.go:365.2,365.16 1 0
github.com/crunchydata/postgres-operator/internal/controller/postgrescluster/controller.go:365.16,367.3 1 0
github.com/crunchydata/postgres-operator/internal/controller/postgrescluster/controller.go:368.2,368.16 1 0
github.com/crunchydata/postgres-operator/internal/controller/postgrescluster/controller.go:368.16,370.3 1 0
github.com/crunchydata/postgres-operator/internal/controller/postgrescluster/controller.go:371.2,371.16 1 0
github.com/crunchydata/postgres-operator/internal/controller/postgrescluster/controller.go:371.16,373.3 1 0
github.com/crunchydata/postgres-operator/internal/controller/postgrescluster/controller.go:374.2,374.16 1 0
github.com/crunchydata/postgres-operator/internal/controller/postgrescluster/controller.go:374.16,376.3 1 0
github.com/crunchydata/postgres-operator/internal/controller/postgrescluster/controller.go:377.2,377.16 1 0
github.com/crunchydata/postgres-operator/internal/controller/postgrescluster/controller.go:377.16,381.3 1 0
github.com/crunchydata/postgres-operator/internal/controller/postgrescluster/controller.go:385.2,389.77 3 0
github.com/crunchydata/postgres-operator/internal/controller/postgrescluster/controller.go:395.9,396.44 1 0
github.com/crunchydata/postgres-operator/internal/controller/postgrescluster/controller.go:396.44,402.3 4 0
github.com/crunchydata/postgres-operator/internal/controller/postgrescluster/controller.go:404.2,404.12 1 0
github.com/crunchydata/postgres-operator/internal/controller/postgrescluster/controller.go:419.9,421.2 1 61
github.com/crunchydata/postgres-operator/internal/controller/postgrescluster/controller.go:427.9,429.2 1 0
github.com/crunchydata/postgres-operator/internal/controller/postgrescluster/controller.go:447.78,480.2 5 0
github.com/crunchydata/postgres-operator/internal/controller/postgrescluster/controller_ref_manager.go:28.27,30.71 1 0
github.com/crunchydata/postgres-operator/internal/controller/postgrescluster/controller_ref_manager.go:30.71,32.3 1 0
github.com/crunchydata/postgres-operator/internal/controller/postgrescluster/controller_ref_manager.go:34.2,36.16 2 0
github.com/crunchydata/postgres-operator/internal/controller/postgrescluster/controller_ref_manager.go:36.16,38.3 1 0
github.com/crunchydata/postgres-operator/internal/controller/postgrescluster/controller_ref_manager.go:40.2,40.93 1 0
github.com/crunchydata/postgres-operator/internal/controller/postgrescluster/controller_ref_manager.go:53.27,56.26 2 0
github.com/crunchydata/postgres-operator/internal/controller/postgrescluster/controller_ref_manager.go:56.26,58.52 1 0
github.com/crunchydata/postgres-operator/internal/controller/postgrescluster/controller_ref_manager.go:58.52,60.4 1 0
github.com/crunchydata/postgres-operator/internal/controller/postgrescluster/controller_ref_manager.go:65.3,65.56 1 0
github.com/crunchydata/postgres-operator/internal/controller/postgrescluster/controller_ref_manager.go:65.56,67.4 1 0
github.com/crunchydata/postgres-operator/internal/controller/postgrescluster/controller_ref_manager.go:71.3,71.52 1 0
github.com/crunchydata/postgres-operator/internal/controller/postgrescluster/controller_ref_manager.go:71.52,73.4 1 0
github.com/crunchydata/postgres-operator/internal/controller/postgrescluster/controller_ref_manager.go:75.3,76.44 1 0
github.com/crunchydata/postgres-operator/internal/controller/postgrescluster/controller_ref_manager.go:76.44,78.4 1 0
github.com/crunchydata/postgres-operator/internal/controller/postgrescluster/controller_ref_manager.go:81.3,81.13 1 0
github.com/crunchydata/postgres-operator/internal/controller/postgrescluster/controller_ref_manager.go:87.2,88.73 2 0
github.com/crunchydata/postgres-operator/internal/controller/postgrescluster/controller_ref_manager.go:88.73,90.3 1 0
github.com/crunchydata/postgres-operator/internal/controller/postgrescluster/controller_ref_manager.go:91.2,91.39 1 0
github.com/crunchydata/postgres-operator/internal/controller/postgrescluster/controller_ref_manager.go:91.39,93.3 1 0
github.com/crunchydata/postgres-operator/internal/controller/postgrescluster/controller_ref_manager.go:94.2,94.65 1 0
github.com/crunchydata/postgres-operator/internal/controller/postgrescluster/controller_ref_manager.go:94.65,97.32 1 0
github.com/crunchydata/postgres-operator/internal/controller/postgrescluster/controller_ref_manager.go:97.32,99.4 1 0
github.com/crunchydata/postgres-operator/internal/controller/postgrescluster/controller_ref_manager.go:100.3,100.13 1 0
github.com/crunchydata/postgres-operator/internal/controller/postgrescluster/controller_ref_manager.go:104.2,104.12 1 0
github.com/crunchydata/postgres-operator/internal/controller/postgrescluster/controller_ref_manager.go:110.61,116.69 3 0
github.com/crunchydata/postgres-operator/internal/controller/postgrescluster/controller_ref_manager.go:116.69,118.3 1 0
github.com/crunchydata/postgres-operator/internal/controller/postgrescluster/controller_ref_manager.go:118.8,118.62 1 0
github.com/crunchydata/postgres-operator/internal/controller/postgrescluster/controller_ref_manager.go:118.62,120.3 1 0
github.com/crunchydata/postgres-operator/internal/controller/postgrescluster/controller_ref_manager.go:122.2,122.23 1 0
github.com/crunchydata/postgres-operator/internal/controller/postgrescluster/controller_ref_manager.go:122.23,124.3 1 0
github.com/crunchydata/postgres-operator/internal/controller/postgrescluster/controller_ref_manager.go:126.2,130.34 2 0
github.com/crunchydata/postgres-operator/internal/controller/postgrescluster/controller_ref_manager.go:130.34,131.32 1 0
github.com/crunchydata/postgres-operator/internal/controller/postgrescluster/controller_ref_manager.go:131.32,133.4 1 0
github.com/crunchydata/postgres-operator/internal/controller/postgrescluster/controller_ref_manager.go:134.3,134.25 1 0
github.com/crunchydata/postgres-operator/internal/controller/postgrescluster/controller_ref_manager.go:137.2,137.35 1 0
github.com/crunchydata/postgres-operator/internal/controller/postgrescluster/controller_ref_manager.go:144.27,147.16 2 0
github.com/crunchydata/postgres-operator/internal/controller/postgrescluster/controller_ref_manager.go:147.16,149.3 1 0
github.com/crunchydata/postgres-operator/internal/controller/postgrescluster/controller_ref_manager.go:150.2,150.12 1 0
github.com/crunchydata/postgres-operator/internal/controller/postgrescluster/controller_ref_manager.go:150.12,152.3 1 0
github.com/crunchydata/postgres-operator/internal/controller/postgrescluster/controller_ref_manager.go:154.2,154.49 1 0
github.com/crunchydata/postgres-operator/internal/controller/postgrescluster/controller_ref_manager.go:161.69,169.16 2 0
github.com/crunchydata/postgres-operator/internal/controller/postgrescluster/controller_ref_manager.go:169.16,171.3 1 0
github.com/crunchydata/postgres-operator/internal/controller/postgrescluster/controller_ref_manager.go:173.2,173.88 1 0
github.com/crunchydata/postgres-operator/internal/controller/postgrescluster/controller_ref_manager.go:178.65,184.139 3 0
github.com/crunchydata/postgres-operator/internal/controller/postgrescluster/controller_ref_manager.go:184.139,185.74 1 0
github.com/crunchydata/postgres-operator/internal/controller/postgrescluster/controller_ref_manager.go:185.74,187.5 1 0
github.com/crunchydata/postgres-operator/internal/controller/postgrescluster/controller_ref_manager.go:189.139,190.77 1 0
github.com/crunchydata/postgres-operator/internal/controller/postgrescluster/controller_ref_manager.go:190.77,192.5 1 0
github.com/crunchydata/postgres-operator/internal/controller/postgrescluster/controller_ref_manager.go:194.139,195.74 1 0
github.com/crunchydata/postgres-operator/internal/controller/postgrescluster/controller_ref_manager.go:195.74,197.5 1 0
github.com/crunchydata/postgres-operator/internal/controller/postgrescluster/delete.go:27.30,42.40 2 0
github.com/crunchydata/postgres-operator/internal/controller/postgrescluster/delete.go:42.40,43.39 1 0
github.com/crunchydata/postgres-operator/internal/controller/postgrescluster/delete.go:43.39,47.4 1 0
github.com/crunchydata/postgres-operator/internal/controller/postgrescluster/delete.go:57.3,65.18 5 0
github.com/crunchydata/postgres-operator/internal/controller/postgrescluster/delete.go:68.2,68.39 1 0
github.com/crunchydata/postgres-operator/internal/controller/postgrescluster/delete.go:68.39,72.3 1 0
github.com/crunchydata/postgres-operator/internal/controller/postgrescluster/delete.go:77.2,77.64 1 0
github.com/crunchydata/postgres-operator/internal/controller/postgrescluster/delete.go:77.64,79.3 1 0
github.com/crunchydata/postgres-operator/internal/controller/postgrescluster/delete.go:79.8,79.26 1 0
github.com/crunchydata/postgres-operator/internal/controller/postgrescluster/delete.go:79.26,81.3 1 0
github.com/crunchydata/postgres-operator/internal/controller/postgrescluster/delete.go:84.2,84.63 1 0
github.com/crunchydata/postgres-operator/internal/controller/postgrescluster/delete.go:84.63,86.3 1 0
github.com/crunchydata/postgres-operator/internal/controller/postgrescluster/delete.go:95.2,103.33 5 0
github.com/crunchydata/postgres-operator/internal/controller/postgrescluster/instance.go:54.62,62.2 3 22
github.com/crunchydata/postgres-operator/internal/controller/postgrescluster/instance.go:65.58,66.22 1 9
github.com/crunchydata/postgres-operator/internal/controller/postgrescluster/instance.go:66.22,68.3 1 0
github.com/crunchydata/postgres-operator/internal/controller/postgrescluster/instance.go:70.2,70.77 1 9
github.com/crunchydata/postgres-operator/internal/controller/postgrescluster/instance.go:75.54,76.22 1 22
github.com/crunchydata/postgres-operator/internal/controller/postgrescluster/instance.go:76.22,77.57 1 22
github.com/crunchydata/postgres-operator/internal/controller/postgrescluster/instance.go:77.57,78.41 1 22
github.com/crunchydata/postgres-operator/internal/controller/postgrescluster/instance.go:78.41,80.5 1 22
github.com/crunchydata/postgres-operator/internal/controller/postgrescluster/instance.go:84.2,84.21 1 0
github.com/crunchydata/postgres-operator/internal/controller/postgrescluster/instance.go:88.74,89.22 1 24
github.com/crunchydata/postgres-operator/internal/controller/postgrescluster/instance.go:89.22,90.61 1 22
github.com/crunchydata/postgres-operator/internal/controller/postgrescluster/instance.go:90.61,91.32 1 21
github.com/crunchydata/postgres-operator/internal/controller/postgrescluster/instance.go:91.32,93.5 1 18
github.com/crunchydata/postgres-operator/internal/controller/postgrescluster/instance.go:95.3,95.65 1 4
github.com/crunchydata/postgres-operator/internal/controller/postgrescluster/instance.go:95.65,96.32 1 1
github.com/crunchydata/postgres-operator/internal/controller/postgrescluster/instance.go:96.32,98.5 1 1
github.com/crunchydata/postgres-operator/internal/controller/postgrescluster/instance.go:102.2,102.21 1 5
github.com/crunchydata/postgres-operator/internal/controller/postgrescluster/instance.go:107.66,108.22 1 40
github.com/crunchydata/postgres-operator/internal/controller/postgrescluster/instance.go:108.22,110.3 1 0
github.com/crunchydata/postgres-operator/internal/controller/postgrescluster/instance.go:118.2,118.49 1 40
github.com/crunchydata/postgres-operator/internal/controller/postgrescluster/instance.go:123.55,124.22 1 12
github.com/crunchydata/postgres-operator/internal/controller/postgrescluster/instance.go:124.22,126.3 1 1
github.com/crunchydata/postgres-operator/internal/controller/postgrescluster/instance.go:128.2,131.14 3 11
github.com/crunchydata/postgres-operator/internal/controller/postgrescluster/instance.go:131.14,133.3 1 2
github.com/crunchydata/postgres-operator/internal/controller/postgrescluster/instance.go:137.2,138.61 1 9
github.com/crunchydata/postgres-operator/internal/controller/postgrescluster/instance.go:144.70,145.41 1 10
github.com/crunchydata/postgres-operator/internal/controller/postgrescluster/instance.go:145.41,147.3 1 0
github.com/crunchydata/postgres-operator/internal/controller/postgrescluster/instance.go:149.2,149.63 1 10
github.com/crunchydata/postgres-operator/internal/controller/postgrescluster/instance.go:149.63,151.3 1 0
github.com/crunchydata/postgres-operator/internal/controller/postgrescluster/instance.go:155.2,156.60 2 10
github.com/crunchydata/postgres-operator/internal/controller/postgrescluster/instance.go:165.36,167.2 1 3
github.com/crunchydata/postgres-operator/internal/controller/postgrescluster/instance.go:168.46,170.2 1 3
github.com/crunchydata/postgres-operator/internal/controller/postgrescluster/instance.go:171.41,173.2 1 2
github.com/crunchydata/postgres-operator/internal/controller/postgrescluster/instance.go:178.55,179.79 1 3
github.com/crunchydata/postgres-operator/internal/controller/postgrescluster/instance.go:179.79,181.56 1 3
github.com/crunchydata/postgres-operator/internal/controller/postgrescluster/instance.go:181.56,183.4 1 0
github.com/crunchydata/postgres-operator/internal/controller/postgrescluster/instance.go:184.3,184.56 1 3
github.com/crunchydata/postgres-operator/internal/controller/postgrescluster/instance.go:184.56,186.4 1 1
github.com/crunchydata/postgres-operator/internal/controller/postgrescluster/instance.go:189.3,189.62 1 2
github.com/crunchydata/postgres-operator/internal/controller/postgrescluster/instance.go:189.62,191.4 1 1
github.com/crunchydata/postgres-operator/internal/controller/postgrescluster/instance.go:192.3,192.62 1 1
github.com/crunchydata/postgres-operator/internal/controller/postgrescluster/instance.go:192.62,194.4 1 1
github.com/crunchydata/postgres-operator/internal/controller/postgrescluster/instance.go:196.3,196.25 1 0
github.com/crunchydata/postgres-operator/internal/controller/postgrescluster/instance.go:213.22,221.43 3 13
github.com/crunchydata/postgres-operator/internal/controller/postgrescluster/instance.go:221.43,225.3 3 10
github.com/crunchydata/postgres-operator/internal/controller/postgrescluster/instance.go:226.2,226.25 1 13
github.com/crunchydata/postgres-operator/internal/controller/postgrescluster/instance.go:226.25,240.3 7 8
github.com/crunchydata/postgres-operator/internal/controller/postgrescluster/instance.go:241.2,241.22 1 13
github.com/crunchydata/postgres-operator/internal/controller/postgrescluster/instance.go:241.22,246.22 4 2
github.com/crunchydata/postgres-operator/internal/controller/postgrescluster/instance.go:246.22,255.4 5 1
github.com/crunchydata/postgres-operator/internal/controller/postgrescluster/instance.go:256.3,256.50 1 2
github.com/crunchydata/postgres-operator/internal/controller/postgrescluster/instance.go:259.2,259.18 1 13
github.com/crunchydata/postgres-operator/internal/controller/postgrescluster/instance.go:266.91,267.21 1 6
github.com/crunchydata/postgres-operator/internal/controller/postgrescluster/instance.go:267.21,269.3 1 0
github.com/crunchydata/postgres-operator/internal/controller/postgrescluster/instance.go:271.2,271.47 1 6
github.com/crunchydata/postgres-operator/internal/controller/postgrescluster/instance.go:271.47,272.76 1 5
github.com/crunchydata/postgres-operator/internal/controller/postgrescluster/instance.go:272.76,273.12 1 1
github.com/crunchydata/postgres-operator/internal/controller/postgrescluster/instance.go:275.3,275.68 1 4
github.com/crunchydata/postgres-operator/internal/controller/postgrescluster/instance.go:275.68,276.12 1 1
github.com/crunchydata/postgres-operator/internal/controller/postgrescluster/instance.go:278.3,279.49 2 3
github.com/crunchydata/postgres-operator/internal/controller/postgrescluster/instance.go:279.49,281.4 1 2
github.com/crunchydata/postgres-operator/internal/controller/postgrescluster/instance.go:284.2,284.17 1 4
github.com/crunchydata/postgres-operator/internal/controller/postgrescluster/instance.go:294.31,301.16 5 0
github.com/crunchydata/postgres-operator/internal/controller/postgrescluster/instance.go:301.16,307.3 1 0
github.com/crunchydata/postgres-operator/internal/controller/postgrescluster/instance.go:308.2,308.16 1 0
github.com/crunchydata/postgres-operator/internal/controller/postgrescluster/instance.go:308.16,314.3 1 0
github.com/crunchydata/postgres-operator/internal/controller/postgrescluster/instance.go:316.2,323.14 4 0
github.com/crunchydata/postgres-operator/internal/controller/postgrescluster/instance.go:323.14,324.56 1 0
github.com/crunchydata/postgres-operator/internal/controller/postgrescluster/instance.go:324.56,325.43 1 0
github.com/crunchydata/postgres-operator/internal/controller/postgrescluster/instance.go:325.43,327.5 1 0
github.com/crunchydata/postgres-operator/internal/controller/postgrescluster/instance.go:329.3,329.56 1 0
github.com/crunchydata/postgres-operator/internal/controller/postgrescluster/instance.go:329.56,330.42 1 0
github.com/crunchydata/postgres-operator/internal/controller/postgrescluster/instance.go:330.42,332.5 1 0
github.com/crunchydata/postgres-operator/internal/controller/postgrescluster/instance.go:337.2,338.52 2 0
github.com/crunchydata/postgres-operator/internal/controller/postgrescluster/instance.go:338.52,343.49 4 0
github.com/crunchydata/postgres-operator/internal/controller/postgrescluster/instance.go:343.49,347.58 2 0
github.com/crunchydata/postgres-operator/internal/controller/postgrescluster/instance.go:347.58,349.5 1 0
github.com/crunchydata/postgres-operator/internal/controller/postgrescluster/instance.go:350.4,350.76 1 0
github.com/crunchydata/postgres-operator/internal/controller/postgrescluster/instance.go:350.76,352.5 1 0
github.com/crunchydata/postgres-operator/internal/controller/postgrescluster/instance.go:353.4,353.16 1 0
github.com/crunchydata/postgres-operator/internal/controller/postgrescluster/instance.go:353.16,359.39 1 0
github.com/crunchydata/postgres-operator/internal/controller/postgrescluster/instance.go:359.39,361.60 1 0
github.com/crunchydata/postgres-operator/internal/controller/postgrescluster/instance.go:361.60,363.7 1 0
github.com/crunchydata/postgres-operator/internal/controller/postgrescluster/instance.go:364.6,364.59 1 0
github.com/crunchydata/postgres-operator/internal/controller/postgrescluster/instance.go:364.59,366.7 1 0
github.com/crunchydata/postgres-operator/internal/controller/postgrescluster/instance.go:378.3,378.15 1 0
github.com/crunchydata/postgres-operator/internal/controller/postgrescluster/instance.go:378.15,379.50 1 0
github.com/crunchydata/postgres-operator/internal/controller/postgrescluster/instance.go:379.50,384.28 1 0
github.com/crunchydata/postgres-operator/internal/controller/postgrescluster/instance.go:384.28,386.6 1 0
github.com/crunchydata/postgres-operator/internal/controller/postgrescluster/instance.go:386.11,388.6 1 0
github.com/crunchydata/postgres-operator/internal/controller/postgrescluster/instance.go:390.5,394.27 1 0
github.com/crunchydata/postgres-operator/internal/controller/postgrescluster/instance.go:394.27,396.6 1 0
github.com/crunchydata/postgres-operator/internal/controller/postgrescluster/instance.go:396.11,398.6 1 0
github.com/crunchydata/postgres-operator/internal/controller/postgrescluster/instance.go:402.3,402.76 1 0
github.com/crunchydata/postgres-operator/internal/controller/postgrescluster/instance.go:405.2,405.22 1 0
github.com/crunchydata/postgres-operator/internal/controller/postgrescluster/instance.go:415.30,419.16 3 0
github.com/crunchydata/postgres-operator/internal/controller/postgrescluster/instance.go:419.16,425.3 1 0
github.com/crunchydata/postgres-operator/internal/controller/postgrescluster/instance.go:426.2,426.16 1 0
github.com/crunchydata/postgres-operator/internal/controller/postgrescluster/instance.go:426.16,428.3 1 0
github.com/crunchydata/postgres-operator/internal/controller/postgrescluster/instance.go:430.2,430.26 1 0
github.com/crunchydata/postgres-operator/internal/controller/postgrescluster/instance.go:430.26,434.3 1 0
github.com/crunchydata/postgres-operator/internal/controller/postgrescluster/instance.go:438.2,441.38 2 0
github.com/crunchydata/postgres-operator/internal/controller/postgrescluster/instance.go:441.38,445.54 3 0
github.com/crunchydata/postgres-operator/internal/controller/postgrescluster/instance.go:446.21,447.80 1 0
github.com/crunchydata/postgres-operator/internal/controller/postgrescluster/instance.go:449.36,450.32 1 0
github.com/crunchydata/postgres-operator/internal/controller/postgrescluster/instance.go:452.11,453.58 1 0
github.com/crunchydata/postgres-operator/internal/controller/postgrescluster/instance.go:458.3,465.17 3 0
github.com/crunchydata/postgres-operator/internal/controller/postgrescluster/instance.go:465.17,467.4 1 0
github.com/crunchydata/postgres-operator/internal/controller/postgrescluster/instance.go:468.3,468.36 1 0
github.com/crunchydata/postgres-operator/internal/controller/postgrescluster/instance.go:471.2,471.26 1 0
github.com/crunchydata/postgres-operator/internal/controller/postgrescluster/instance.go:471.26,474.3 1 0
github.com/crunchydata/postgres-operator/internal/controller/postgrescluster/instance.go:479.2,480.28 2 0
github.com/crunchydata/postgres-operator/internal/controller/postgrescluster/instance.go:480.28,482.54 2 0
github.com/crunchydata/postgres-operator/internal/controller/postgrescluster/instance.go:482.54,485.4 2 0
github.com/crunchydata/postgres-operator/internal/controller/postgrescluster/instance.go:490.3,490.35 1 0
github.com/crunchydata/postgres-operator/internal/controller/postgrescluster/instance.go:490.35,493.4 2 0
github.com/crunchydata/postgres-operator/internal/controller/postgrescluster/instance.go:496.2,496.21 1 0
github.com/crunchydata/postgres-operator/internal/controller/postgrescluster/instance.go:509.9,529.27 3 0
github.com/crunchydata/postgres-operator/internal/controller/postgrescluster/instance.go:529.27,530.17 1 0
github.com/crunchydata/postgres-operator/internal/controller/postgrescluster/instance.go:530.17,540.31 4 0
github.com/crunchydata/postgres-operator/internal/controller/postgrescluster/instance.go:540.31,541.19 1 0
github.com/crunchydata/postgres-operator/internal/controller/postgrescluster/instance.go:541.19,544.6 1 0
github.com/crunchydata/postgres-operator/internal/controller/postgrescluster/instance.go:549.2,549.12 1 0
github.com/crunchydata/postgres-operator/internal/controller/postgrescluster/instance.go:570.9,577.48 1 0
github.com/crunchydata/postgres-operator/internal/controller/postgrescluster/instance.go:577.48,578.63 1 0
github.com/crunchydata/postgres-operator/internal/controller/postgrescluster/instance.go:578.63,579.62 1 0
github.com/crunchydata/postgres-operator/internal/controller/postgrescluster/instance.go:579.62,582.5 2 0
github.com/crunchydata/postgres-operator/internal/controller/postgrescluster/instance.go:582.10,585.5 2 0
github.com/crunchydata/postgres-operator/internal/controller/postgrescluster/instance.go:590.2,591.38 2 0
github.com/crunchydata/postgres-operator/internal/controller/postgrescluster/instance.go:591.38,593.3 1 0
github.com/crunchydata/postgres-operator/internal/controller/postgrescluster/instance.go:598.2,598.43 1 0
github.com/crunchydata/postgres-operator/internal/controller/postgrescluster/instance.go:598.43,610.17 3 0
github.com/crunchydata/postgres-operator/internal/controller/postgrescluster/instance.go:610.17,612.4 1 0
github.com/crunchydata/postgres-operator/internal/controller/postgrescluster/instance.go:613.3,613.17 1 0
github.com/crunchydata/postgres-operator/internal/controller/postgrescluster/instance.go:613.17,615.4 1 0
github.com/crunchydata/postgres-operator/internal/controller/postgrescluster/instance.go:621.2,622.16 2 0
github.com/crunchydata/postgres-operator/internal/controller/postgrescluster/instance.go:622.16,624.3 1 0
github.com/crunchydata/postgres-operator/internal/controller/postgrescluster/instance.go:627.2,628.16 2 0
github.com/crunchydata/postgres-operator/internal/controller/postgrescluster/instance.go:628.16,630.3 1 0
github.com/crunchydata/postgres-operator/internal/controller/postgrescluster/instance.go:633.2,634.55 1 0
github.com/crunchydata/postgres-operator/internal/controller/postgrescluster/instance.go:634.55,636.4 1 0
github.com/crunchydata/postgres-operator/internal/controller/postgrescluster/instance.go:638.2,638.12 1 0
github.com/crunchydata/postgres-operator/internal/controller/postgrescluster/instance.go:648.9,652.16 3 0
github.com/crunchydata/postgres-operator/internal/controller/postgrescluster/instance.go:652.16,657.3 1 0
github.com/crunchydata/postgres-operator/internal/controller/postgrescluster/instance.go:659.2,659.16 1 0
github.com/crunchydata/postgres-operator/internal/controller/postgrescluster/instance.go:659.16,661.49 2 0
github.com/crunchydata/postgres-operator/internal/controller/postgrescluster/instance.go:661.49,663.4 1 0
github.com/crunchydata/postgres-operator/internal/controller/postgrescluster/instance.go:664.3,664.32 1 0
github.com/crunchydata/postgres-operator/internal/controller/postgrescluster/instance.go:664.32,666.72 2 0
github.com/crunchydata/postgres-operator/internal/controller/postgrescluster/instance.go:666.72,668.5 1 0
github.com/crunchydata/postgres-operator/internal/controller/postgrescluster/instance.go:672.2,672.35 1 0
github.com/crunchydata/postgres-operator/internal/controller/postgrescluster/instance.go:685.97,691.37 3 8
github.com/crunchydata/postgres-operator/internal/controller/postgrescluster/instance.go:691.37,693.40 1 10
github.com/crunchydata/postgres-operator/internal/controller/postgrescluster/instance.go:693.40,694.12 1 0
github.com/crunchydata/postgres-operator/internal/controller/postgrescluster/instance.go:696.3,698.63 3 10
github.com/crunchydata/postgres-operator/internal/controller/postgrescluster/instance.go:698.63,700.4 1 7
github.com/crunchydata/postgres-operator/internal/controller/postgrescluster/instance.go:707.2,707.35 1 8
github.com/crunchydata/postgres-operator/internal/controller/postgrescluster/instance.go:707.35,709.37 2 3
github.com/crunchydata/postgres-operator/internal/controller/postgrescluster/instance.go:709.37,711.39 2 3
github.com/crunchydata/postgres-operator/internal/controller/postgrescluster/instance.go:711.39,713.42 1 5
github.com/crunchydata/postgres-operator/internal/controller/postgrescluster/instance.go:713.42,714.14 1 0
github.com/crunchydata/postgres-operator/internal/controller/postgrescluster/instance.go:716.5,720.36 4 5
github.com/crunchydata/postgres-operator/internal/controller/postgrescluster/instance.go:720.36,722.6 1 2
github.com/crunchydata/postgres-operator/internal/controller/postgrescluster/instance.go:725.3,725.33 1 3
github.com/crunchydata/postgres-operator/internal/controller/postgrescluster/instance.go:730.2,730.33 1 8
github.com/crunchydata/postgres-operator/internal/controller/postgrescluster/instance.go:730.33,733.48 3 6
github.com/crunchydata/postgres-operator/internal/controller/postgrescluster/instance.go:733.48,735.4 1 3
github.com/crunchydata/postgres-operator/internal/controller/postgrescluster/instance.go:738.2,738.31 1 8
github.com/crunchydata/postgres-operator/internal/controller/postgrescluster/instance.go:749.9,753.55 1 3
github.com/crunchydata/postgres-operator/internal/controller/postgrescluster/instance.go:753.55,757.3 1 0
github.com/crunchydata/postgres-operator/internal/controller/postgrescluster/instance.go:759.2,760.102 2 3
github.com/crunchydata/postgres-operator/internal/controller/postgrescluster/instance.go:760.102,762.3 1 3
github.com/crunchydata/postgres-operator/internal/controller/postgrescluster/instance.go:764.2,778.46 3 3
github.com/crunchydata/postgres-operator/internal/controller/postgrescluster/instance.go:778.46,783.58 4 2
github.com/crunchydata/postgres-operator/internal/controller/postgrescluster/instance.go:783.58,785.4 1 1
github.com/crunchydata/postgres-operator/internal/controller/postgrescluster/instance.go:787.3,787.35 1 2
github.com/crunchydata/postgres-operator/internal/controller/postgrescluster/instance.go:794.2,794.13 1 1
github.com/crunchydata/postgres-operator/internal/controller/postgrescluster/instance.go:794.13,796.52 2 1
github.com/crunchydata/postgres-operator/internal/controller/postgrescluster/instance.go:796.52,798.4 1 0
github.com/crunchydata/postgres-operator/internal/controller/postgrescluster/instance.go:800.3,800.66 1 1
github.com/crunchydata/postgres-operator/internal/controller/postgrescluster/instance.go:800.66,820.4 8 1
github.com/crunchydata/postgres-operator/internal/controller/postgrescluster/instance.go:822.3,828.41 3 1
github.com/crunchydata/postgres-operator/internal/controller/postgrescluster/instance.go:828.41,830.4 1 0
github.com/crunchydata/postgres-operator/internal/controller/postgrescluster/instance.go:833.3,833.17 1 1
github.com/crunchydata/postgres-operator/internal/controller/postgrescluster/instance.go:833.17,836.4 1 0
github.com/crunchydata/postgres-operator/internal/controller/postgrescluster/instance.go:836.9,836.34 1 1
github.com/crunchydata/postgres-operator/internal/controller/postgrescluster/instance.go:836.34,839.4 1 0
github.com/crunchydata/postgres-operator/internal/controller/postgrescluster/instance.go:849.2,853.6 1 1
github.com/crunchydata/postgres-operator/internal/controller/postgrescluster/instance.go:864.9,873.48 7 8
github.com/crunchydata/postgres-operator/internal/controller/postgrescluster/instance.go:873.48,875.3 1 7
github.com/crunchydata/postgres-operator/internal/controller/postgrescluster/instance.go:877.2,877.48 1 8
github.com/crunchydata/postgres-operator/internal/controller/postgrescluster/instance.go:877.48,880.27 1 12
github.com/crunchydata/postgres-operator/internal/controller/postgrescluster/instance.go:880.27,881.12 1 1
github.com/crunchydata/postgres-operator/internal/controller/postgrescluster/instance.go:886.3,886.76 1 11
github.com/crunchydata/postgres-operator/internal/controller/postgrescluster/instance.go:886.76,887.12 1 1
github.com/crunchydata/postgres-operator/internal/controller/postgrescluster/instance.go:890.3,890.69 1 10
github.com/crunchydata/postgres-operator/internal/controller/postgrescluster/instance.go:890.69,892.4 1 9
github.com/crunchydata/postgres-operator/internal/controller/postgrescluster/instance.go:894.3,894.76 1 10
github.com/crunchydata/postgres-operator/internal/controller/postgrescluster/instance.go:894.76,896.12 2 9
github.com/crunchydata/postgres-operator/internal/controller/postgrescluster/instance.go:900.2,905.23 3 8
github.com/crunchydata/postgres-operator/internal/controller/postgrescluster/instance.go:905.23,907.3 1 3
github.com/crunchydata/postgres-operator/internal/controller/postgrescluster/instance.go:909.2,917.36 5 8
github.com/crunchydata/postgres-operator/internal/controller/postgrescluster/instance.go:917.36,918.17 1 9
github.com/crunchydata/postgres-operator/internal/controller/postgrescluster/instance.go:918.17,919.71 1 9
github.com/crunchydata/postgres-operator/internal/controller/postgrescluster/instance.go:919.71,921.5 1 1
github.com/crunchydata/postgres-operator/internal/controller/postgrescluster/instance.go:921.10,921.46 1 8
github.com/crunchydata/postgres-operator/internal/controller/postgrescluster/instance.go:921.46,924.5 2 3
github.com/crunchydata/postgres-operator/internal/controller/postgrescluster/instance.go:928.2,928.34 1 8
github.com/crunchydata/postgres-operator/internal/controller/postgrescluster/instance.go:945.9,949.48 2 0
github.com/crunchydata/postgres-operator/internal/controller/postgrescluster/instance.go:949.48,951.3 1 0
github.com/crunchydata/postgres-operator/internal/controller/postgrescluster/instance.go:954.2,955.58 2 0
github.com/crunchydata/postgres-operator/internal/controller/postgrescluster/instance.go:955.58,956.74 1 0
github.com/crunchydata/postgres-operator/internal/controller/postgrescluster/instance.go:956.74,958.4 1 0
github.com/crunchydata/postgres-operator/internal/controller/postgrescluster/instance.go:962.2,963.45 2 0
github.com/crunchydata/postgres-operator/internal/controller/postgrescluster/instance.go:963.45,965.3 1 0
github.com/crunchydata/postgres-operator/internal/controller/postgrescluster/instance.go:967.2,967.56 1 0
github.com/crunchydata/postgres-operator/internal/controller/postgrescluster/instance.go:967.56,968.37 1 0
github.com/crunchydata/postgres-operator/internal/controller/postgrescluster/instance.go:968.37,969.58 1 0
github.com/crunchydata/postgres-operator/internal/controller/postgrescluster/instance.go:969.58,971.19 2 0
github.com/crunchydata/postgres-operator/internal/controller/postgrescluster/instance.go:971.19,973.6 1 0
github.com/crunchydata/postgres-operator/internal/controller/postgrescluster/instance.go:978.2,978.12 1 0
github.com/crunchydata/postgres-operator/internal/controller/postgrescluster/instance.go:984.75,986.59 1 12
github.com/crunchydata/postgres-operator/internal/controller/postgrescluster/instance.go:986.59,989.15 2 11
github.com/crunchydata/postgres-operator/internal/controller/postgrescluster/instance.go:989.15,990.39 1 10
github.com/crunchydata/postgres-operator/internal/controller/postgrescluster/instance.go:990.39,991.54 1 18
github.com/crunchydata/postgres-operator/internal/controller/postgrescluster/instance.go:991.54,993.6 1 4
github.com/crunchydata/postgres-operator/internal/controller/postgrescluster/instance.go:997.3,997.38 1 11
github.com/crunchydata/postgres-operator/internal/controller/postgrescluster/instance.go:997.38,998.73 1 19
github.com/crunchydata/postgres-operator/internal/controller/postgrescluster/instance.go:998.73,1000.5 1 10
github.com/crunchydata/postgres-operator/internal/controller/postgrescluster/instance.go:1003.3,1003.14 1 11
github.com/crunchydata/postgres-operator/internal/controller/postgrescluster/instance.go:1006.2,1007.30 2 12
github.com/crunchydata/postgres-operator/internal/controller/postgrescluster/instance.go:1007.30,1009.38 2 11
github.com/crunchydata/postgres-operator/internal/controller/postgrescluster/instance.go:1009.38,1010.56 1 31
github.com/crunchydata/postgres-operator/internal/controller/postgrescluster/instance.go:1010.56,1012.5 1 19
github.com/crunchydata/postgres-operator/internal/controller/postgrescluster/instance.go:1014.3,1014.53 1 11
github.com/crunchydata/postgres-operator/internal/controller/postgrescluster/instance.go:1017.2,1017.20 1 12
github.com/crunchydata/postgres-operator/internal/controller/postgrescluster/instance.go:1044.34,1049.42 4 0
github.com/crunchydata/postgres-operator/internal/controller/postgrescluster/instance.go:1049.42,1052.23 2 0
github.com/crunchydata/postgres-operator/internal/controller/postgrescluster/instance.go:1052.23,1055.4 2 0
github.com/crunchydata/postgres-operator/internal/controller/postgrescluster/instance.go:1059.2,1059.42 1 0
github.com/crunchydata/postgres-operator/internal/controller/postgrescluster/instance.go:1059.42,1060.36 1 0
github.com/crunchydata/postgres-operator/internal/controller/postgrescluster/instance.go:1060.36,1067.39 4 0
github.com/crunchydata/postgres-operator/internal/controller/postgrescluster/instance.go:1067.39,1070.5 2 0
github.com/crunchydata/postgres-operator/internal/controller/postgrescluster/instance.go:1070.10,1071.35 1 0
github.com/crunchydata/postgres-operator/internal/controller/postgrescluster/instance.go:1071.35,1073.6 1 0
github.com/crunchydata/postgres-operator/internal/controller/postgrescluster/instance.go:1075.4,1075.12 1 0
github.com/crunchydata/postgres-operator/internal/controller/postgrescluster/instance.go:1078.3,1079.71 2 0
github.com/crunchydata/postgres-operator/internal/controller/postgrescluster/instance.go:1082.2,1083.27 2 0
github.com/crunchydata/postgres-operator/internal/controller/postgrescluster/instance.go:1083.27,1092.3 1 0
github.com/crunchydata/postgres-operator/internal/controller/postgrescluster/instance.go:1093.2,1093.16 1 0
github.com/crunchydata/postgres-operator/internal/controller/postgrescluster/instance.go:1093.16,1095.3 1 0
github.com/crunchydata/postgres-operator/internal/controller/postgrescluster/instance.go:1097.2,1097.23 1 0
github.com/crunchydata/postgres-operator/internal/controller/postgrescluster/instance.go:1123.9,1132.16 8 0
github.com/crunchydata/postgres-operator/internal/controller/postgrescluster/instance.go:1132.16,1136.3 1 0
github.com/crunchydata/postgres-operator/internal/controller/postgrescluster/instance.go:1138.2,1146.16 2 0
github.com/crunchydata/postgres-operator/internal/controller/postgrescluster/instance.go:1146.16,1148.3 1 0
github.com/crunchydata/postgres-operator/internal/controller/postgrescluster/instance.go:1149.2,1149.16 1 0
github.com/crunchydata/postgres-operator/internal/controller/postgrescluster/instance.go:1149.16,1152.3 1 0
github.com/crunchydata/postgres-operator/internal/controller/postgrescluster/instance.go:1153.2,1153.16 1 0
github.com/crunchydata/postgres-operator/internal/controller/postgrescluster/instance.go:1153.16,1155.3 1 0
github.com/crunchydata/postgres-operator/internal/controller/postgrescluster/instance.go:1156.2,1156.16 1 0
github.com/crunchydata/postgres-operator/internal/controller/postgrescluster/instance.go:1156.16,1158.3 1 0
github.com/crunchydata/postgres-operator/internal/controller/postgrescluster/instance.go:1159.2,1159.16 1 0
github.com/crunchydata/postgres-operator/internal/controller/postgrescluster/instance.go:1159.16,1161.3 1 0
github.com/crunchydata/postgres-operator/internal/controller/postgrescluster/instance.go:1162.2,1162.16 1 0
github.com/crunchydata/postgres-operator/internal/controller/postgrescluster/instance.go:1162.16,1169.23 2 0
github.com/crunchydata/postgres-operator/internal/controller/postgrescluster/instance.go:1169.23,1172.4 1 0
github.com/crunchydata/postgres-operator/internal/controller/postgrescluster/instance.go:1174.3,1176.75 1 0
github.com/crunchydata/postgres-operator/internal/controller/postgrescluster/instance.go:1180.2,1181.61 1 0
github.com/crunchydata/postgres-operator/internal/controller/postgrescluster/instance.go:1181.61,1186.57 2 0
github.com/crunchydata/postgres-operator/internal/controller/postgrescluster/instance.go:1186.57,1192.18 3 0
github.com/crunchydata/postgres-operator/internal/controller/postgrescluster/instance.go:1192.18,1194.5 1 0
github.com/crunchydata/postgres-operator/internal/controller/postgrescluster/instance.go:1201.3,1208.84 2 0
github.com/crunchydata/postgres-operator/internal/controller/postgrescluster/instance.go:1212.2,1212.16 1 0
github.com/crunchydata/postgres-operator/internal/controller/postgrescluster/instance.go:1212.16,1214.3 1 0
github.com/crunchydata/postgres-operator/internal/controller/postgrescluster/instance.go:1218.2,1218.16 1 0
github.com/crunchydata/postgres-operator/internal/controller/postgrescluster/instance.go:1218.16,1224.3 1 0
github.com/crunchydata/postgres-operator/internal/controller/postgrescluster/instance.go:1227.2,1227.16 1 0
github.com/crunchydata/postgres-operator/internal/controller/postgrescluster/instance.go:1227.16,1229.3 1 0
github.com/crunchydata/postgres-operator/internal/controller/postgrescluster/instance.go:1232.2,1232.16 1 0
github.com/crunchydata/postgres-operator/internal/controller/postgrescluster/instance.go:1232.16,1234.3 1 0
github.com/crunchydata/postgres-operator/internal/controller/postgrescluster/instance.go:1237.2,1237.75 1 0
github.com/crunchydata/postgres-operator/internal/controller/postgrescluster/instance.go:1237.75,1240.33 2 0
github.com/crunchydata/postgres-operator/internal/controller/postgrescluster/instance.go:1240.33,1243.4 1 0
github.com/crunchydata/postgres-operator/internal/controller/postgrescluster/instance.go:1246.2,1246.16 1 0
github.com/crunchydata/postgres-operator/internal/controller/postgrescluster/instance.go:1246.16,1248.3 1 0
github.com/crunchydata/postgres-operator/internal/controller/postgrescluster/instance.go:1249.2,1249.16 1 0
github.com/crunchydata/postgres-operator/internal/controller/postgrescluster/instance.go:1249.16,1251.3 1 0
github.com/crunchydata/postgres-operator/internal/controller/postgrescluster/instance.go:1253.2,1253.12 1 0
github.com/crunchydata/postgres-operator/internal/controller/postgrescluster/instance.go:1263.3,1323.71 13 16
github.com/crunchydata/postgres-operator/internal/controller/postgrescluster/instance.go:1323.71,1329.3 1 15
github.com/crunchydata/postgres-operator/internal/controller/postgrescluster/instance.go:1337.2,1337.42 1 16
github.com/crunchydata/postgres-operator/internal/controller/postgrescluster/instance.go:1337.42,1340.3 1 13
github.com/crunchydata/postgres-operator/internal/controller/postgrescluster/instance.go:1340.8,1340.55 1 3
github.com/crunchydata/postgres-operator/internal/controller/postgrescluster/instance.go:1340.55,1343.3 1 3
github.com/crunchydata/postgres-operator/internal/controller/postgrescluster/instance.go:1343.8,1344.24 1 0
github.com/crunchydata/postgres-operator/internal/controller/postgrescluster/instance.go:1344.24,1347.3 1 0
github.com/crunchydata/postgres-operator/internal/controller/postgrescluster/instance.go:1347.8,1352.3 1 0
github.com/crunchydata/postgres-operator/internal/controller/postgrescluster/instance.go:1356.2,1381.73 6 16
github.com/crunchydata/postgres-operator/internal/controller/postgrescluster/instance.go:1389.3,1394.2 2 3
github.com/crunchydata/postgres-operator/internal/controller/postgrescluster/instance.go:1403.30,1424.61 6 0
github.com/crunchydata/postgres-operator/internal/controller/postgrescluster/instance.go:1424.61,1431.73 2 0
github.com/crunchydata/postgres-operator/internal/controller/postgrescluster/instance.go:1431.73,1438.4 1 0
github.com/crunchydata/postgres-operator/internal/controller/postgrescluster/instance.go:1440.2,1440.16 1 0
github.com/crunchydata/postgres-operator/internal/controller/postgrescluster/instance.go:1440.16,1442.3 1 0
github.com/crunchydata/postgres-operator/internal/controller/postgrescluster/instance.go:1443.2,1443.16 1 0
github.com/crunchydata/postgres-operator/internal/controller/postgrescluster/instance.go:1443.16,1445.3 1 0
github.com/crunchydata/postgres-operator/internal/controller/postgrescluster/instance.go:1447.2,1447.31 1 0
github.com/crunchydata/postgres-operator/internal/controller/postgrescluster/instance.go:1459.27,1468.16 5 0
github.com/crunchydata/postgres-operator/internal/controller/postgrescluster/instance.go:1468.16,1470.3 1 0
github.com/crunchydata/postgres-operator/internal/controller/postgrescluster/instance.go:1472.2,1493.16 6 0
github.com/crunchydata/postgres-operator/internal/controller/postgrescluster/instance.go:1493.16,1495.3 1 0
github.com/crunchydata/postgres-operator/internal/controller/postgrescluster/instance.go:1496.2,1496.16 1 0
github.com/crunchydata/postgres-operator/internal/controller/postgrescluster/instance.go:1496.16,1500.3 1 0
github.com/crunchydata/postgres-operator/internal/controller/postgrescluster/instance.go:1501.2,1501.36 1 0
github.com/crunchydata/postgres-operator/internal/controller/postgrescluster/instance.go:1501.36,1505.3 1 0
github.com/crunchydata/postgres-operator/internal/controller/postgrescluster/instance.go:1506.2,1506.16 1 0
github.com/crunchydata/postgres-operator/internal/controller/postgrescluster/instance.go:1506.16,1508.3 1 0
github.com/crunchydata/postgres-operator/internal/controller/postgrescluster/instance.go:1510.2,1510.27 1 0
github.com/crunchydata/postgres-operator/internal/controller/postgrescluster/instance.go:1523.9,1524.26 1 0
github.com/crunchydata/postgres-operator/internal/controller/postgrescluster/instance.go:1524.26,1527.3 1 0
github.com/crunchydata/postgres-operator/internal/controller/postgrescluster/instance.go:1528.2,1546.16 8 0
github.com/crunchydata/postgres-operator/internal/controller/postgrescluster/instance.go:1546.16,1548.3 1 0
github.com/crunchydata/postgres-operator/internal/controller/postgrescluster/instance.go:1549.2,1549.31 1 0
github.com/crunchydata/postgres-operator/internal/controller/postgrescluster/instance.go:1549.31,1551.17 2 0
github.com/crunchydata/postgres-operator/internal/controller/postgrescluster/instance.go:1551.17,1553.4 1 0
github.com/crunchydata/postgres-operator/internal/controller/postgrescluster/instance.go:1554.3,1554.36 1 0
github.com/crunchydata/postgres-operator/internal/controller/postgrescluster/instance.go:1557.2,1557.16 1 0
github.com/crunchydata/postgres-operator/internal/controller/postgrescluster/instance.go:1557.16,1559.3 1 0
github.com/crunchydata/postgres-operator/internal/controller/postgrescluster/instance.go:1560.2,1560.12 1 0
github.com/crunchydata/postgres-operator/internal/controller/postgrescluster/patroni.go:32.9,38.16 2 0
github.com/crunchydata/postgres-operator/internal/controller/postgrescluster/patroni.go:38.16,44.3 1 0
github.com/crunchydata/postgres-operator/internal/controller/postgrescluster/patroni.go:46.2,46.12 1 0
github.com/crunchydata/postgres-operator/internal/controller/postgrescluster/patroni.go:51.9,58.48 3 0
github.com/crunchydata/postgres-operator/internal/controller/postgrescluster/patroni.go:58.48,59.77 1 0
github.com/crunchydata/postgres-operator/internal/controller/postgrescluster/patroni.go:59.77,60.77 1 0
github.com/crunchydata/postgres-operator/internal/controller/postgrescluster/patroni.go:60.77,61.13 1 0
github.com/crunchydata/postgres-operator/internal/controller/postgrescluster/patroni.go:63.4,63.75 1 0
github.com/crunchydata/postgres-operator/internal/controller/postgrescluster/patroni.go:63.75,64.13 1 0
github.com/crunchydata/postgres-operator/internal/controller/postgrescluster/patroni.go:67.4,67.51 1 0
github.com/crunchydata/postgres-operator/internal/controller/postgrescluster/patroni.go:67.51,69.5 1 0
github.com/crunchydata/postgres-operator/internal/controller/postgrescluster/patroni.go:69.10,71.5 1 0
github.com/crunchydata/postgres-operator/internal/controller/postgrescluster/patroni.go:72.4,72.64 1 0
github.com/crunchydata/postgres-operator/internal/controller/postgrescluster/patroni.go:72.64,73.10 1 0
github.com/crunchydata/postgres-operator/internal/controller/postgrescluster/patroni.go:89.2,89.32 1 0
github.com/crunchydata/postgres-operator/internal/controller/postgrescluster/patroni.go:89.32,92.11 1 0
github.com/crunchydata/postgres-operator/internal/controller/postgrescluster/patroni.go:92.11,95.4 2 0
github.com/crunchydata/postgres-operator/internal/controller/postgrescluster/patroni.go:97.3,97.100 1 0
github.com/crunchydata/postgres-operator/internal/controller/postgrescluster/patroni.go:114.2,114.32 1 0
github.com/crunchydata/postgres-operator/internal/controller/postgrescluster/patroni.go:114.32,117.11 1 0
github.com/crunchydata/postgres-operator/internal/controller/postgrescluster/patroni.go:117.11,120.4 2 0
github.com/crunchydata/postgres-operator/internal/controller/postgrescluster/patroni.go:122.3,122.100 1 0
github.com/crunchydata/postgres-operator/internal/controller/postgrescluster/patroni.go:126.2,126.12 1 0
github.com/crunchydata/postgres-operator/internal/controller/postgrescluster/patroni.go:135.9,162.16 8 0
github.com/crunchydata/postgres-operator/internal/controller/postgrescluster/patroni.go:162.16,164.3 1 0
github.com/crunchydata/postgres-operator/internal/controller/postgrescluster/patroni.go:169.2,169.12 1 0
github.com/crunchydata/postgres-operator/internal/controller/postgrescluster/patroni.go:177.9,178.43 1 0
github.com/crunchydata/postgres-operator/internal/controller/postgrescluster/patroni.go:178.43,182.3 1 0
github.com/crunchydata/postgres-operator/internal/controller/postgrescluster/patroni.go:184.2,185.48 2 0
github.com/crunchydata/postgres-operator/internal/controller/postgrescluster/patroni.go:185.48,186.76 1 0
github.com/crunchydata/postgres-operator/internal/controller/postgrescluster/patroni.go:186.76,189.50 2 0
github.com/crunchydata/postgres-operator/internal/controller/postgrescluster/patroni.go:189.50,191.10 2 0
github.com/crunchydata/postgres-operator/internal/controller/postgrescluster/patroni.go:195.2,195.16 1 0
github.com/crunchydata/postgres-operator/internal/controller/postgrescluster/patroni.go:195.16,198.3 1 0
github.com/crunchydata/postgres-operator/internal/controller/postgrescluster/patroni.go:203.2,203.104 1 0
github.com/crunchydata/postgres-operator/internal/controller/postgrescluster/patroni.go:203.104,205.3 1 0
github.com/crunchydata/postgres-operator/internal/controller/postgrescluster/patroni.go:207.2,209.71 1 0
github.com/crunchydata/postgres-operator/internal/controller/postgrescluster/patroni.go:216.3,225.47 5 9
github.com/crunchydata/postgres-operator/internal/controller/postgrescluster/patroni.go:225.47,230.3 2 7
github.com/crunchydata/postgres-operator/internal/controller/postgrescluster/patroni.go:233.2,254.47 4 9
github.com/crunchydata/postgres-operator/internal/controller/postgrescluster/patroni.go:254.47,256.3 1 2
github.com/crunchydata/postgres-operator/internal/controller/postgrescluster/patroni.go:256.8,258.27 2 7
github.com/crunchydata/postgres-operator/internal/controller/postgrescluster/patroni.go:258.27,259.56 1 3
github.com/crunchydata/postgres-operator/internal/controller/postgrescluster/patroni.go:259.56,269.5 2 1
github.com/crunchydata/postgres-operator/internal/controller/postgrescluster/patroni.go:270.4,270.41 1 2
github.com/crunchydata/postgres-operator/internal/controller/postgrescluster/patroni.go:272.3,276.33 3 6
github.com/crunchydata/postgres-operator/internal/controller/postgrescluster/patroni.go:276.33,278.4 1 0
github.com/crunchydata/postgres-operator/internal/controller/postgrescluster/patroni.go:279.3,279.31 1 6
github.com/crunchydata/postgres-operator/internal/controller/postgrescluster/patroni.go:279.31,281.4 1 0
github.com/crunchydata/postgres-operator/internal/controller/postgrescluster/patroni.go:283.2,286.21 3 8
github.com/crunchydata/postgres-operator/internal/controller/postgrescluster/patroni.go:296.28,302.16 2 0
github.com/crunchydata/postgres-operator/internal/controller/postgrescluster/patroni.go:302.16,304.3 1 0
github.com/crunchydata/postgres-operator/internal/controller/postgrescluster/patroni.go:305.2,305.21 1 0
github.com/crunchydata/postgres-operator/internal/controller/postgrescluster/patroni.go:314.26,319.56 4 0
github.com/crunchydata/postgres-operator/internal/controller/postgrescluster/patroni.go:319.56,320.36 1 0
github.com/crunchydata/postgres-operator/internal/controller/postgrescluster/patroni.go:320.36,322.4 1 0
github.com/crunchydata/postgres-operator/internal/controller/postgrescluster/patroni.go:325.2,329.16 3 0
github.com/crunchydata/postgres-operator/internal/controller/postgrescluster/patroni.go:329.16,330.42 1 0
github.com/crunchydata/postgres-operator/internal/controller/postgrescluster/patroni.go:330.42,333.4 1 0
github.com/crunchydata/postgres-operator/internal/controller/postgrescluster/patroni.go:333.9,333.27 1 0
github.com/crunchydata/postgres-operator/internal/controller/postgrescluster/patroni.go:333.27,343.4 2 0
github.com/crunchydata/postgres-operator/internal/controller/postgrescluster/patroni.go:346.2,346.21 1 0
github.com/crunchydata/postgres-operator/internal/controller/postgrescluster/patroni.go:357.27,360.58 1 0
github.com/crunchydata/postgres-operator/internal/controller/postgrescluster/patroni.go:360.58,368.3 3 0
github.com/crunchydata/postgres-operator/internal/controller/postgrescluster/patroni.go:370.2,378.16 6 0
github.com/crunchydata/postgres-operator/internal/controller/postgrescluster/patroni.go:378.16,387.3 4 0
github.com/crunchydata/postgres-operator/internal/controller/postgrescluster/patroni.go:389.2,403.84 6 0
github.com/crunchydata/postgres-operator/internal/controller/postgrescluster/patroni.go:403.84,405.3 1 0
github.com/crunchydata/postgres-operator/internal/controller/postgrescluster/patroni.go:406.2,406.16 1 0
github.com/crunchydata/postgres-operator/internal/controller/postgrescluster/patroni.go:406.16,409.3 2 0
github.com/crunchydata/postgres-operator/internal/controller/postgrescluster/patroni.go:410.2,410.16 1 0
github.com/crunchydata/postgres-operator/internal/controller/postgrescluster/patroni.go:410.16,413.3 2 0
github.com/crunchydata/postgres-operator/internal/controller/postgrescluster/patroni.go:414.2,414.16 1 0
github.com/crunchydata/postgres-operator/internal/controller/postgrescluster/patroni.go:414.16,417.3 2 0
github.com/crunchydata/postgres-operator/internal/controller/postgrescluster/patroni.go:418.2,418.16 1 0
github.com/crunchydata/postgres-operator/internal/controller/postgrescluster/patroni.go:418.16,420.3 1 0
github.com/crunchydata/postgres-operator/internal/controller/postgrescluster/patroni.go:421.2,421.20 1 0
github.com/crunchydata/postgres-operator/internal/controller/postgrescluster/patroni.go:426.91,446.2 1 0
github.com/crunchydata/postgres-operator/internal/controller/postgrescluster/patroni.go:449.72,459.44 2 19
github.com/crunchydata/postgres-operator/internal/controller/postgrescluster/patroni.go:459.44,463.3 3 2
github.com/crunchydata/postgres-operator/internal/controller/postgrescluster/patroni.go:465.2,471.66 4 17
github.com/crunchydata/postgres-operator/internal/controller/postgrescluster/patroni.go:471.66,474.3 2 2
github.com/crunchydata/postgres-operator/internal/controller/postgrescluster/patroni.go:479.2,479.36 1 15
github.com/crunchydata/postgres-operator/internal/controller/postgrescluster/patroni.go:479.36,483.3 1 1
github.com/crunchydata/postgres-operator/internal/controller/postgrescluster/patroni.go:486.2,486.56 1 14
github.com/crunchydata/postgres-operator/internal/controller/postgrescluster/patroni.go:486.56,487.63 1 2
github.com/crunchydata/postgres-operator/internal/controller/postgrescluster/patroni.go:487.63,490.4 1 1
github.com/crunchydata/postgres-operator/internal/controller/postgrescluster/patroni.go:495.2,496.62 2 13
github.com/crunchydata/postgres-operator/internal/controller/postgrescluster/patroni.go:496.62,497.49 1 5
github.com/crunchydata/postgres-operator/internal/controller/postgrescluster/patroni.go:497.49,498.45 1 10
github.com/crunchydata/postgres-operator/internal/controller/postgrescluster/patroni.go:498.45,500.5 1 4
github.com/crunchydata/postgres-operator/internal/controller/postgrescluster/patroni.go:502.3,502.28 1 5
github.com/crunchydata/postgres-operator/internal/controller/postgrescluster/patroni.go:502.28,505.4 1 1
github.com/crunchydata/postgres-operator/internal/controller/postgrescluster/patroni.go:506.3,506.36 1 4
github.com/crunchydata/postgres-operator/internal/controller/postgrescluster/patroni.go:506.36,510.4 1 1
github.com/crunchydata/postgres-operator/internal/controller/postgrescluster/patroni.go:511.8,513.3 1 8
github.com/crunchydata/postgres-operator/internal/controller/postgrescluster/patroni.go:516.2,517.48 2 11
github.com/crunchydata/postgres-operator/internal/controller/postgrescluster/patroni.go:517.48,519.37 1 12
github.com/crunchydata/postgres-operator/internal/controller/postgrescluster/patroni.go:519.37,522.9 2 10
github.com/crunchydata/postgres-operator/internal/controller/postgrescluster/patroni.go:525.2,525.23 1 11
github.com/crunchydata/postgres-operator/internal/controller/postgrescluster/patroni.go:525.23,527.3 1 1
github.com/crunchydata/postgres-operator/internal/controller/postgrescluster/patroni.go:528.2,529.28 1 10
github.com/crunchydata/postgres-operator/internal/controller/postgrescluster/patroni.go:529.28,532.3 1 15
github.com/crunchydata/postgres-operator/internal/controller/postgrescluster/patroni.go:539.2,541.16 2 10
github.com/crunchydata/postgres-operator/internal/controller/postgrescluster/patroni.go:541.16,543.3 1 1
github.com/crunchydata/postgres-operator/internal/controller/postgrescluster/patroni.go:545.2,545.19 1 9
github.com/crunchydata/postgres-operator/internal/controller/postgrescluster/patroni.go:545.19,547.3 1 1
github.com/crunchydata/postgres-operator/internal/controller/postgrescluster/patroni.go:549.2,556.78 2 8
github.com/crunchydata/postgres-operator/internal/controller/postgrescluster/patroni.go:556.78,560.3 3 1
github.com/crunchydata/postgres-operator/internal/controller/postgrescluster/patroni.go:565.2,565.58 1 7
github.com/crunchydata/postgres-operator/internal/controller/postgrescluster/patroni.go:565.58,570.3 4 2
github.com/crunchydata/postgres-operator/internal/controller/postgrescluster/patroni.go:575.2,575.88 1 5
github.com/crunchydata/postgres-operator/internal/controller/postgrescluster/patroni.go:575.88,578.3 2 4
github.com/crunchydata/postgres-operator/internal/controller/postgrescluster/patroni.go:580.2,580.56 1 5
github.com/crunchydata/postgres-operator/internal/controller/postgrescluster/patroni.go:580.56,582.88 1 1
github.com/crunchydata/postgres-operator/internal/controller/postgrescluster/patroni.go:582.88,585.4 2 1
github.com/crunchydata/postgres-operator/internal/controller/postgrescluster/patroni.go:589.2,590.27 2 5
github.com/crunchydata/postgres-operator/internal/controller/postgrescluster/patroni.go:590.27,592.3 1 2
github.com/crunchydata/postgres-operator/internal/controller/postgrescluster/patroni.go:594.2,595.57 2 5
github.com/crunchydata/postgres-operator/internal/controller/postgrescluster/patroni.go:595.57,597.3 1 1
github.com/crunchydata/postgres-operator/internal/controller/postgrescluster/patroni.go:601.2,601.16 1 5
github.com/crunchydata/postgres-operator/internal/controller/postgrescluster/patroni.go:601.16,604.3 2 3
github.com/crunchydata/postgres-operator/internal/controller/postgrescluster/patroni.go:606.2,606.12 1 5
github.com/crunchydata/postgres-operator/internal/controller/postgrescluster/pgadmin.go:32.9,44.16 4 0
github.com/crunchydata/postgres-operator/internal/controller/postgrescluster/pgadmin.go:44.16,46.3 1 0
github.com/crunchydata/postgres-operator/internal/controller/postgrescluster/pgadmin.go:47.2,47.16 1 0
github.com/crunchydata/postgres-operator/internal/controller/postgrescluster/pgadmin.go:47.16,49.3 1 0
github.com/crunchydata/postgres-operator/internal/controller/postgrescluster/pgadmin.go:50.2,50.16 1 0
github.com/crunchydata/postgres-operator/internal/controller/postgrescluster/pgadmin.go:50.16,52.3 1 0
github.com/crunchydata/postgres-operator/internal/controller/postgrescluster/pgadmin.go:53.2,53.12 1 0
github.com/crunchydata/postgres-operator/internal/controller/postgrescluster/pgadmin.go:59.3,63.84 3 4
github.com/crunchydata/postgres-operator/internal/controller/postgrescluster/pgadmin.go:63.84,65.3 1 2
github.com/crunchydata/postgres-operator/internal/controller/postgrescluster/pgadmin.go:67.2,79.16 4 2
github.com/crunchydata/postgres-operator/internal/controller/postgrescluster/pgadmin.go:79.16,81.3 1 2
github.com/crunchydata/postgres-operator/internal/controller/postgrescluster/pgadmin.go:83.2,83.29 1 2
github.com/crunchydata/postgres-operator/internal/controller/postgrescluster/pgadmin.go:92.30,95.30 2 0
github.com/crunchydata/postgres-operator/internal/controller/postgrescluster/pgadmin.go:95.30,100.17 3 0
github.com/crunchydata/postgres-operator/internal/controller/postgrescluster/pgadmin.go:100.17,102.4 1 0
github.com/crunchydata/postgres-operator/internal/controller/postgrescluster/pgadmin.go:103.3,103.41 1 0
github.com/crunchydata/postgres-operator/internal/controller/postgrescluster/pgadmin.go:106.2,106.16 1 0
github.com/crunchydata/postgres-operator/internal/controller/postgrescluster/pgadmin.go:106.16,108.3 1 0
github.com/crunchydata/postgres-operator/internal/controller/postgrescluster/pgadmin.go:109.2,109.23 1 0
github.com/crunchydata/postgres-operator/internal/controller/postgrescluster/pgadmin.go:116.3,120.84 3 11
github.com/crunchydata/postgres-operator/internal/controller/postgrescluster/pgadmin.go:120.84,122.3 1 2
github.com/crunchydata/postgres-operator/internal/controller/postgrescluster/pgadmin.go:124.2,131.69 3 9
github.com/crunchydata/postgres-operator/internal/controller/postgrescluster/pgadmin.go:131.69,136.3 2 7
github.com/crunchydata/postgres-operator/internal/controller/postgrescluster/pgadmin.go:139.2,166.69 4 9
github.com/crunchydata/postgres-operator/internal/controller/postgrescluster/pgadmin.go:166.69,168.3 1 2
github.com/crunchydata/postgres-operator/internal/controller/postgrescluster/pgadmin.go:168.8,170.27 2 7
github.com/crunchydata/postgres-operator/internal/controller/postgrescluster/pgadmin.go:170.27,171.56 1 3
github.com/crunchydata/postgres-operator/internal/controller/postgrescluster/pgadmin.go:171.56,181.5 2 1
github.com/crunchydata/postgres-operator/internal/controller/postgrescluster/pgadmin.go:182.4,182.41 1 2
github.com/crunchydata/postgres-operator/internal/controller/postgrescluster/pgadmin.go:184.3,188.33 3 6
github.com/crunchydata/postgres-operator/internal/controller/postgrescluster/pgadmin.go:188.33,190.4 1 0
github.com/crunchydata/postgres-operator/internal/controller/postgrescluster/pgadmin.go:191.3,191.31 1 6
github.com/crunchydata/postgres-operator/internal/controller/postgrescluster/pgadmin.go:191.31,193.4 1 0
github.com/crunchydata/postgres-operator/internal/controller/postgrescluster/pgadmin.go:195.2,199.27 3 8
github.com/crunchydata/postgres-operator/internal/controller/postgrescluster/pgadmin.go:208.28,211.30 2 0
github.com/crunchydata/postgres-operator/internal/controller/postgrescluster/pgadmin.go:211.30,216.17 3 0
github.com/crunchydata/postgres-operator/internal/controller/postgrescluster/pgadmin.go:216.17,218.4 1 0
github.com/crunchydata/postgres-operator/internal/controller/postgrescluster/pgadmin.go:219.3,219.41 1 0
github.com/crunchydata/postgres-operator/internal/controller/postgrescluster/pgadmin.go:222.2,222.16 1 0
github.com/crunchydata/postgres-operator/internal/controller/postgrescluster/pgadmin.go:222.16,224.3 1 0
github.com/crunchydata/postgres-operator/internal/controller/postgrescluster/pgadmin.go:225.2,225.21 1 0
github.com/crunchydata/postgres-operator/internal/controller/postgrescluster/pgadmin.go:235.9,239.84 3 0
github.com/crunchydata/postgres-operator/internal/controller/postgrescluster/pgadmin.go:239.84,244.17 3 0
github.com/crunchydata/postgres-operator/internal/controller/postgrescluster/pgadmin.go:244.17,246.4 1 0
github.com/crunchydata/postgres-operator/internal/controller/postgrescluster/pgadmin.go:247.3,247.36 1 0
github.com/crunchydata/postgres-operator/internal/controller/postgrescluster/pgadmin.go:250.2,284.60 6 0
github.com/crunchydata/postgres-operator/internal/controller/postgrescluster/pgadmin.go:284.60,286.3 1 0
github.com/crunchydata/postgres-operator/internal/controller/postgrescluster/pgadmin.go:286.8,288.3 1 0
github.com/crunchydata/postgres-operator/internal/controller/postgrescluster/pgadmin.go:291.2,336.103 15 0
github.com/crunchydata/postgres-operator/internal/controller/postgrescluster/pgadmin.go:336.103,337.33 1 0
github.com/crunchydata/postgres-operator/internal/controller/postgrescluster/pgadmin.go:337.33,339.4 1 0
github.com/crunchydata/postgres-operator/internal/controller/postgrescluster/pgadmin.go:340.8,341.72 1 0
github.com/crunchydata/postgres-operator/internal/controller/postgrescluster/pgadmin.go:341.72,350.4 5 0
github.com/crunchydata/postgres-operator/internal/controller/postgrescluster/pgadmin.go:353.2,353.81 1 0
github.com/crunchydata/postgres-operator/internal/controller/postgrescluster/pgadmin.go:353.81,355.3 1 0
github.com/crunchydata/postgres-operator/internal/controller/postgrescluster/pgadmin.go:357.2,370.44 4 0
github.com/crunchydata/postgres-operator/internal/controller/postgrescluster/pgadmin.go:379.42,390.84 4 0
github.com/crunchydata/postgres-operator/internal/controller/postgrescluster/pgadmin.go:390.84,395.17 3 0
github.com/crunchydata/postgres-operator/internal/controller/postgrescluster/pgadmin.go:395.17,397.4 1 0
github.com/crunchydata/postgres-operator/internal/controller/postgrescluster/pgadmin.go:398.3,398.41 1 0
github.com/crunchydata/postgres-operator/internal/controller/postgrescluster/pgadmin.go:401.2,412.16 5 0
github.com/crunchydata/postgres-operator/internal/controller/postgrescluster/pgadmin.go:412.16,415.3 1 0
github.com/crunchydata/postgres-operator/internal/controller/postgrescluster/pgadmin.go:417.2,417.17 1 0
github.com/crunchydata/postgres-operator/internal/controller/postgrescluster/pgadmin.go:426.9,430.84 3 13
github.com/crunchydata/postgres-operator/internal/controller/postgrescluster/pgadmin.go:430.84,435.3 2 2
github.com/crunchydata/postgres-operator/internal/controller/postgrescluster/pgadmin.go:439.2,443.16 4 11
github.com/crunchydata/postgres-operator/internal/controller/postgrescluster/pgadmin.go:443.16,445.3 1 1
github.com/crunchydata/postgres-operator/internal/controller/postgrescluster/pgadmin.go:447.2,448.54 2 10
github.com/crunchydata/postgres-operator/internal/controller/postgrescluster/pgadmin.go:448.54,449.31 1 9
github.com/crunchydata/postgres-operator/internal/controller/postgrescluster/pgadmin.go:449.31,451.4 1 9
github.com/crunchydata/postgres-operator/internal/controller/postgrescluster/pgadmin.go:453.2,453.74 1 10
github.com/crunchydata/postgres-operator/internal/controller/postgrescluster/pgadmin.go:453.74,458.11 2 8
github.com/crunchydata/postgres-operator/internal/controller/postgrescluster/pgadmin.go:458.11,460.4 1 4
github.com/crunchydata/postgres-operator/internal/controller/postgrescluster/pgadmin.go:462.2,462.24 1 10
github.com/crunchydata/postgres-operator/internal/controller/postgrescluster/pgadmin.go:462.24,464.3 1 2
github.com/crunchydata/postgres-operator/internal/controller/postgrescluster/pgadmin.go:468.2,469.36 2 8
github.com/crunchydata/postgres-operator/internal/controller/postgrescluster/pgadmin.go:469.36,471.3 1 4
github.com/crunchydata/postgres-operator/internal/controller/postgrescluster/pgadmin.go:473.2,473.66 1 8
github.com/crunchydata/postgres-operator/internal/controller/postgrescluster/pgadmin.go:473.66,475.3 1 12
github.com/crunchydata/postgres-operator/internal/controller/postgrescluster/pgadmin.go:477.2,477.59 1 8
github.com/crunchydata/postgres-operator/internal/controller/postgrescluster/pgadmin.go:477.59,481.11 1 8
github.com/crunchydata/postgres-operator/internal/controller/postgrescluster/pgadmin.go:481.11,483.34 2 8
github.com/crunchydata/postgres-operator/internal/controller/postgrescluster/pgadmin.go:483.34,485.5 1 8
github.com/crunchydata/postgres-operator/internal/controller/postgrescluster/pgadmin.go:486.4,486.14 1 8
github.com/crunchydata/postgres-operator/internal/controller/postgrescluster/pgadmin.go:490.2,492.66 1 8
github.com/crunchydata/postgres-operator/internal/controller/postgrescluster/pgadmin.go:492.66,498.3 1 4
github.com/crunchydata/postgres-operator/internal/controller/postgrescluster/pgadmin.go:503.2,503.16 1 4
github.com/crunchydata/postgres-operator/internal/controller/postgrescluster/pgadmin.go:503.16,506.3 2 4
github.com/crunchydata/postgres-operator/internal/controller/postgrescluster/pgadmin.go:507.2,507.16 1 4
github.com/crunchydata/postgres-operator/internal/controller/postgrescluster/pgadmin.go:507.16,508.42 1 4
github.com/crunchydata/postgres-operator/internal/controller/postgrescluster/pgadmin.go:508.42,510.4 1 1
github.com/crunchydata/postgres-operator/internal/controller/postgrescluster/pgadmin.go:511.3,511.64 1 4
github.com/crunchydata/postgres-operator/internal/controller/postgrescluster/pgadmin.go:514.2,514.12 1 4
github.com/crunchydata/postgres-operator/internal/controller/postgrescluster/pgbackrest.go:130.84,133.16 2 0
github.com/crunchydata/postgres-operator/internal/controller/postgrescluster/pgbackrest.go:133.16,135.3 1 0
github.com/crunchydata/postgres-operator/internal/controller/postgrescluster/pgbackrest.go:142.2,143.104 2 0
github.com/crunchydata/postgres-operator/internal/controller/postgrescluster/pgbackrest.go:143.104,144.33 1 0
github.com/crunchydata/postgres-operator/internal/controller/postgrescluster/pgbackrest.go:144.33,146.4 1 0
github.com/crunchydata/postgres-operator/internal/controller/postgrescluster/pgbackrest.go:147.8,148.73 1 0
github.com/crunchydata/postgres-operator/internal/controller/postgrescluster/pgbackrest.go:148.73,157.4 5 0
github.com/crunchydata/postgres-operator/internal/controller/postgrescluster/pgbackrest.go:160.2,160.43 1 0
github.com/crunchydata/postgres-operator/internal/controller/postgrescluster/pgbackrest.go:160.43,162.3 1 0
github.com/crunchydata/postgres-operator/internal/controller/postgrescluster/pgbackrest.go:164.2,164.18 1 0
github.com/crunchydata/postgres-operator/internal/controller/postgrescluster/pgbackrest.go:175.88,178.16 2 0
github.com/crunchydata/postgres-operator/internal/controller/postgrescluster/pgbackrest.go:178.16,180.3 1 0
github.com/crunchydata/postgres-operator/internal/controller/postgrescluster/pgbackrest.go:182.2,182.43 1 0
github.com/crunchydata/postgres-operator/internal/controller/postgrescluster/pgbackrest.go:182.43,185.3 1 0
github.com/crunchydata/postgres-operator/internal/controller/postgrescluster/pgbackrest.go:187.2,187.18 1 0
github.com/crunchydata/postgres-operator/internal/controller/postgrescluster/pgbackrest.go:208.27,251.27 4 0
github.com/crunchydata/postgres-operator/internal/controller/postgrescluster/pgbackrest.go:251.27,256.67 3 0
github.com/crunchydata/postgres-operator/internal/controller/postgrescluster/pgbackrest.go:256.67,258.4 1 0
github.com/crunchydata/postgres-operator/internal/controller/postgrescluster/pgbackrest.go:259.3,259.28 1 0
github.com/crunchydata/postgres-operator/internal/controller/postgrescluster/pgbackrest.go:259.28,260.12 1 0
github.com/crunchydata/postgres-operator/internal/controller/postgrescluster/pgbackrest.go:263.3,264.17 2 0
github.com/crunchydata/postgres-operator/internal/controller/postgrescluster/pgbackrest.go:264.17,266.4 1 0
github.com/crunchydata/postgres-operator/internal/controller/postgrescluster/pgbackrest.go:267.3,269.23 2 0
github.com/crunchydata/postgres-operator/internal/controller/postgrescluster/pgbackrest.go:269.23,271.4 1 0
github.com/crunchydata/postgres-operator/internal/controller/postgrescluster/pgbackrest.go:275.3,275.28 1 0
github.com/crunchydata/postgres-operator/internal/controller/postgrescluster/pgbackrest.go:275.28,277.4 1 0
github.com/crunchydata/postgres-operator/internal/controller/postgrescluster/pgbackrest.go:281.2,281.27 1 0
github.com/crunchydata/postgres-operator/internal/controller/postgrescluster/pgbackrest.go:299.40,303.39 2 0
github.com/crunchydata/postgres-operator/internal/controller/postgrescluster/pgbackrest.go:303.39,307.39 2 0
github.com/crunchydata/postgres-operator/internal/controller/postgrescluster/pgbackrest.go:307.39,307.87 2 0
github.com/crunchydata/postgres-operator/internal/controller/postgrescluster/pgbackrest.go:312.3,312.10 1 0
github.com/crunchydata/postgres-operator/internal/controller/postgrescluster/pgbackrest.go:313.47,314.25 1 0
github.com/crunchydata/postgres-operator/internal/controller/postgrescluster/pgbackrest.go:314.25,315.10 1 0
github.com/crunchydata/postgres-operator/internal/controller/postgrescluster/pgbackrest.go:319.4,320.18 2 0
github.com/crunchydata/postgres-operator/internal/controller/postgrescluster/pgbackrest.go:321.50,322.25 1 0
github.com/crunchydata/postgres-operator/internal/controller/postgrescluster/pgbackrest.go:322.25,323.10 1 0
github.com/crunchydata/postgres-operator/internal/controller/postgrescluster/pgbackrest.go:327.4,327.57 1 0
github.com/crunchydata/postgres-operator/internal/controller/postgrescluster/pgbackrest.go:327.57,330.5 2 0
github.com/crunchydata/postgres-operator/internal/controller/postgrescluster/pgbackrest.go:331.51,332.25 1 0
github.com/crunchydata/postgres-operator/internal/controller/postgrescluster/pgbackrest.go:332.25,333.10 1 0
github.com/crunchydata/postgres-operator/internal/controller/postgrescluster/pgbackrest.go:337.4,337.71 1 0
github.com/crunchydata/postgres-operator/internal/controller/postgrescluster/pgbackrest.go:337.71,341.67 1 0
github.com/crunchydata/postgres-operator/internal/controller/postgrescluster/pgbackrest.go:341.67,344.6 2 0
github.com/crunchydata/postgres-operator/internal/controller/postgrescluster/pgbackrest.go:346.48,347.25 1 0
github.com/crunchydata/postgres-operator/internal/controller/postgrescluster/pgbackrest.go:347.25,348.10 1 0
github.com/crunchydata/postgres-operator/internal/controller/postgrescluster/pgbackrest.go:350.4,350.71 1 0
github.com/crunchydata/postgres-operator/internal/controller/postgrescluster/pgbackrest.go:350.71,351.67 1 0
github.com/crunchydata/postgres-operator/internal/controller/postgrescluster/pgbackrest.go:351.67,353.57 1 0
github.com/crunchydata/postgres-operator/internal/controller/postgrescluster/pgbackrest.go:353.57,356.7 2 0
github.com/crunchydata/postgres-operator/internal/controller/postgrescluster/pgbackrest.go:357.6,357.11 1 0
github.com/crunchydata/postgres-operator/internal/controller/postgrescluster/pgbackrest.go:360.47,361.25 1 0
github.com/crunchydata/postgres-operator/internal/controller/postgrescluster/pgbackrest.go:361.25,362.10 1 0
github.com/crunchydata/postgres-operator/internal/controller/postgrescluster/pgbackrest.go:366.4,366.71 1 0
github.com/crunchydata/postgres-operator/internal/controller/postgrescluster/pgbackrest.go:366.71,367.67 1 0
github.com/crunchydata/postgres-operator/internal/controller/postgrescluster/pgbackrest.go:367.67,370.6 2 0
github.com/crunchydata/postgres-operator/internal/controller/postgrescluster/pgbackrest.go:372.48,373.25 1 0
github.com/crunchydata/postgres-operator/internal/controller/postgrescluster/pgbackrest.go:373.25,374.10 1 0
github.com/crunchydata/postgres-operator/internal/controller/postgrescluster/pgbackrest.go:380.4,380.81 1 0
github.com/crunchydata/postgres-operator/internal/controller/postgrescluster/pgbackrest.go:380.81,383.5 2 0
github.com/crunchydata/postgres-operator/internal/controller/postgrescluster/pgbackrest.go:390.4,390.53 1 0
github.com/crunchydata/postgres-operator/internal/controller/postgrescluster/pgbackrest.go:390.53,393.5 2 0
github.com/crunchydata/postgres-operator/internal/controller/postgrescluster/pgbackrest.go:394.41,395.25 1 0
github.com/crunchydata/postgres-operator/internal/controller/postgrescluster/pgbackrest.go:395.25,396.10 1 0
github.com/crunchydata/postgres-operator/internal/controller/postgrescluster/pgbackrest.go:398.4,399.18 2 0
github.com/crunchydata/postgres-operator/internal/controller/postgrescluster/pgbackrest.go:403.3,403.13 1 0
github.com/crunchydata/postgres-operator/internal/controller/postgrescluster/pgbackrest.go:403.13,405.79 1 0
github.com/crunchydata/postgres-operator/internal/controller/postgrescluster/pgbackrest.go:405.79,407.5 1 0
github.com/crunchydata/postgres-operator/internal/controller/postgrescluster/pgbackrest.go:412.2,412.27 1 0
github.com/crunchydata/postgres-operator/internal/controller/postgrescluster/pgbackrest.go:417.79,418.33 1 0
github.com/crunchydata/postgres-operator/internal/controller/postgrescluster/pgbackrest.go:418.33,419.21 1 0
github.com/crunchydata/postgres-operator/internal/controller/postgrescluster/pgbackrest.go:420.13,421.43 1 0
github.com/crunchydata/postgres-operator/internal/controller/postgrescluster/pgbackrest.go:422.21,423.51 1 0
github.com/crunchydata/postgres-operator/internal/controller/postgrescluster/pgbackrest.go:424.20,425.50 1 0
github.com/crunchydata/postgres-operator/internal/controller/postgrescluster/pgbackrest.go:426.11,427.16 1 0
github.com/crunchydata/postgres-operator/internal/controller/postgrescluster/pgbackrest.go:430.2,430.14 1 0
github.com/crunchydata/postgres-operator/internal/controller/postgrescluster/pgbackrest.go:436.46,438.14 1 0
github.com/crunchydata/postgres-operator/internal/controller/postgrescluster/pgbackrest.go:439.25,441.17 2 0
github.com/crunchydata/postgres-operator/internal/controller/postgrescluster/pgbackrest.go:441.17,443.4 1 0
github.com/crunchydata/postgres-operator/internal/controller/postgrescluster/pgbackrest.go:444.3,444.32 1 0
github.com/crunchydata/postgres-operator/internal/controller/postgrescluster/pgbackrest.go:444.32,446.4 1 0
github.com/crunchydata/postgres-operator/internal/controller/postgrescluster/pgbackrest.go:447.21,449.17 2 0
github.com/crunchydata/postgres-operator/internal/controller/postgrescluster/pgbackrest.go:449.17,451.4 1 0
github.com/crunchydata/postgres-operator/internal/controller/postgrescluster/pgbackrest.go:452.3,452.33 1 0
github.com/crunchydata/postgres-operator/internal/controller/postgrescluster/pgbackrest.go:452.33,454.4 1 0
github.com/crunchydata/postgres-operator/internal/controller/postgrescluster/pgbackrest.go:455.17,457.17 2 0
github.com/crunchydata/postgres-operator/internal/controller/postgrescluster/pgbackrest.go:457.17,459.4 1 0
github.com/crunchydata/postgres-operator/internal/controller/postgrescluster/pgbackrest.go:461.3,461.37 1 0
github.com/crunchydata/postgres-operator/internal/controller/postgrescluster/pgbackrest.go:461.37,462.57 1 0
github.com/crunchydata/postgres-operator/internal/controller/postgrescluster/pgbackrest.go:463.44,465.70 1 0
github.com/crunchydata/postgres-operator/internal/controller/postgrescluster/pgbackrest.go:466.37,468.63 1 0
github.com/crunchydata/postgres-operator/internal/controller/postgrescluster/pgbackrest.go:471.23,471.23 0 0
github.com/crunchydata/postgres-operator/internal/controller/postgrescluster/pgbackrest.go:474.35,476.17 2 0
github.com/crunchydata/postgres-operator/internal/controller/postgrescluster/pgbackrest.go:476.17,478.4 1 0
github.com/crunchydata/postgres-operator/internal/controller/postgrescluster/pgbackrest.go:479.3,479.32 1 0
github.com/crunchydata/postgres-operator/internal/controller/postgrescluster/pgbackrest.go:479.32,481.4 1 0
github.com/crunchydata/postgres-operator/internal/controller/postgrescluster/pgbackrest.go:482.20,482.20 0 0
github.com/crunchydata/postgres-operator/internal/controller/postgrescluster/pgbackrest.go:487.28,489.17 2 0
github.com/crunchydata/postgres-operator/internal/controller/postgrescluster/pgbackrest.go:489.17,491.4 1 0
github.com/crunchydata/postgres-operator/internal/controller/postgrescluster/pgbackrest.go:492.3,492.31 1 0
github.com/crunchydata/postgres-operator/internal/controller/postgrescluster/pgbackrest.go:492.31,494.4 1 0
github.com/crunchydata/postgres-operator/internal/controller/postgrescluster/pgbackrest.go:495.18,497.17 2 0
github.com/crunchydata/postgres-operator/internal/controller/postgrescluster/pgbackrest.go:497.17,499.4 1 0
github.com/crunchydata/postgres-operator/internal/controller/postgrescluster/pgbackrest.go:500.3,500.33 1 0
github.com/crunchydata/postgres-operator/internal/controller/postgrescluster/pgbackrest.go:500.33,502.4 1 0
github.com/crunchydata/postgres-operator/internal/controller/postgrescluster/pgbackrest.go:503.25,505.17 2 0
github.com/crunchydata/postgres-operator/internal/controller/postgrescluster/pgbackrest.go:505.17,507.4 1 0
github.com/crunchydata/postgres-operator/internal/controller/postgrescluster/pgbackrest.go:508.3,508.27 1 0
github.com/crunchydata/postgres-operator/internal/controller/postgrescluster/pgbackrest.go:508.27,510.4 1 0
github.com/crunchydata/postgres-operator/internal/controller/postgrescluster/pgbackrest.go:511.10,512.48 1 0
github.com/crunchydata/postgres-operator/internal/controller/postgrescluster/pgbackrest.go:515.2,515.12 1 0
github.com/crunchydata/postgres-operator/internal/controller/postgrescluster/pgbackrest.go:522.37,527.16 4 0
github.com/crunchydata/postgres-operator/internal/controller/postgrescluster/pgbackrest.go:527.16,534.3 2 0
github.com/crunchydata/postgres-operator/internal/controller/postgrescluster/pgbackrest.go:538.2,539.36 2 0
github.com/crunchydata/postgres-operator/internal/controller/postgrescluster/pgbackrest.go:539.36,542.59 1 0
github.com/crunchydata/postgres-operator/internal/controller/postgrescluster/pgbackrest.go:542.59,545.36 2 0
github.com/crunchydata/postgres-operator/internal/controller/postgrescluster/pgbackrest.go:545.36,547.5 1 0
github.com/crunchydata/postgres-operator/internal/controller/postgrescluster/pgbackrest.go:548.4,556.50 8 0
github.com/crunchydata/postgres-operator/internal/controller/postgrescluster/pgbackrest.go:561.2,561.46 1 0
github.com/crunchydata/postgres-operator/internal/controller/postgrescluster/pgbackrest.go:561.46,563.3 1 0
github.com/crunchydata/postgres-operator/internal/controller/postgrescluster/pgbackrest.go:564.2,564.70 1 0
github.com/crunchydata/postgres-operator/internal/controller/postgrescluster/pgbackrest.go:572.32,615.21 5 5
github.com/crunchydata/postgres-operator/internal/controller/postgrescluster/pgbackrest.go:615.21,620.3 4 1
github.com/crunchydata/postgres-operator/internal/controller/postgrescluster/pgbackrest.go:624.2,624.79 1 5
github.com/crunchydata/postgres-operator/internal/controller/postgrescluster/pgbackrest.go:624.79,630.3 1 5
github.com/crunchydata/postgres-operator/internal/controller/postgrescluster/pgbackrest.go:636.2,640.56 3 5
github.com/crunchydata/postgres-operator/internal/controller/postgrescluster/pgbackrest.go:640.56,641.29 1 3
github.com/crunchydata/postgres-operator/internal/controller/postgrescluster/pgbackrest.go:641.29,643.9 2 1
github.com/crunchydata/postgres-operator/internal/controller/postgrescluster/pgbackrest.go:648.2,649.22 1 5
github.com/crunchydata/postgres-operator/internal/controller/postgrescluster/pgbackrest.go:649.22,651.3 1 1
github.com/crunchydata/postgres-operator/internal/controller/postgrescluster/pgbackrest.go:651.8,654.3 1 4
github.com/crunchydata/postgres-operator/internal/controller/postgrescluster/pgbackrest.go:661.2,697.62 12 5
github.com/crunchydata/postgres-operator/internal/controller/postgrescluster/pgbackrest.go:697.62,704.3 2 0
github.com/crunchydata/postgres-operator/internal/controller/postgrescluster/pgbackrest.go:707.2,709.35 1 5
github.com/crunchydata/postgres-operator/internal/controller/postgrescluster/pgbackrest.go:709.35,711.3 1 0
github.com/crunchydata/postgres-operator/internal/controller/postgrescluster/pgbackrest.go:714.2,726.88 4 5
github.com/crunchydata/postgres-operator/internal/controller/postgrescluster/pgbackrest.go:726.88,729.33 2 1
github.com/crunchydata/postgres-operator/internal/controller/postgrescluster/pgbackrest.go:729.33,732.4 1 0
github.com/crunchydata/postgres-operator/internal/controller/postgrescluster/pgbackrest.go:736.2,736.72 1 5
github.com/crunchydata/postgres-operator/internal/controller/postgrescluster/pgbackrest.go:736.72,738.3 1 0
github.com/crunchydata/postgres-operator/internal/controller/postgrescluster/pgbackrest.go:740.2,740.18 1 5
github.com/crunchydata/postgres-operator/internal/controller/postgrescluster/pgbackrest.go:745.71,761.34 5 0
github.com/crunchydata/postgres-operator/internal/controller/postgrescluster/pgbackrest.go:761.34,766.3 1 0
github.com/crunchydata/postgres-operator/internal/controller/postgrescluster/pgbackrest.go:768.2,781.75 4 0
github.com/crunchydata/postgres-operator/internal/controller/postgrescluster/pgbackrest.go:781.75,783.3 1 0
github.com/crunchydata/postgres-operator/internal/controller/postgrescluster/pgbackrest.go:785.2,785.21 1 0
github.com/crunchydata/postgres-operator/internal/controller/postgrescluster/pgbackrest.go:791.74,799.100 3 0
github.com/crunchydata/postgres-operator/internal/controller/postgrescluster/pgbackrest.go:799.100,801.3 1 0
github.com/crunchydata/postgres-operator/internal/controller/postgrescluster/pgbackrest.go:803.2,816.24 3 0
github.com/crunchydata/postgres-operator/internal/controller/postgrescluster/pgbackrest.go:816.24,826.3 2 0
github.com/crunchydata/postgres-operator/internal/controller/postgrescluster/pgbackrest.go:826.8,829.25 3 0
github.com/crunchydata/postgres-operator/internal/controller/postgrescluster/pgbackrest.go:829.25,831.4 1 0
github.com/crunchydata/postgres-operator/internal/controller/postgrescluster/pgbackrest.go:833.3,834.60 2 0
github.com/crunchydata/postgres-operator/internal/controller/postgrescluster/pgbackrest.go:837.2,838.17 2 0
github.com/crunchydata/postgres-operator/internal/controller/postgrescluster/pgbackrest.go:838.17,840.3 1 0
github.com/crunchydata/postgres-operator/internal/controller/postgrescluster/pgbackrest.go:842.2,842.24 1 0
github.com/crunchydata/postgres-operator/internal/controller/postgrescluster/pgbackrest.go:842.24,844.3 1 0
github.com/crunchydata/postgres-operator/internal/controller/postgrescluster/pgbackrest.go:844.8,848.3 1 0
github.com/crunchydata/postgres-operator/internal/controller/postgrescluster/pgbackrest.go:850.2,873.17 2 0
github.com/crunchydata/postgres-operator/internal/controller/postgrescluster/pgbackrest.go:873.17,879.3 4 0
github.com/crunchydata/postgres-operator/internal/controller/postgrescluster/pgbackrest.go:885.2,888.24 2 0
github.com/crunchydata/postgres-operator/internal/controller/postgrescluster/pgbackrest.go:888.24,890.3 1 0
github.com/crunchydata/postgres-operator/internal/controller/postgrescluster/pgbackrest.go:890.8,900.97 3 0
github.com/crunchydata/postgres-operator/internal/controller/postgrescluster/pgbackrest.go:900.97,902.42 2 0
github.com/crunchydata/postgres-operator/internal/controller/postgrescluster/pgbackrest.go:902.42,903.52 1 0
github.com/crunchydata/postgres-operator/internal/controller/postgrescluster/pgbackrest.go:903.52,904.34 1 0
github.com/crunchydata/postgres-operator/internal/controller/postgrescluster/pgbackrest.go:904.34,912.12 3 0
github.com/crunchydata/postgres-operator/internal/controller/postgrescluster/pgbackrest.go:916.4,916.23 1 0
github.com/crunchydata/postgres-operator/internal/controller/postgrescluster/pgbackrest.go:916.23,918.5 1 0
github.com/crunchydata/postgres-operator/internal/controller/postgrescluster/pgbackrest.go:923.2,923.76 1 0
github.com/crunchydata/postgres-operator/internal/controller/postgrescluster/pgbackrest.go:923.76,926.33 2 0
github.com/crunchydata/postgres-operator/internal/controller/postgrescluster/pgbackrest.go:926.33,929.4 1 0
github.com/crunchydata/postgres-operator/internal/controller/postgrescluster/pgbackrest.go:932.2,932.16 1 0
github.com/crunchydata/postgres-operator/internal/controller/postgrescluster/pgbackrest.go:946.78,952.26 3 0
github.com/crunchydata/postgres-operator/internal/controller/postgrescluster/pgbackrest.go:952.26,953.33 1 0
github.com/crunchydata/postgres-operator/internal/controller/postgrescluster/pgbackrest.go:953.33,955.4 1 0
github.com/crunchydata/postgres-operator/internal/controller/postgrescluster/pgbackrest.go:956.8,958.3 1 0
github.com/crunchydata/postgres-operator/internal/controller/postgrescluster/pgbackrest.go:959.2,960.23 1 0
github.com/crunchydata/postgres-operator/internal/controller/postgrescluster/pgbackrest.go:960.23,961.33 1 0
github.com/crunchydata/postgres-operator/internal/controller/postgrescluster/pgbackrest.go:961.33,963.4 1 0
github.com/crunchydata/postgres-operator/internal/controller/postgrescluster/pgbackrest.go:964.8,966.3 1 0
github.com/crunchydata/postgres-operator/internal/controller/postgrescluster/pgbackrest.go:967.2,968.28 1 0
github.com/crunchydata/postgres-operator/internal/controller/postgrescluster/pgbackrest.go:968.28,969.33 1 0
github.com/crunchydata/postgres-operator/internal/controller/postgrescluster/pgbackrest.go:969.33,971.4 1 0
github.com/crunchydata/postgres-operator/internal/controller/postgrescluster/pgbackrest.go:972.8,974.3 1 0
github.com/crunchydata/postgres-operator/internal/controller/postgrescluster/pgbackrest.go:976.2,980.17 2 0
github.com/crunchydata/postgres-operator/internal/controller/postgrescluster/pgbackrest.go:980.17,982.3 1 0
github.com/crunchydata/postgres-operator/internal/controller/postgrescluster/pgbackrest.go:983.2,984.32 2 0
github.com/crunchydata/postgres-operator/internal/controller/postgrescluster/pgbackrest.go:984.32,988.3 1 0
github.com/crunchydata/postgres-operator/internal/controller/postgrescluster/pgbackrest.go:988.8,988.40 1 0
github.com/crunchydata/postgres-operator/internal/controller/postgrescluster/pgbackrest.go:988.40,990.3 1 0
github.com/crunchydata/postgres-operator/internal/controller/postgrescluster/pgbackrest.go:992.2,992.23 1 0
github.com/crunchydata/postgres-operator/internal/controller/postgrescluster/pgbackrest.go:992.23,997.83 3 0
github.com/crunchydata/postgres-operator/internal/controller/postgrescluster/pgbackrest.go:997.83,1003.27 6 0
github.com/crunchydata/postgres-operator/internal/controller/postgrescluster/pgbackrest.go:1003.27,1005.5 1 0
github.com/crunchydata/postgres-operator/internal/controller/postgrescluster/pgbackrest.go:1010.3,1010.16 1 0
github.com/crunchydata/postgres-operator/internal/controller/postgrescluster/pgbackrest.go:1010.16,1028.19 5 0
github.com/crunchydata/postgres-operator/internal/controller/postgrescluster/pgbackrest.go:1028.19,1030.5 1 0
github.com/crunchydata/postgres-operator/internal/controller/postgrescluster/pgbackrest.go:1031.4,1031.43 1 0
github.com/crunchydata/postgres-operator/internal/controller/postgrescluster/pgbackrest.go:1031.43,1032.77 1 0
github.com/crunchydata/postgres-operator/internal/controller/postgrescluster/pgbackrest.go:1032.77,1034.6 1 0
github.com/crunchydata/postgres-operator/internal/controller/postgrescluster/pgbackrest.go:1036.4,1040.19 2 0
github.com/crunchydata/postgres-operator/internal/controller/postgrescluster/pgbackrest.go:1040.19,1042.5 1 0
github.com/crunchydata/postgres-operator/internal/controller/postgrescluster/pgbackrest.go:1043.4,1043.40 1 0
github.com/crunchydata/postgres-operator/internal/controller/postgrescluster/pgbackrest.go:1043.40,1044.74 1 0
github.com/crunchydata/postgres-operator/internal/controller/postgrescluster/pgbackrest.go:1044.74,1046.6 1 0
github.com/crunchydata/postgres-operator/internal/controller/postgrescluster/pgbackrest.go:1048.9,1048.20 1 0
github.com/crunchydata/postgres-operator/internal/controller/postgrescluster/pgbackrest.go:1048.20,1056.4 1 0
github.com/crunchydata/postgres-operator/internal/controller/postgrescluster/pgbackrest.go:1059.2,1059.42 1 0
github.com/crunchydata/postgres-operator/internal/controller/postgrescluster/pgbackrest.go:1073.88,1075.56 1 0
github.com/crunchydata/postgres-operator/internal/controller/postgrescluster/pgbackrest.go:1075.56,1084.3 1 0
github.com/crunchydata/postgres-operator/internal/controller/postgrescluster/pgbackrest.go:1086.2,1095.47 6 0
github.com/crunchydata/postgres-operator/internal/controller/postgrescluster/pgbackrest.go:1095.47,1096.22 1 0
github.com/crunchydata/postgres-operator/internal/controller/postgrescluster/pgbackrest.go:1096.22,1098.4 1 0
github.com/crunchydata/postgres-operator/internal/controller/postgrescluster/pgbackrest.go:1099.3,1099.29 1 0
github.com/crunchydata/postgres-operator/internal/controller/postgrescluster/pgbackrest.go:1099.29,1101.4 1 0
github.com/crunchydata/postgres-operator/internal/controller/postgrescluster/pgbackrest.go:1102.3,1102.54 1 0
github.com/crunchydata/postgres-operator/internal/controller/postgrescluster/pgbackrest.go:1102.54,1104.4 1 0
github.com/crunchydata/postgres-operator/internal/controller/postgrescluster/pgbackrest.go:1114.2,1114.42 1 0
github.com/crunchydata/postgres-operator/internal/controller/postgrescluster/pgbackrest.go:1114.42,1115.21 1 0
github.com/crunchydata/postgres-operator/internal/controller/postgrescluster/pgbackrest.go:1115.21,1118.4 2 0
github.com/crunchydata/postgres-operator/internal/controller/postgrescluster/pgbackrest.go:1118.9,1118.30 1 0
github.com/crunchydata/postgres-operator/internal/controller/postgrescluster/pgbackrest.go:1118.30,1122.4 2 0
github.com/crunchydata/postgres-operator/internal/controller/postgrescluster/pgbackrest.go:1122.9,1122.48 1 0
github.com/crunchydata/postgres-operator/internal/controller/postgrescluster/pgbackrest.go:1122.48,1128.4 2 0
github.com/crunchydata/postgres-operator/internal/controller/postgrescluster/pgbackrest.go:1128.9,1130.4 1 0
github.com/crunchydata/postgres-operator/internal/controller/postgrescluster/pgbackrest.go:1134.2,1134.23 1 0
github.com/crunchydata/postgres-operator/internal/controller/postgrescluster/pgbackrest.go:1134.23,1137.78 2 0
github.com/crunchydata/postgres-operator/internal/controller/postgrescluster/pgbackrest.go:1137.78,1139.4 1 0
github.com/crunchydata/postgres-operator/internal/controller/postgrescluster/pgbackrest.go:1140.3,1140.13 1 0
github.com/crunchydata/postgres-operator/internal/controller/postgrescluster/pgbackrest.go:1143.2,1143.20 1 0
github.com/crunchydata/postgres-operator/internal/controller/postgrescluster/pgbackrest.go:1143.20,1145.34 2 0
github.com/crunchydata/postgres-operator/internal/controller/postgrescluster/pgbackrest.go:1145.34,1148.41 2 0
github.com/crunchydata/postgres-operator/internal/controller/postgrescluster/pgbackrest.go:1148.41,1150.5 1 0
github.com/crunchydata/postgres-operator/internal/controller/postgrescluster/pgbackrest.go:1152.3,1152.13 1 0
github.com/crunchydata/postgres-operator/internal/controller/postgrescluster/pgbackrest.go:1156.2,1156.32 1 0
github.com/crunchydata/postgres-operator/internal/controller/postgrescluster/pgbackrest.go:1156.32,1172.3 6 0
github.com/crunchydata/postgres-operator/internal/controller/postgrescluster/pgbackrest.go:1174.2,1176.34 2 0
github.com/crunchydata/postgres-operator/internal/controller/postgrescluster/pgbackrest.go:1176.34,1177.91 1 0
github.com/crunchydata/postgres-operator/internal/controller/postgrescluster/pgbackrest.go:1177.91,1179.4 1 0
github.com/crunchydata/postgres-operator/internal/controller/postgrescluster/pgbackrest.go:1182.2,1182.12 1 0
github.com/crunchydata/postgres-operator/internal/controller/postgrescluster/pgbackrest.go:1195.9,1200.43 4 0
github.com/crunchydata/postgres-operator/internal/controller/postgrescluster/pgbackrest.go:1200.43,1201.60 1 0
github.com/crunchydata/postgres-operator/internal/controller/postgrescluster/pgbackrest.go:1201.60,1203.4 1 0
github.com/crunchydata/postgres-operator/internal/controller/postgrescluster/pgbackrest.go:1208.2,1210.10 2 0
github.com/crunchydata/postgres-operator/internal/controller/postgrescluster/pgbackrest.go:1211.26,1212.84 1 0
github.com/crunchydata/postgres-operator/internal/controller/postgrescluster/pgbackrest.go:1213.28,1214.93 1 0
github.com/crunchydata/postgres-operator/internal/controller/postgrescluster/pgbackrest.go:1215.30,1216.95 1 0
github.com/crunchydata/postgres-operator/internal/controller/postgrescluster/pgbackrest.go:1217.35,1218.100 1 0
github.com/crunchydata/postgres-operator/internal/controller/postgrescluster/pgbackrest.go:1219.30,1220.95 1 0
github.com/crunchydata/postgres-operator/internal/controller/postgrescluster/pgbackrest.go:1222.3,1222.16 1 0
github.com/crunchydata/postgres-operator/internal/controller/postgrescluster/pgbackrest.go:1222.16,1225.4 2 0
github.com/crunchydata/postgres-operator/internal/controller/postgrescluster/pgbackrest.go:1228.2,1236.25 3 0
github.com/crunchydata/postgres-operator/internal/controller/postgrescluster/pgbackrest.go:1236.25,1238.3 1 0
github.com/crunchydata/postgres-operator/internal/controller/postgrescluster/pgbackrest.go:1252.2,1252.25 1 0
github.com/crunchydata/postgres-operator/internal/controller/postgrescluster/pgbackrest.go:1252.25,1254.3 1 0
github.com/crunchydata/postgres-operator/internal/controller/postgrescluster/pgbackrest.go:1256.2,1256.57 1 0
github.com/crunchydata/postgres-operator/internal/controller/postgrescluster/pgbackrest.go:1256.57,1257.43 1 0
github.com/crunchydata/postgres-operator/internal/controller/postgrescluster/pgbackrest.go:1257.43,1260.4 1 0
github.com/crunchydata/postgres-operator/internal/controller/postgrescluster/pgbackrest.go:1263.2,1265.85 3 0
github.com/crunchydata/postgres-operator/internal/controller/postgrescluster/pgbackrest.go:1265.85,1267.3 1 0
github.com/crunchydata/postgres-operator/internal/controller/postgrescluster/pgbackrest.go:1271.2,1286.24 6 0
github.com/crunchydata/postgres-operator/internal/controller/postgrescluster/pgbackrest.go:1286.24,1298.3 4 0
github.com/crunchydata/postgres-operator/internal/controller/postgrescluster/pgbackrest.go:1300.2,1300.57 1 0
github.com/crunchydata/postgres-operator/internal/controller/postgrescluster/pgbackrest.go:1300.57,1313.3 4 0
github.com/crunchydata/postgres-operator/internal/controller/postgrescluster/pgbackrest.go:1315.2,1317.62 2 0
github.com/crunchydata/postgres-operator/internal/controller/postgrescluster/pgbackrest.go:1317.62,1319.3 1 0
github.com/crunchydata/postgres-operator/internal/controller/postgrescluster/pgbackrest.go:1322.2,1333.51 4 0
github.com/crunchydata/postgres-operator/internal/controller/postgrescluster/pgbackrest.go:1339.73,1407.73 14 3
github.com/crunchydata/postgres-operator/internal/controller/postgrescluster/pgbackrest.go:1407.73,1410.33 2 2
github.com/crunchydata/postgres-operator/internal/controller/postgrescluster/pgbackrest.go:1410.33,1413.4 1 0
github.com/crunchydata/postgres-operator/internal/controller/postgrescluster/pgbackrest.go:1416.2,1417.81 2 3
github.com/crunchydata/postgres-operator/internal/controller/postgrescluster/pgbackrest.go:1417.81,1419.3 1 0
github.com/crunchydata/postgres-operator/internal/controller/postgrescluster/pgbackrest.go:1421.2,1421.12 1 3
github.com/crunchydata/postgres-operator/internal/controller/postgrescluster/pgbackrest.go:1434.29,1441.46 2 0
github.com/crunchydata/postgres-operator/internal/controller/postgrescluster/pgbackrest.go:1441.46,1443.3 1 0
github.com/crunchydata/postgres-operator/internal/controller/postgrescluster/pgbackrest.go:1446.2,1452.16 3 0
github.com/crunchydata/postgres-operator/internal/controller/postgrescluster/pgbackrest.go:1452.16,1455.3 1 0
github.com/crunchydata/postgres-operator/internal/controller/postgrescluster/pgbackrest.go:1459.2,1459.23 1 0
github.com/crunchydata/postgres-operator/internal/controller/postgrescluster/pgbackrest.go:1459.23,1462.3 2 0
github.com/crunchydata/postgres-operator/internal/controller/postgrescluster/pgbackrest.go:1465.2,1466.16 2 0
github.com/crunchydata/postgres-operator/internal/controller/postgrescluster/pgbackrest.go:1466.16,1470.3 3 0
github.com/crunchydata/postgres-operator/internal/controller/postgrescluster/pgbackrest.go:1472.2,1474.55 3 0
github.com/crunchydata/postgres-operator/internal/controller/postgrescluster/pgbackrest.go:1474.55,1477.17 2 0
github.com/crunchydata/postgres-operator/internal/controller/postgrescluster/pgbackrest.go:1477.17,1481.4 3 0
github.com/crunchydata/postgres-operator/internal/controller/postgrescluster/pgbackrest.go:1482.3,1482.36 1 0
github.com/crunchydata/postgres-operator/internal/controller/postgrescluster/pgbackrest.go:1483.8,1486.3 1 0
github.com/crunchydata/postgres-operator/internal/controller/postgrescluster/pgbackrest.go:1488.2,1488.92 1 0
github.com/crunchydata/postgres-operator/internal/controller/postgrescluster/pgbackrest.go:1488.92,1491.3 2 0
github.com/crunchydata/postgres-operator/internal/controller/postgrescluster/pgbackrest.go:1496.2,1497.16 2 0
github.com/crunchydata/postgres-operator/internal/controller/postgrescluster/pgbackrest.go:1497.16,1501.3 3 0
github.com/crunchydata/postgres-operator/internal/controller/postgrescluster/pgbackrest.go:1504.2,1505.16 2 0
github.com/crunchydata/postgres-operator/internal/controller/postgrescluster/pgbackrest.go:1505.16,1509.3 3 0
github.com/crunchydata/postgres-operator/internal/controller/postgrescluster/pgbackrest.go:1512.2,1513.48 2 0
github.com/crunchydata/postgres-operator/internal/controller/postgrescluster/pgbackrest.go:1513.48,1515.3 1 0
github.com/crunchydata/postgres-operator/internal/controller/postgrescluster/pgbackrest.go:1517.2,1520.62 2 0
github.com/crunchydata/postgres-operator/internal/controller/postgrescluster/pgbackrest.go:1520.62,1523.3 2 0
github.com/crunchydata/postgres-operator/internal/controller/postgrescluster/pgbackrest.go:1526.2,1527.16 2 0
github.com/crunchydata/postgres-operator/internal/controller/postgrescluster/pgbackrest.go:1527.16,1531.3 3 0
github.com/crunchydata/postgres-operator/internal/controller/postgrescluster/pgbackrest.go:1534.2,1546.16 2 0
github.com/crunchydata/postgres-operator/internal/controller/postgrescluster/pgbackrest.go:1546.16,1549.3 2 0
github.com/crunchydata/postgres-operator/internal/controller/postgrescluster/pgbackrest.go:1553.2,1553.24 1 0
github.com/crunchydata/postgres-operator/internal/controller/postgrescluster/pgbackrest.go:1553.24,1556.3 2 0
github.com/crunchydata/postgres-operator/internal/controller/postgrescluster/pgbackrest.go:1558.2,1565.13 2 0
github.com/crunchydata/postgres-operator/internal/controller/postgrescluster/pgbackrest.go:1565.13,1567.3 1 0
github.com/crunchydata/postgres-operator/internal/controller/postgrescluster/pgbackrest.go:1571.2,1572.89 1 0
github.com/crunchydata/postgres-operator/internal/controller/postgrescluster/pgbackrest.go:1572.89,1575.3 2 0
github.com/crunchydata/postgres-operator/internal/controller/postgrescluster/pgbackrest.go:1579.2,1580.30 1 0
github.com/crunchydata/postgres-operator/internal/controller/postgrescluster/pgbackrest.go:1580.30,1583.3 2 0
github.com/crunchydata/postgres-operator/internal/controller/postgrescluster/pgbackrest.go:1585.2,1585.20 1 0
github.com/crunchydata/postgres-operator/internal/controller/postgrescluster/pgbackrest.go:1599.9,1605.29 2 0
github.com/crunchydata/postgres-operator/internal/controller/postgrescluster/pgbackrest.go:1605.29,1607.3 1 0
github.com/crunchydata/postgres-operator/internal/controller/postgrescluster/pgbackrest.go:1609.2,1610.34 2 0
github.com/crunchydata/postgres-operator/internal/controller/postgrescluster/pgbackrest.go:1610.34,1612.3 1 0
github.com/crunchydata/postgres-operator/internal/controller/postgrescluster/pgbackrest.go:1614.2,1621.24 3 0
github.com/crunchydata/postgres-operator/internal/controller/postgrescluster/pgbackrest.go:1621.24,1624.3 1 0
github.com/crunchydata/postgres-operator/internal/controller/postgrescluster/pgbackrest.go:1625.2,1626.27 2 0
github.com/crunchydata/postgres-operator/internal/controller/postgrescluster/pgbackrest.go:1626.27,1629.3 1 0
github.com/crunchydata/postgres-operator/internal/controller/postgrescluster/pgbackrest.go:1634.2,1635.48 2 0
github.com/crunchydata/postgres-operator/internal/controller/postgrescluster/pgbackrest.go:1635.48,1636.34 1 0
github.com/crunchydata/postgres-operator/internal/controller/postgrescluster/pgbackrest.go:1636.34,1638.9 2 0
github.com/crunchydata/postgres-operator/internal/controller/postgrescluster/pgbackrest.go:1641.2,1641.24 1 0
github.com/crunchydata/postgres-operator/internal/controller/postgrescluster/pgbackrest.go:1641.24,1644.3 1 0
github.com/crunchydata/postgres-operator/internal/controller/postgrescluster/pgbackrest.go:1650.2,1650.42 1 0
github.com/crunchydata/postgres-operator/internal/controller/postgrescluster/pgbackrest.go:1650.42,1653.69 2 0
github.com/crunchydata/postgres-operator/internal/controller/postgrescluster/pgbackrest.go:1653.69,1661.4 1 0
github.com/crunchydata/postgres-operator/internal/controller/postgrescluster/pgbackrest.go:1662.3,1662.13 1 0
github.com/crunchydata/postgres-operator/internal/controller/postgrescluster/pgbackrest.go:1671.2,1672.96 2 0
github.com/crunchydata/postgres-operator/internal/controller/postgrescluster/pgbackrest.go:1672.96,1682.51 4 0
github.com/crunchydata/postgres-operator/internal/controller/postgrescluster/pgbackrest.go:1682.51,1685.4 1 0
github.com/crunchydata/postgres-operator/internal/controller/postgrescluster/pgbackrest.go:1686.8,1689.31 1 0
github.com/crunchydata/postgres-operator/internal/controller/postgrescluster/pgbackrest.go:1689.31,1690.33 1 0
github.com/crunchydata/postgres-operator/internal/controller/postgrescluster/pgbackrest.go:1690.33,1694.5 2 0
github.com/crunchydata/postgres-operator/internal/controller/postgrescluster/pgbackrest.go:1695.4,1695.32 1 0
github.com/crunchydata/postgres-operator/internal/controller/postgrescluster/pgbackrest.go:1700.3,1700.81 1 0
github.com/crunchydata/postgres-operator/internal/controller/postgrescluster/pgbackrest.go:1700.81,1702.4 1 0
github.com/crunchydata/postgres-operator/internal/controller/postgrescluster/pgbackrest.go:1706.2,1707.67 2 0
github.com/crunchydata/postgres-operator/internal/controller/postgrescluster/pgbackrest.go:1707.67,1708.34 1 0
github.com/crunchydata/postgres-operator/internal/controller/postgrescluster/pgbackrest.go:1708.34,1710.9 2 0
github.com/crunchydata/postgres-operator/internal/controller/postgrescluster/pgbackrest.go:1713.2,1713.16 1 0
github.com/crunchydata/postgres-operator/internal/controller/postgrescluster/pgbackrest.go:1713.16,1718.3 2 0
github.com/crunchydata/postgres-operator/internal/controller/postgrescluster/pgbackrest.go:1722.2,1728.16 3 0
github.com/crunchydata/postgres-operator/internal/controller/postgrescluster/pgbackrest.go:1728.16,1730.3 1 0
github.com/crunchydata/postgres-operator/internal/controller/postgrescluster/pgbackrest.go:1731.2,1732.16 2 0
github.com/crunchydata/postgres-operator/internal/controller/postgrescluster/pgbackrest.go:1732.16,1734.3 1 0
github.com/crunchydata/postgres-operator/internal/controller/postgrescluster/pgbackrest.go:1736.2,1737.16 2 0
github.com/crunchydata/postgres-operator/internal/controller/postgrescluster/pgbackrest.go:1737.16,1739.3 1 0
github.com/crunchydata/postgres-operator/internal/controller/postgrescluster/pgbackrest.go:1745.2,1746.100 1 0
github.com/crunchydata/postgres-operator/internal/controller/postgrescluster/pgbackrest.go:1746.100,1748.3 1 0
github.com/crunchydata/postgres-operator/internal/controller/postgrescluster/pgbackrest.go:1750.2,1750.12 1 0
github.com/crunchydata/postgres-operator/internal/controller/postgrescluster/pgbackrest.go:1760.75,1767.24 2 0
github.com/crunchydata/postgres-operator/internal/controller/postgrescluster/pgbackrest.go:1767.24,1770.3 1 0
github.com/crunchydata/postgres-operator/internal/controller/postgrescluster/pgbackrest.go:1771.2,1772.27 2 0
github.com/crunchydata/postgres-operator/internal/controller/postgrescluster/pgbackrest.go:1772.27,1775.3 1 0
github.com/crunchydata/postgres-operator/internal/controller/postgrescluster/pgbackrest.go:1780.2,1781.48 2 0
github.com/crunchydata/postgres-operator/internal/controller/postgrescluster/pgbackrest.go:1781.48,1782.34 1 0
github.com/crunchydata/postgres-operator/internal/controller/postgrescluster/pgbackrest.go:1782.34,1784.9 2 0
github.com/crunchydata/postgres-operator/internal/controller/postgrescluster/pgbackrest.go:1787.2,1787.24 1 0
github.com/crunchydata/postgres-operator/internal/controller/postgrescluster/pgbackrest.go:1787.24,1790.3 1 0
github.com/crunchydata/postgres-operator/internal/controller/postgrescluster/pgbackrest.go:1796.2,1796.42 1 0
github.com/crunchydata/postgres-operator/internal/controller/postgrescluster/pgbackrest.go:1796.42,1799.69 2 0
github.com/crunchydata/postgres-operator/internal/controller/postgrescluster/pgbackrest.go:1799.69,1807.4 1 0
github.com/crunchydata/postgres-operator/internal/controller/postgrescluster/pgbackrest.go:1808.3,1808.13 1 0
github.com/crunchydata/postgres-operator/internal/controller/postgrescluster/pgbackrest.go:1811.2,1811.72 1 0
github.com/crunchydata/postgres-operator/internal/controller/postgrescluster/pgbackrest.go:1811.72,1813.3 1 0
github.com/crunchydata/postgres-operator/internal/controller/postgrescluster/pgbackrest.go:1820.2,1826.16 3 0
github.com/crunchydata/postgres-operator/internal/controller/postgrescluster/pgbackrest.go:1826.16,1828.3 1 0
github.com/crunchydata/postgres-operator/internal/controller/postgrescluster/pgbackrest.go:1829.2,1830.16 2 0
github.com/crunchydata/postgres-operator/internal/controller/postgrescluster/pgbackrest.go:1830.16,1832.3 1 0
github.com/crunchydata/postgres-operator/internal/controller/postgrescluster/pgbackrest.go:1835.2,1836.16 2 0
github.com/crunchydata/postgres-operator/internal/controller/postgrescluster/pgbackrest.go:1836.16,1838.3 1 0
github.com/crunchydata/postgres-operator/internal/controller/postgrescluster/pgbackrest.go:1842.2,1855.77 2 0
github.com/crunchydata/postgres-operator/internal/controller/postgrescluster/pgbackrest.go:1855.77,1857.3 1 0
github.com/crunchydata/postgres-operator/internal/controller/postgrescluster/pgbackrest.go:1859.2,1859.12 1 0
github.com/crunchydata/postgres-operator/internal/controller/postgrescluster/pgbackrest.go:1865.27,1876.2 4 0
github.com/crunchydata/postgres-operator/internal/controller/postgrescluster/pgbackrest.go:1883.9,1887.16 3 0
github.com/crunchydata/postgres-operator/internal/controller/postgrescluster/pgbackrest.go:1887.16,1890.3 1 0
github.com/crunchydata/postgres-operator/internal/controller/postgrescluster/pgbackrest.go:1894.2,1895.16 2 0
github.com/crunchydata/postgres-operator/internal/controller/postgrescluster/pgbackrest.go:1895.16,1899.32 2 0
github.com/crunchydata/postgres-operator/internal/controller/postgrescluster/pgbackrest.go:1899.32,1901.4 1 0
github.com/crunchydata/postgres-operator/internal/controller/postgrescluster/pgbackrest.go:1905.2,1917.16 5 0
github.com/crunchydata/postgres-operator/internal/controller/postgrescluster/pgbackrest.go:1917.16,1919.3 1 0
github.com/crunchydata/postgres-operator/internal/controller/postgrescluster/pgbackrest.go:1922.2,1935.16 6 0
github.com/crunchydata/postgres-operator/internal/controller/postgrescluster/pgbackrest.go:1935.16,1937.3 1 0
github.com/crunchydata/postgres-operator/internal/controller/postgrescluster/pgbackrest.go:1938.2,1938.16 1 0
github.com/crunchydata/postgres-operator/internal/controller/postgrescluster/pgbackrest.go:1938.16,1943.3 1 0
github.com/crunchydata/postgres-operator/internal/controller/postgrescluster/pgbackrest.go:1944.2,1944.16 1 0
github.com/crunchydata/postgres-operator/internal/controller/postgrescluster/pgbackrest.go:1944.16,1946.3 1 0
github.com/crunchydata/postgres-operator/internal/controller/postgrescluster/pgbackrest.go:1949.2,1949.41 1 0
github.com/crunchydata/postgres-operator/internal/controller/postgrescluster/pgbackrest.go:1949.41,1951.3 1 0
github.com/crunchydata/postgres-operator/internal/controller/postgrescluster/pgbackrest.go:1954.2,1954.16 1 0
github.com/crunchydata/postgres-operator/internal/controller/postgrescluster/pgbackrest.go:1954.16,1956.3 1 0
github.com/crunchydata/postgres-operator/internal/controller/postgrescluster/pgbackrest.go:1958.2,1958.12 1 0
github.com/crunchydata/postgres-operator/internal/controller/postgrescluster/pgbackrest.go:1967.48,1969.69 1 0
github.com/crunchydata/postgres-operator/internal/controller/postgrescluster/pgbackrest.go:1969.69,1975.75 1 0
github.com/crunchydata/postgres-operator/internal/controller/postgrescluster/pgbackrest.go:1975.75,1984.70 4 0
github.com/crunchydata/postgres-operator/internal/controller/postgrescluster/pgbackrest.go:1984.70,1986.46 1 0
github.com/crunchydata/postgres-operator/internal/controller/postgrescluster/pgbackrest.go:1986.46,1987.14 1 0
github.com/crunchydata/postgres-operator/internal/controller/postgrescluster/pgbackrest.go:1988.11,1990.6 1 0
github.com/crunchydata/postgres-operator/internal/controller/postgrescluster/pgbackrest.go:1991.10,1993.61 1 0
github.com/crunchydata/postgres-operator/internal/controller/postgrescluster/pgbackrest.go:1993.61,1995.6 1 0
github.com/crunchydata/postgres-operator/internal/controller/postgrescluster/pgbackrest.go:1999.4,2017.72 6 0
github.com/crunchydata/postgres-operator/internal/controller/postgrescluster/pgbackrest.go:2017.72,2019.5 1 0
github.com/crunchydata/postgres-operator/internal/controller/postgrescluster/pgbackrest.go:2021.4,2021.69 1 0
github.com/crunchydata/postgres-operator/internal/controller/postgrescluster/pgbackrest.go:2021.69,2023.5 1 0
github.com/crunchydata/postgres-operator/internal/controller/postgrescluster/pgbackrest.go:2026.4,2026.87 1 0
github.com/crunchydata/postgres-operator/internal/controller/postgrescluster/pgbackrest.go:2029.3,2029.78 1 0
github.com/crunchydata/postgres-operator/internal/controller/postgrescluster/pgbackrest.go:2029.78,2038.76 4 0
github.com/crunchydata/postgres-operator/internal/controller/postgrescluster/pgbackrest.go:2038.76,2040.49 1 0
github.com/crunchydata/postgres-operator/internal/controller/postgrescluster/pgbackrest.go:2040.49,2041.14 1 0
github.com/crunchydata/postgres-operator/internal/controller/postgrescluster/pgbackrest.go:2042.11,2044.6 1 0
github.com/crunchydata/postgres-operator/internal/controller/postgrescluster/pgbackrest.go:2045.10,2047.67 1 0
github.com/crunchydata/postgres-operator/internal/controller/postgrescluster/pgbackrest.go:2047.67,2049.6 1 0
github.com/crunchydata/postgres-operator/internal/controller/postgrescluster/pgbackrest.go:2053.4,2071.75 6 0
github.com/crunchydata/postgres-operator/internal/controller/postgrescluster/pgbackrest.go:2071.75,2073.5 1 0
github.com/crunchydata/postgres-operator/internal/controller/postgrescluster/pgbackrest.go:2074.4,2074.72 1 0
github.com/crunchydata/postgres-operator/internal/controller/postgrescluster/pgbackrest.go:2074.72,2076.5 1 0
github.com/crunchydata/postgres-operator/internal/controller/postgrescluster/pgbackrest.go:2079.4,2079.93 1 0
github.com/crunchydata/postgres-operator/internal/controller/postgrescluster/pgbackrest.go:2082.2,2082.12 1 0
github.com/crunchydata/postgres-operator/internal/controller/postgrescluster/pgbackrest.go:2089.32,2095.16 3 0
github.com/crunchydata/postgres-operator/internal/controller/postgrescluster/pgbackrest.go:2095.16,2097.3 1 0
github.com/crunchydata/postgres-operator/internal/controller/postgrescluster/pgbackrest.go:2099.2,2099.82 1 0
github.com/crunchydata/postgres-operator/internal/controller/postgrescluster/pgbackrest.go:2099.82,2101.3 1 0
github.com/crunchydata/postgres-operator/internal/controller/postgrescluster/pgbackrest.go:2102.2,2102.53 1 0
github.com/crunchydata/postgres-operator/internal/controller/postgrescluster/pgbackrest.go:2102.53,2104.3 1 0
github.com/crunchydata/postgres-operator/internal/controller/postgrescluster/pgbackrest.go:2106.2,2106.12 1 0
github.com/crunchydata/postgres-operator/internal/controller/postgrescluster/pgbackrest.go:2115.46,2134.16 8 0
github.com/crunchydata/postgres-operator/internal/controller/postgrescluster/pgbackrest.go:2134.16,2136.3 1 0
github.com/crunchydata/postgres-operator/internal/controller/postgrescluster/pgbackrest.go:2137.2,2137.16 1 0
github.com/crunchydata/postgres-operator/internal/controller/postgrescluster/pgbackrest.go:2137.16,2139.3 1 0
github.com/crunchydata/postgres-operator/internal/controller/postgrescluster/pgbackrest.go:2142.2,2142.67 1 0
github.com/crunchydata/postgres-operator/internal/controller/postgrescluster/pgbackrest.go:2142.67,2145.3 1 0
github.com/crunchydata/postgres-operator/internal/controller/postgrescluster/pgbackrest.go:2148.2,2148.41 1 0
github.com/crunchydata/postgres-operator/internal/controller/postgrescluster/pgbackrest.go:2148.41,2150.3 1 0
github.com/crunchydata/postgres-operator/internal/controller/postgrescluster/pgbackrest.go:2151.2,2151.12 1 0
github.com/crunchydata/postgres-operator/internal/controller/postgrescluster/pgbackrest.go:2161.76,2172.70 7 0
github.com/crunchydata/postgres-operator/internal/controller/postgrescluster/pgbackrest.go:2172.70,2174.3 1 0
github.com/crunchydata/postgres-operator/internal/controller/postgrescluster/pgbackrest.go:2175.2,2175.75 1 0
github.com/crunchydata/postgres-operator/internal/controller/postgrescluster/pgbackrest.go:2175.75,2177.3 1 0
github.com/crunchydata/postgres-operator/internal/controller/postgrescluster/pgbackrest.go:2178.2,2178.72 1 0
github.com/crunchydata/postgres-operator/internal/controller/postgrescluster/pgbackrest.go:2178.72,2180.3 1 0
github.com/crunchydata/postgres-operator/internal/controller/postgrescluster/pgbackrest.go:2182.2,2209.41 10 0
github.com/crunchydata/postgres-operator/internal/controller/postgrescluster/pgbackrest.go:2209.41,2211.3 1 0
github.com/crunchydata/postgres-operator/internal/controller/postgrescluster/pgbackrest.go:2212.2,2212.43 1 0
github.com/crunchydata/postgres-operator/internal/controller/postgrescluster/pgbackrest.go:2212.43,2214.3 1 0
github.com/crunchydata/postgres-operator/internal/controller/postgrescluster/pgbackrest.go:2215.2,2215.46 1 0
github.com/crunchydata/postgres-operator/internal/controller/postgrescluster/pgbackrest.go:2215.46,2217.3 1 0
github.com/crunchydata/postgres-operator/internal/controller/postgrescluster/pgbackrest.go:2219.2,2219.16 1 0
github.com/crunchydata/postgres-operator/internal/controller/postgrescluster/pgbackrest.go:2226.76,2237.70 7 0
github.com/crunchydata/postgres-operator/internal/controller/postgrescluster/pgbackrest.go:2237.70,2239.3 1 0
github.com/crunchydata/postgres-operator/internal/controller/postgrescluster/pgbackrest.go:2240.2,2240.75 1 0
github.com/crunchydata/postgres-operator/internal/controller/postgrescluster/pgbackrest.go:2240.75,2242.3 1 0
github.com/crunchydata/postgres-operator/internal/controller/postgrescluster/pgbackrest.go:2243.2,2243.72 1 0
github.com/crunchydata/postgres-operator/internal/controller/postgrescluster/pgbackrest.go:2243.72,2245.3 1 0
github.com/crunchydata/postgres-operator/internal/controller/postgrescluster/pgbackrest.go:2247.2,2274.41 10 0
github.com/crunchydata/postgres-operator/internal/controller/postgrescluster/pgbackrest.go:2274.41,2276.3 1 0
github.com/crunchydata/postgres-operator/internal/controller/postgrescluster/pgbackrest.go:2277.2,2277.43 1 0
github.com/crunchydata/postgres-operator/internal/controller/postgrescluster/pgbackrest.go:2277.43,2279.3 1 0
github.com/crunchydata/postgres-operator/internal/controller/postgrescluster/pgbackrest.go:2280.2,2280.46 1 0
github.com/crunchydata/postgres-operator/internal/controller/postgrescluster/pgbackrest.go:2280.46,2282.3 1 0
github.com/crunchydata/postgres-operator/internal/controller/postgrescluster/pgbackrest.go:2284.2,2284.16 1 0
github.com/crunchydata/postgres-operator/internal/controller/postgrescluster/pgbackrest.go:2293.46,2298.15 2 0
github.com/crunchydata/postgres-operator/internal/controller/postgrescluster/pgbackrest.go:2298.15,2303.56 2 0
github.com/crunchydata/postgres-operator/internal/controller/postgrescluster/pgbackrest.go:2303.56,2307.4 3 0
github.com/crunchydata/postgres-operator/internal/controller/postgrescluster/pgbackrest.go:2307.9,2307.62 1 0
github.com/crunchydata/postgres-operator/internal/controller/postgrescluster/pgbackrest.go:2307.62,2311.4 3 0
github.com/crunchydata/postgres-operator/internal/controller/postgrescluster/pgbackrest.go:2311.9,2315.4 3 0
github.com/crunchydata/postgres-operator/internal/controller/postgrescluster/pgbackrest.go:2316.3,2316.77 1 0
github.com/crunchydata/postgres-operator/internal/controller/postgrescluster/pgbackrest.go:2318.2,2319.35 2 0
github.com/crunchydata/postgres-operator/internal/controller/postgrescluster/pgbackrest.go:2319.35,2326.3 3 0
github.com/crunchydata/postgres-operator/internal/controller/postgrescluster/pgbackrest.go:2326.8,2327.55 1 0
github.com/crunchydata/postgres-operator/internal/controller/postgrescluster/pgbackrest.go:2327.55,2330.4 1 0
github.com/crunchydata/postgres-operator/internal/controller/postgrescluster/pgbackrest.go:2332.2,2335.16 3 0
github.com/crunchydata/postgres-operator/internal/controller/postgrescluster/pgbackrest.go:2335.16,2338.3 2 0
github.com/crunchydata/postgres-operator/internal/controller/postgrescluster/pgbackrest.go:2340.2,2342.14 2 0
github.com/crunchydata/postgres-operator/internal/controller/postgrescluster/pgbackrest.go:2342.14,2345.3 1 0
github.com/crunchydata/postgres-operator/internal/controller/postgrescluster/pgbackrest.go:2347.2,2347.22 1 0
github.com/crunchydata/postgres-operator/internal/controller/postgrescluster/pgbackrest.go:2356.77,2364.31 4 0
github.com/crunchydata/postgres-operator/internal/controller/postgrescluster/pgbackrest.go:2364.31,2371.57 5 0
github.com/crunchydata/postgres-operator/internal/controller/postgrescluster/pgbackrest.go:2371.57,2372.17 1 0
github.com/crunchydata/postgres-operator/internal/controller/postgrescluster/pgbackrest.go:2372.17,2380.5 1 0
github.com/crunchydata/postgres-operator/internal/controller/postgrescluster/pgbackrest.go:2380.10,2380.21 1 0
github.com/crunchydata/postgres-operator/internal/controller/postgrescluster/pgbackrest.go:2380.21,2388.5 1 0
github.com/crunchydata/postgres-operator/internal/controller/postgrescluster/pgbackrest.go:2391.4,2396.27 6 0
github.com/crunchydata/postgres-operator/internal/controller/postgrescluster/pgbackrest.go:2396.27,2398.5 1 0
github.com/crunchydata/postgres-operator/internal/controller/postgrescluster/pgbackrest.go:2406.3,2406.26 1 0
github.com/crunchydata/postgres-operator/internal/controller/postgrescluster/pgbackrest.go:2406.26,2407.62 1 0
github.com/crunchydata/postgres-operator/internal/controller/postgrescluster/pgbackrest.go:2407.62,2410.5 1 0
github.com/crunchydata/postgres-operator/internal/controller/postgrescluster/pgbackrest.go:2416.2,2417.48 2 0
github.com/crunchydata/postgres-operator/internal/controller/postgrescluster/pgbackrest.go:2417.48,2419.24 2 0
github.com/crunchydata/postgres-operator/internal/controller/postgrescluster/pgbackrest.go:2419.24,2421.9 2 0
github.com/crunchydata/postgres-operator/internal/controller/postgrescluster/pgbackrest.go:2433.2,2434.57 1 0
github.com/crunchydata/postgres-operator/internal/controller/postgrescluster/pgbackrest.go:2434.57,2436.3 1 0
github.com/crunchydata/postgres-operator/internal/controller/postgrescluster/pgbackrest.go:2440.2,2440.64 1 0
github.com/crunchydata/postgres-operator/internal/controller/postgrescluster/pgbackrest.go:2440.64,2450.3 3 0
github.com/crunchydata/postgres-operator/internal/controller/postgrescluster/pgbackrest.go:2454.2,2454.50 1 0
github.com/crunchydata/postgres-operator/internal/controller/postgrescluster/pgbackrest.go:2454.50,2456.3 1 0
github.com/crunchydata/postgres-operator/internal/controller/postgrescluster/pgbackrest.go:2460.2,2460.55 1 0
github.com/crunchydata/postgres-operator/internal/controller/postgrescluster/pgbackrest.go:2460.55,2462.75 2 0
github.com/crunchydata/postgres-operator/internal/controller/postgrescluster/pgbackrest.go:2462.75,2464.4 1 0
github.com/crunchydata/postgres-operator/internal/controller/postgrescluster/pgbackrest.go:2469.2,2471.78 2 0
github.com/crunchydata/postgres-operator/internal/controller/postgrescluster/pgbackrest.go:2471.78,2473.3 1 0
github.com/crunchydata/postgres-operator/internal/controller/postgrescluster/pgbackrest.go:2480.2,2482.63 3 0
github.com/crunchydata/postgres-operator/internal/controller/postgrescluster/pgbackrest.go:2482.63,2483.28 1 0
github.com/crunchydata/postgres-operator/internal/controller/postgrescluster/pgbackrest.go:2483.28,2486.4 2 0
github.com/crunchydata/postgres-operator/internal/controller/postgrescluster/pgbackrest.go:2488.2,2488.18 1 0
github.com/crunchydata/postgres-operator/internal/controller/postgrescluster/pgbackrest.go:2488.18,2493.3 2 0
github.com/crunchydata/postgres-operator/internal/controller/postgrescluster/pgbackrest.go:2494.2,2494.20 1 0
github.com/crunchydata/postgres-operator/internal/controller/postgrescluster/pgbackrest.go:2494.20,2498.3 2 0
github.com/crunchydata/postgres-operator/internal/controller/postgrescluster/pgbackrest.go:2500.2,2501.63 2 0
github.com/crunchydata/postgres-operator/internal/controller/postgrescluster/pgbackrest.go:2501.63,2502.72 1 0
github.com/crunchydata/postgres-operator/internal/controller/postgrescluster/pgbackrest.go:2502.72,2504.4 1 0
github.com/crunchydata/postgres-operator/internal/controller/postgrescluster/pgbackrest.go:2506.2,2506.21 1 0
github.com/crunchydata/postgres-operator/internal/controller/postgrescluster/pgbackrest.go:2506.21,2508.3 1 0
github.com/crunchydata/postgres-operator/internal/controller/postgrescluster/pgbackrest.go:2516.2,2517.33 2 0
github.com/crunchydata/postgres-operator/internal/controller/postgrescluster/pgbackrest.go:2517.33,2518.75 1 0
github.com/crunchydata/postgres-operator/internal/controller/postgrescluster/pgbackrest.go:2518.75,2523.4 2 0
github.com/crunchydata/postgres-operator/internal/controller/postgrescluster/pgbackrest.go:2527.2,2529.29 3 0
github.com/crunchydata/postgres-operator/internal/controller/postgrescluster/pgbackrest.go:2529.29,2531.3 1 0
github.com/crunchydata/postgres-operator/internal/controller/postgrescluster/pgbackrest.go:2533.2,2553.77 9 0
github.com/crunchydata/postgres-operator/internal/controller/postgrescluster/pgbackrest.go:2553.77,2555.3 1 0
github.com/crunchydata/postgres-operator/internal/controller/postgrescluster/pgbackrest.go:2558.2,2558.48 1 0
github.com/crunchydata/postgres-operator/internal/controller/postgrescluster/pgbackrest.go:2558.48,2560.3 1 0
github.com/crunchydata/postgres-operator/internal/controller/postgrescluster/pgbackrest.go:2562.2,2562.12 1 0
github.com/crunchydata/postgres-operator/internal/controller/postgrescluster/pgbackrest.go:2573.50,2576.63 2 0
github.com/crunchydata/postgres-operator/internal/controller/postgrescluster/pgbackrest.go:2576.63,2577.42 1 0
github.com/crunchydata/postgres-operator/internal/controller/postgrescluster/pgbackrest.go:2577.42,2579.9 2 0
github.com/crunchydata/postgres-operator/internal/controller/postgrescluster/pgbackrest.go:2584.2,2584.15 1 0
github.com/crunchydata/postgres-operator/internal/controller/postgrescluster/pgbackrest.go:2584.15,2589.37 2 0
github.com/crunchydata/postgres-operator/internal/controller/postgrescluster/pgbackrest.go:2589.37,2593.4 3 0
github.com/crunchydata/postgres-operator/internal/controller/postgrescluster/pgbackrest.go:2593.9,2593.65 1 0
github.com/crunchydata/postgres-operator/internal/controller/postgrescluster/pgbackrest.go:2593.65,2597.4 3 0
github.com/crunchydata/postgres-operator/internal/controller/postgrescluster/pgbackrest.go:2597.9,2602.4 3 0
github.com/crunchydata/postgres-operator/internal/controller/postgrescluster/pgbackrest.go:2603.3,2603.77 1 0
github.com/crunchydata/postgres-operator/internal/controller/postgrescluster/pgbackrest.go:2608.2,2609.48 2 0
github.com/crunchydata/postgres-operator/internal/controller/postgrescluster/pgbackrest.go:2609.48,2611.24 2 0
github.com/crunchydata/postgres-operator/internal/controller/postgrescluster/pgbackrest.go:2611.24,2613.9 2 0
github.com/crunchydata/postgres-operator/internal/controller/postgrescluster/pgbackrest.go:2624.2,2624.111 1 0
github.com/crunchydata/postgres-operator/internal/controller/postgrescluster/pgbackrest.go:2624.111,2626.3 1 0
github.com/crunchydata/postgres-operator/internal/controller/postgrescluster/pgbackrest.go:2629.2,2631.22 3 0
github.com/crunchydata/postgres-operator/internal/controller/postgrescluster/pgbackrest.go:2631.22,2633.3 1 0
github.com/crunchydata/postgres-operator/internal/controller/postgrescluster/pgbackrest.go:2639.2,2640.37 2 0
github.com/crunchydata/postgres-operator/internal/controller/postgrescluster/pgbackrest.go:2640.37,2642.3 1 0
github.com/crunchydata/postgres-operator/internal/controller/postgrescluster/pgbackrest.go:2642.8,2644.3 1 0
github.com/crunchydata/postgres-operator/internal/controller/postgrescluster/pgbackrest.go:2647.2,2649.22 3 0
github.com/crunchydata/postgres-operator/internal/controller/postgrescluster/pgbackrest.go:2649.22,2651.3 1 0
github.com/crunchydata/postgres-operator/internal/controller/postgrescluster/pgbackrest.go:2655.2,2656.38 2 0
github.com/crunchydata/postgres-operator/internal/controller/postgrescluster/pgbackrest.go:2656.38,2664.76 5 0
github.com/crunchydata/postgres-operator/internal/controller/postgrescluster/pgbackrest.go:2664.76,2666.4 1 0
github.com/crunchydata/postgres-operator/internal/controller/postgrescluster/pgbackrest.go:2678.3,2680.70 1 0
github.com/crunchydata/postgres-operator/internal/controller/postgrescluster/pgbackrest.go:2680.70,2682.79 1 0
github.com/crunchydata/postgres-operator/internal/controller/postgrescluster/pgbackrest.go:2682.79,2684.5 1 0
github.com/crunchydata/postgres-operator/internal/controller/postgrescluster/pgbackrest.go:2685.4,2685.14 1 0
github.com/crunchydata/postgres-operator/internal/controller/postgrescluster/pgbackrest.go:2689.3,2689.16 1 0
github.com/crunchydata/postgres-operator/internal/controller/postgrescluster/pgbackrest.go:2689.16,2692.4 2 0
github.com/crunchydata/postgres-operator/internal/controller/postgrescluster/pgbackrest.go:2697.2,2698.22 1 0
github.com/crunchydata/postgres-operator/internal/controller/postgrescluster/pgbackrest.go:2698.22,2700.3 1 0
github.com/crunchydata/postgres-operator/internal/controller/postgrescluster/pgbackrest.go:2703.2,2705.16 3 0
github.com/crunchydata/postgres-operator/internal/controller/postgrescluster/pgbackrest.go:2705.16,2707.3 1 0
github.com/crunchydata/postgres-operator/internal/controller/postgrescluster/pgbackrest.go:2709.2,2730.77 9 0
github.com/crunchydata/postgres-operator/internal/controller/postgrescluster/pgbackrest.go:2730.77,2732.3 1 0
github.com/crunchydata/postgres-operator/internal/controller/postgrescluster/pgbackrest.go:2734.2,2734.48 1 0
github.com/crunchydata/postgres-operator/internal/controller/postgrescluster/pgbackrest.go:2734.48,2736.3 1 0
github.com/crunchydata/postgres-operator/internal/controller/postgrescluster/pgbackrest.go:2738.2,2738.12 1 0
github.com/crunchydata/postgres-operator/internal/controller/postgrescluster/pgbackrest.go:2745.64,2754.104 6 0
github.com/crunchydata/postgres-operator/internal/controller/postgrescluster/pgbackrest.go:2754.104,2758.3 1 0
github.com/crunchydata/postgres-operator/internal/controller/postgrescluster/pgbackrest.go:2760.2,2760.69 1 0
github.com/crunchydata/postgres-operator/internal/controller/postgrescluster/pgbackrest.go:2760.69,2762.13 1 0
github.com/crunchydata/postgres-operator/internal/controller/postgrescluster/pgbackrest.go:2762.13,2764.4 1 0
github.com/crunchydata/postgres-operator/internal/controller/postgrescluster/pgbackrest.go:2766.3,2766.25 1 0
github.com/crunchydata/postgres-operator/internal/controller/postgrescluster/pgbackrest.go:2766.25,2767.12 1 0
github.com/crunchydata/postgres-operator/internal/controller/postgrescluster/pgbackrest.go:2771.3,2780.17 5 0
github.com/crunchydata/postgres-operator/internal/controller/postgrescluster/pgbackrest.go:2780.17,2783.4 2 0
github.com/crunchydata/postgres-operator/internal/controller/postgrescluster/pgbackrest.go:2786.3,2786.32 1 0
github.com/crunchydata/postgres-operator/internal/controller/postgrescluster/pgbackrest.go:2789.2,2793.59 2 0
github.com/crunchydata/postgres-operator/internal/controller/postgrescluster/pgbackrest.go:2803.42,2811.18 2 0
github.com/crunchydata/postgres-operator/internal/controller/postgrescluster/pgbackrest.go:2811.18,2813.3 1 0
github.com/crunchydata/postgres-operator/internal/controller/postgrescluster/pgbackrest.go:2816.2,2816.26 1 0
github.com/crunchydata/postgres-operator/internal/controller/postgrescluster/pgbackrest.go:2816.26,2818.3 1 0
github.com/crunchydata/postgres-operator/internal/controller/postgrescluster/pgbackrest.go:2819.2,2821.38 2 0
github.com/crunchydata/postgres-operator/internal/controller/postgrescluster/pgbackrest.go:2821.38,2823.50 2 0
github.com/crunchydata/postgres-operator/internal/controller/postgrescluster/pgbackrest.go:2823.50,2824.100 1 0
github.com/crunchydata/postgres-operator/internal/controller/postgrescluster/pgbackrest.go:2824.100,2832.5 3 0
github.com/crunchydata/postgres-operator/internal/controller/postgrescluster/pgbackrest.go:2836.2,2836.12 1 0
github.com/crunchydata/postgres-operator/internal/controller/postgrescluster/pgbackrest.go:2850.65,2853.15 1 0
github.com/crunchydata/postgres-operator/internal/controller/postgrescluster/pgbackrest.go:2853.15,2855.62 2 0
github.com/crunchydata/postgres-operator/internal/controller/postgrescluster/pgbackrest.go:2855.62,2857.4 1 0
github.com/crunchydata/postgres-operator/internal/controller/postgrescluster/pgbackrest.go:2858.3,2859.64 2 0
github.com/crunchydata/postgres-operator/internal/controller/postgrescluster/pgbackrest.go:2859.64,2860.42 1 0
github.com/crunchydata/postgres-operator/internal/controller/postgrescluster/pgbackrest.go:2860.42,2862.10 2 0
github.com/crunchydata/postgres-operator/internal/controller/postgrescluster/pgbackrest.go:2866.3,2870.37 2 0
github.com/crunchydata/postgres-operator/internal/controller/postgrescluster/pgbackrest.go:2870.37,2874.4 3 0
github.com/crunchydata/postgres-operator/internal/controller/postgrescluster/pgbackrest.go:2874.9,2874.51 1 0
github.com/crunchydata/postgres-operator/internal/controller/postgrescluster/pgbackrest.go:2874.51,2879.4 3 0
github.com/crunchydata/postgres-operator/internal/controller/postgrescluster/pgbackrest.go:2879.9,2884.4 3 0
github.com/crunchydata/postgres-operator/internal/controller/postgrescluster/pgbackrest.go:2885.3,2885.86 1 0
github.com/crunchydata/postgres-operator/internal/controller/postgrescluster/pgbackrest.go:2896.2,2898.48 3 0
github.com/crunchydata/postgres-operator/internal/controller/postgrescluster/pgbackrest.go:2898.48,2900.24 2 0
github.com/crunchydata/postgres-operator/internal/controller/postgrescluster/pgbackrest.go:2900.24,2903.9 3 0
github.com/crunchydata/postgres-operator/internal/controller/postgrescluster/pgbackrest.go:2907.2,2908.69 2 0
github.com/crunchydata/postgres-operator/internal/controller/postgrescluster/pgbackrest.go:2908.69,2909.32 1 0
github.com/crunchydata/postgres-operator/internal/controller/postgrescluster/pgbackrest.go:2909.32,2911.9 2 0
github.com/crunchydata/postgres-operator/internal/controller/postgrescluster/pgbackrest.go:2923.2,2923.40 1 0
github.com/crunchydata/postgres-operator/internal/controller/postgrescluster/pgbackrest.go:2923.40,2925.3 1 0
github.com/crunchydata/postgres-operator/internal/controller/postgrescluster/pgbackrest.go:2928.2,2929.28 1 0
github.com/crunchydata/postgres-operator/internal/controller/postgrescluster/pgbackrest.go:2929.28,2932.3 1 0
github.com/crunchydata/postgres-operator/internal/controller/postgrescluster/pgbackrest.go:2935.2,2936.16 2 0
github.com/crunchydata/postgres-operator/internal/controller/postgrescluster/pgbackrest.go:2936.16,2942.3 2 0
github.com/crunchydata/postgres-operator/internal/controller/postgrescluster/pgbackrest.go:2946.2,2946.24 1 0
github.com/crunchydata/postgres-operator/internal/controller/postgrescluster/pgbackrest.go:2946.24,2949.3 1 0
github.com/crunchydata/postgres-operator/internal/controller/postgrescluster/pgbackrest.go:2952.2,2956.57 2 0
github.com/crunchydata/postgres-operator/internal/controller/postgrescluster/pgbackrest.go:2956.57,2958.3 1 0
github.com/crunchydata/postgres-operator/internal/controller/postgrescluster/pgbackrest.go:2960.2,2960.19 1 0
github.com/crunchydata/postgres-operator/internal/controller/postgrescluster/pgbackrest.go:2965.78,2971.39 3 0
github.com/crunchydata/postgres-operator/internal/controller/postgrescluster/pgbackrest.go:2971.39,2973.3 1 0
github.com/crunchydata/postgres-operator/internal/controller/postgrescluster/pgbackrest.go:2973.8,2975.3 1 0
github.com/crunchydata/postgres-operator/internal/controller/postgrescluster/pgbackrest.go:2977.2,2977.23 1 0
github.com/crunchydata/postgres-operator/internal/controller/postgrescluster/pgbackrest.go:2985.85,2994.40 2 0
github.com/crunchydata/postgres-operator/internal/controller/postgrescluster/pgbackrest.go:2994.40,2996.33 2 0
github.com/crunchydata/postgres-operator/internal/controller/postgrescluster/pgbackrest.go:2996.33,2998.40 1 0
github.com/crunchydata/postgres-operator/internal/controller/postgrescluster/pgbackrest.go:2998.40,3001.10 3 0
github.com/crunchydata/postgres-operator/internal/controller/postgrescluster/pgbackrest.go:3005.4,3005.55 1 0
github.com/crunchydata/postgres-operator/internal/controller/postgrescluster/pgbackrest.go:3005.55,3012.31 2 0
github.com/crunchydata/postgres-operator/internal/controller/postgrescluster/pgbackrest.go:3012.31,3015.6 2 0
github.com/crunchydata/postgres-operator/internal/controller/postgrescluster/pgbackrest.go:3018.5,3018.59 1 0
github.com/crunchydata/postgres-operator/internal/controller/postgrescluster/pgbackrest.go:3018.59,3020.6 1 0
github.com/crunchydata/postgres-operator/internal/controller/postgrescluster/pgbackrest.go:3024.5,3024.67 1 0
github.com/crunchydata/postgres-operator/internal/controller/postgrescluster/pgbackrest.go:3024.67,3027.6 2 0
github.com/crunchydata/postgres-operator/internal/controller/postgrescluster/pgbackrest.go:3028.5,3031.10 3 0
github.com/crunchydata/postgres-operator/internal/controller/postgrescluster/pgbackrest.go:3034.3,3034.23 1 0
github.com/crunchydata/postgres-operator/internal/controller/postgrescluster/pgbackrest.go:3034.23,3040.4 1 0
github.com/crunchydata/postgres-operator/internal/controller/postgrescluster/pgbackrest.go:3047.2,3047.43 1 0
github.com/crunchydata/postgres-operator/internal/controller/postgrescluster/pgbackrest.go:3047.43,3049.33 2 0
github.com/crunchydata/postgres-operator/internal/controller/postgrescluster/pgbackrest.go:3049.33,3051.63 1 0
github.com/crunchydata/postgres-operator/internal/controller/postgrescluster/pgbackrest.go:3051.63,3057.77 2 0
github.com/crunchydata/postgres-operator/internal/controller/postgrescluster/pgbackrest.go:3057.77,3059.6 1 0
github.com/crunchydata/postgres-operator/internal/controller/postgrescluster/pgbackrest.go:3065.5,3065.35 1 0
github.com/crunchydata/postgres-operator/internal/controller/postgrescluster/pgbackrest.go:3065.35,3069.6 3 0
github.com/crunchydata/postgres-operator/internal/controller/postgrescluster/pgbackrest.go:3071.5,3072.10 2 0
github.com/crunchydata/postgres-operator/internal/controller/postgrescluster/pgbackrest.go:3075.3,3075.23 1 0
github.com/crunchydata/postgres-operator/internal/controller/postgrescluster/pgbackrest.go:3075.23,3080.4 1 0
github.com/crunchydata/postgres-operator/internal/controller/postgrescluster/pgbackrest.go:3084.2,3084.52 1 0
github.com/crunchydata/postgres-operator/internal/controller/postgrescluster/pgbackrest.go:3084.52,3086.3 1 0
github.com/crunchydata/postgres-operator/internal/controller/postgrescluster/pgbackrest.go:3088.2,3088.26 1 0
github.com/crunchydata/postgres-operator/internal/controller/postgrescluster/pgbackrest.go:3096.8,3101.61 3 0
github.com/crunchydata/postgres-operator/internal/controller/postgrescluster/pgbackrest.go:3101.61,3104.34 1 0
github.com/crunchydata/postgres-operator/internal/controller/postgrescluster/pgbackrest.go:3104.34,3106.40 1 0
github.com/crunchydata/postgres-operator/internal/controller/postgrescluster/pgbackrest.go:3106.40,3108.65 1 0
github.com/crunchydata/postgres-operator/internal/controller/postgrescluster/pgbackrest.go:3108.65,3111.6 2 0
github.com/crunchydata/postgres-operator/internal/controller/postgrescluster/pgbackrest.go:3113.4,3113.48 1 0
github.com/crunchydata/postgres-operator/internal/controller/postgrescluster/pgbackrest.go:3113.48,3115.81 1 0
github.com/crunchydata/postgres-operator/internal/controller/postgrescluster/pgbackrest.go:3115.81,3118.6 2 0
github.com/crunchydata/postgres-operator/internal/controller/postgrescluster/pgbackrest.go:3120.4,3120.47 1 0
github.com/crunchydata/postgres-operator/internal/controller/postgrescluster/pgbackrest.go:3120.47,3122.79 1 0
github.com/crunchydata/postgres-operator/internal/controller/postgrescluster/pgbackrest.go:3122.79,3125.6 2 0
github.com/crunchydata/postgres-operator/internal/controller/postgrescluster/pgbackrest.go:3129.2,3129.16 1 0
github.com/crunchydata/postgres-operator/internal/controller/postgrescluster/pgbackrest.go:3140.9,3155.35 5 0
github.com/crunchydata/postgres-operator/internal/controller/postgrescluster/pgbackrest.go:3155.35,3157.44 1 0
github.com/crunchydata/postgres-operator/internal/controller/postgrescluster/pgbackrest.go:3157.44,3158.12 1 0
github.com/crunchydata/postgres-operator/internal/controller/postgrescluster/pgbackrest.go:3161.3,3163.65 1 0
github.com/crunchydata/postgres-operator/internal/controller/postgrescluster/pgbackrest.go:3163.65,3168.4 1 0
github.com/crunchydata/postgres-operator/internal/controller/postgrescluster/pgbackrest.go:3171.2,3175.43 3 0
github.com/crunchydata/postgres-operator/internal/controller/postgrescluster/pgbackrest.go:3175.43,3177.3 1 0
github.com/crunchydata/postgres-operator/internal/controller/postgrescluster/pgbackrest.go:3181.2,3183.66 2 0
github.com/crunchydata/postgres-operator/internal/controller/postgrescluster/pgbackrest.go:3183.66,3185.3 1 0
github.com/crunchydata/postgres-operator/internal/controller/postgrescluster/pgbackrest.go:3192.2,3193.61 2 0
github.com/crunchydata/postgres-operator/internal/controller/postgrescluster/pgbackrest.go:3193.61,3194.35 1 0
github.com/crunchydata/postgres-operator/internal/controller/postgrescluster/pgbackrest.go:3194.35,3197.4 2 0
github.com/crunchydata/postgres-operator/internal/controller/postgrescluster/pgbackrest.go:3199.2,3199.18 1 0
github.com/crunchydata/postgres-operator/internal/controller/postgrescluster/pgbackrest.go:3199.18,3204.3 2 0
github.com/crunchydata/postgres-operator/internal/controller/postgrescluster/pgbackrest.go:3205.2,3205.20 1 0
github.com/crunchydata/postgres-operator/internal/controller/postgrescluster/pgbackrest.go:3205.20,3209.3 2 0
github.com/crunchydata/postgres-operator/internal/controller/postgrescluster/pgbackrest.go:3212.2,3250.16 8 0
github.com/crunchydata/postgres-operator/internal/controller/postgrescluster/pgbackrest.go:3250.16,3252.3 1 0
github.com/crunchydata/postgres-operator/internal/controller/postgrescluster/pgbackrest.go:3253.2,3253.16 1 0
github.com/crunchydata/postgres-operator/internal/controller/postgrescluster/pgbackrest.go:3253.16,3258.3 2 0
github.com/crunchydata/postgres-operator/internal/controller/postgrescluster/pgbackrest.go:3259.2,3259.12 1 0
github.com/crunchydata/postgres-operator/internal/controller/postgrescluster/pgbackrest.go:3278.3,3281.9 2 0
github.com/crunchydata/postgres-operator/internal/controller/postgrescluster/pgbackrest.go:3282.18,3282.18 0 0
github.com/crunchydata/postgres-operator/internal/controller/postgrescluster/pgbackrest.go:3283.17,3285.38 2 0
github.com/crunchydata/postgres-operator/internal/controller/postgrescluster/pgbackrest.go:3286.38,3287.38 1 0
github.com/crunchydata/postgres-operator/internal/controller/postgrescluster/pgbackrest.go:3288.40,3295.39 1 0
github.com/crunchydata/postgres-operator/internal/controller/postgrescluster/pgbackrest.go:3296.10,3297.39 1 0
github.com/crunchydata/postgres-operator/internal/controller/postgrescluster/pgbackrest.go:3299.2,3299.60 1 0
github.com/crunchydata/postgres-operator/internal/controller/postgrescluster/pgbackrest.go:3313.3,3332.48 6 0
github.com/crunchydata/postgres-operator/internal/controller/postgrescluster/pgbackrest.go:3332.48,3334.3 1 0
github.com/crunchydata/postgres-operator/internal/controller/postgrescluster/pgbackrest.go:3336.2,3340.90 2 0
github.com/crunchydata/postgres-operator/internal/controller/postgrescluster/pgbackrest.go:3343.93,3345.38 2 0
github.com/crunchydata/postgres-operator/internal/controller/postgrescluster/pgbackrest.go:3345.38,3346.60 1 0
github.com/crunchydata/postgres-operator/internal/controller/postgrescluster/pgbackrest.go:3346.60,3348.4 1 0
github.com/crunchydata/postgres-operator/internal/controller/postgrescluster/pgbackrest.go:3350.2,3350.14 1 0
github.com/crunchydata/postgres-operator/internal/controller/postgrescluster/pgbackrest.go:3359.71,3363.63 2 4
github.com/crunchydata/postgres-operator/internal/controller/postgrescluster/pgbackrest.go:3363.63,3368.3 1 2
github.com/crunchydata/postgres-operator/internal/controller/postgrescluster/pgbackrest.go:3368.8,3368.103 1 2
github.com/crunchydata/postgres-operator/internal/controller/postgrescluster/pgbackrest.go:3368.103,3370.3 1 1
github.com/crunchydata/postgres-operator/internal/controller/postgrescluster/pgbackrest.go:3371.2,3371.21 1 4
github.com/crunchydata/postgres-operator/internal/controller/postgrescluster/pgbouncer.go:37.9,44.16 3 0
github.com/crunchydata/postgres-operator/internal/controller/postgrescluster/pgbouncer.go:44.16,46.3 1 0
github.com/crunchydata/postgres-operator/internal/controller/postgrescluster/pgbouncer.go:47.2,48.16 2 0
github.com/crunchydata/postgres-operator/internal/controller/postgrescluster/pgbouncer.go:48.16,51.3 2 0
github.com/crunchydata/postgres-operator/internal/controller/postgrescluster/pgbouncer.go:52.2,52.16 1 0
github.com/crunchydata/postgres-operator/internal/controller/postgrescluster/pgbouncer.go:52.16,54.3 1 0
github.com/crunchydata/postgres-operator/internal/controller/postgrescluster/pgbouncer.go:55.2,55.16 1 0
github.com/crunchydata/postgres-operator/internal/controller/postgrescluster/pgbouncer.go:55.16,57.3 1 0
github.com/crunchydata/postgres-operator/internal/controller/postgrescluster/pgbouncer.go:58.2,58.16 1 0
github.com/crunchydata/postgres-operator/internal/controller/postgrescluster/pgbouncer.go:58.16,60.3 1 0
github.com/crunchydata/postgres-operator/internal/controller/postgrescluster/pgbouncer.go:61.2,61.12 1 0
github.com/crunchydata/postgres-operator/internal/controller/postgrescluster/pgbouncer.go:68.67,71.70 2 0
github.com/crunchydata/postgres-operator/internal/controller/postgrescluster/pgbouncer.go:71.70,73.3 1 0
github.com/crunchydata/postgres-operator/internal/controller/postgrescluster/pgbouncer.go:75.2,75.55 1 0
github.com/crunchydata/postgres-operator/internal/controller/postgrescluster/pgbouncer.go:75.55,76.76 1 0
github.com/crunchydata/postgres-operator/internal/controller/postgrescluster/pgbouncer.go:76.76,78.4 1 0
github.com/crunchydata/postgres-operator/internal/controller/postgrescluster/pgbouncer.go:81.2,81.16 1 0
github.com/crunchydata/postgres-operator/internal/controller/postgrescluster/pgbouncer.go:92.30,96.70 3 0
github.com/crunchydata/postgres-operator/internal/controller/postgrescluster/pgbouncer.go:96.70,101.17 3 0
github.com/crunchydata/postgres-operator/internal/controller/postgrescluster/pgbouncer.go:101.17,103.4 1 0
github.com/crunchydata/postgres-operator/internal/controller/postgrescluster/pgbouncer.go:104.3,104.41 1 0
github.com/crunchydata/postgres-operator/internal/controller/postgrescluster/pgbouncer.go:107.2,120.16 4 0
github.com/crunchydata/postgres-operator/internal/controller/postgrescluster/pgbouncer.go:120.16,122.3 1 0
github.com/crunchydata/postgres-operator/internal/controller/postgrescluster/pgbouncer.go:124.2,124.63 1 0
github.com/crunchydata/postgres-operator/internal/controller/postgrescluster/pgbouncer.go:124.63,126.3 1 0
github.com/crunchydata/postgres-operator/internal/controller/postgrescluster/pgbouncer.go:128.2,128.68 1 0
github.com/crunchydata/postgres-operator/internal/controller/postgrescluster/pgbouncer.go:128.68,135.3 2 0
github.com/crunchydata/postgres-operator/internal/controller/postgrescluster/pgbouncer.go:136.2,136.16 1 0
github.com/crunchydata/postgres-operator/internal/controller/postgrescluster/pgbouncer.go:136.16,138.3 1 0
github.com/crunchydata/postgres-operator/internal/controller/postgrescluster/pgbouncer.go:140.2,140.23 1 0
github.com/crunchydata/postgres-operator/internal/controller/postgrescluster/pgbouncer.go:150.9,156.48 2 0
github.com/crunchydata/postgres-operator/internal/controller/postgrescluster/pgbouncer.go:156.48,158.50 2 0
github.com/crunchydata/postgres-operator/internal/controller/postgrescluster/pgbouncer.go:158.50,160.9 2 0
github.com/crunchydata/postgres-operator/internal/controller/postgrescluster/pgbouncer.go:163.2,163.16 1 0
github.com/crunchydata/postgres-operator/internal/controller/postgrescluster/pgbouncer.go:163.16,165.3 1 0
github.com/crunchydata/postgres-operator/internal/controller/postgrescluster/pgbouncer.go:170.2,170.68 1 0
github.com/crunchydata/postgres-operator/internal/controller/postgrescluster/pgbouncer.go:170.68,172.3 1 0
github.com/crunchydata/postgres-operator/internal/controller/postgrescluster/pgbouncer.go:173.2,173.70 1 0
github.com/crunchydata/postgres-operator/internal/controller/postgrescluster/pgbouncer.go:173.70,175.68 1 0
github.com/crunchydata/postgres-operator/internal/controller/postgrescluster/pgbouncer.go:175.68,177.4 1 0
github.com/crunchydata/postgres-operator/internal/controller/postgrescluster/pgbouncer.go:182.2,182.59 1 0
github.com/crunchydata/postgres-operator/internal/controller/postgrescluster/pgbouncer.go:182.59,187.11 1 0
github.com/crunchydata/postgres-operator/internal/controller/postgrescluster/pgbouncer.go:187.11,189.18 2 0
github.com/crunchydata/postgres-operator/internal/controller/postgrescluster/pgbouncer.go:189.18,191.5 1 0
github.com/crunchydata/postgres-operator/internal/controller/postgrescluster/pgbouncer.go:192.4,192.14 1 0
github.com/crunchydata/postgres-operator/internal/controller/postgrescluster/pgbouncer.go:195.2,195.16 1 0
github.com/crunchydata/postgres-operator/internal/controller/postgrescluster/pgbouncer.go:195.16,197.3 1 0
github.com/crunchydata/postgres-operator/internal/controller/postgrescluster/pgbouncer.go:199.2,199.67 1 0
github.com/crunchydata/postgres-operator/internal/controller/postgrescluster/pgbouncer.go:199.67,205.3 1 0
github.com/crunchydata/postgres-operator/internal/controller/postgrescluster/pgbouncer.go:210.2,210.16 1 0
github.com/crunchydata/postgres-operator/internal/controller/postgrescluster/pgbouncer.go:210.16,212.115 2 0
github.com/crunchydata/postgres-operator/internal/controller/postgrescluster/pgbouncer.go:212.115,214.4 1 0
github.com/crunchydata/postgres-operator/internal/controller/postgrescluster/pgbouncer.go:216.2,216.16 1 0
github.com/crunchydata/postgres-operator/internal/controller/postgrescluster/pgbouncer.go:216.16,218.3 1 0
github.com/crunchydata/postgres-operator/internal/controller/postgrescluster/pgbouncer.go:220.2,220.12 1 0
github.com/crunchydata/postgres-operator/internal/controller/postgrescluster/pgbouncer.go:230.27,234.39 3 0
github.com/crunchydata/postgres-operator/internal/controller/postgrescluster/pgbouncer.go:234.39,236.3 1 0
github.com/crunchydata/postgres-operator/internal/controller/postgrescluster/pgbouncer.go:238.2,238.70 1 0
github.com/crunchydata/postgres-operator/internal/controller/postgrescluster/pgbouncer.go:238.70,240.17 1 0
github.com/crunchydata/postgres-operator/internal/controller/postgrescluster/pgbouncer.go:240.17,242.4 1 0
github.com/crunchydata/postgres-operator/internal/controller/postgrescluster/pgbouncer.go:243.3,243.41 1 0
github.com/crunchydata/postgres-operator/internal/controller/postgrescluster/pgbouncer.go:246.2,252.16 5 0
github.com/crunchydata/postgres-operator/internal/controller/postgrescluster/pgbouncer.go:252.16,254.3 1 0
github.com/crunchydata/postgres-operator/internal/controller/postgrescluster/pgbouncer.go:256.2,267.16 3 0
github.com/crunchydata/postgres-operator/internal/controller/postgrescluster/pgbouncer.go:267.16,269.3 1 0
github.com/crunchydata/postgres-operator/internal/controller/postgrescluster/pgbouncer.go:270.2,270.16 1 0
github.com/crunchydata/postgres-operator/internal/controller/postgrescluster/pgbouncer.go:270.16,272.3 1 0
github.com/crunchydata/postgres-operator/internal/controller/postgrescluster/pgbouncer.go:274.2,274.20 1 0
github.com/crunchydata/postgres-operator/internal/controller/postgrescluster/pgbouncer.go:281.3,285.70 3 11
github.com/crunchydata/postgres-operator/internal/controller/postgrescluster/pgbouncer.go:285.70,287.3 1 2
github.com/crunchydata/postgres-operator/internal/controller/postgrescluster/pgbouncer.go:289.2,296.63 3 9
github.com/crunchydata/postgres-operator/internal/controller/postgrescluster/pgbouncer.go:296.63,301.3 2 7
github.com/crunchydata/postgres-operator/internal/controller/postgrescluster/pgbouncer.go:304.2,328.63 4 9
github.com/crunchydata/postgres-operator/internal/controller/postgrescluster/pgbouncer.go:328.63,330.3 1 2
github.com/crunchydata/postgres-operator/internal/controller/postgrescluster/pgbouncer.go:330.8,332.27 2 7
github.com/crunchydata/postgres-operator/internal/controller/postgrescluster/pgbouncer.go:332.27,333.56 1 3
github.com/crunchydata/postgres-operator/internal/controller/postgrescluster/pgbouncer.go:333.56,343.5 2 1
github.com/crunchydata/postgres-operator/internal/controller/postgrescluster/pgbouncer.go:344.4,344.41 1 2
github.com/crunchydata/postgres-operator/internal/controller/postgrescluster/pgbouncer.go:346.3,350.33 3 6
github.com/crunchydata/postgres-operator/internal/controller/postgrescluster/pgbouncer.go:350.33,352.4 1 0
github.com/crunchydata/postgres-operator/internal/controller/postgrescluster/pgbouncer.go:353.3,353.31 1 6
github.com/crunchydata/postgres-operator/internal/controller/postgrescluster/pgbouncer.go:353.31,355.4 1 0
github.com/crunchydata/postgres-operator/internal/controller/postgrescluster/pgbouncer.go:357.2,361.27 3 8
github.com/crunchydata/postgres-operator/internal/controller/postgrescluster/pgbouncer.go:370.28,373.30 2 0
github.com/crunchydata/postgres-operator/internal/controller/postgrescluster/pgbouncer.go:373.30,378.17 3 0
github.com/crunchydata/postgres-operator/internal/controller/postgrescluster/pgbouncer.go:378.17,380.4 1 0
github.com/crunchydata/postgres-operator/internal/controller/postgrescluster/pgbouncer.go:381.3,381.41 1 0
github.com/crunchydata/postgres-operator/internal/controller/postgrescluster/pgbouncer.go:384.2,384.16 1 0
github.com/crunchydata/postgres-operator/internal/controller/postgrescluster/pgbouncer.go:384.16,386.3 1 0
github.com/crunchydata/postgres-operator/internal/controller/postgrescluster/pgbouncer.go:387.2,387.21 1 0
github.com/crunchydata/postgres-operator/internal/controller/postgrescluster/pgbouncer.go:396.37,400.70 3 6
github.com/crunchydata/postgres-operator/internal/controller/postgrescluster/pgbouncer.go:400.70,402.3 1 2
github.com/crunchydata/postgres-operator/internal/controller/postgrescluster/pgbouncer.go:404.2,436.60 6 4
github.com/crunchydata/postgres-operator/internal/controller/postgrescluster/pgbouncer.go:436.60,438.3 1 0
github.com/crunchydata/postgres-operator/internal/controller/postgrescluster/pgbouncer.go:438.8,440.3 1 4
github.com/crunchydata/postgres-operator/internal/controller/postgrescluster/pgbouncer.go:443.2,463.71 8 4
github.com/crunchydata/postgres-operator/internal/controller/postgrescluster/pgbouncer.go:463.71,467.3 1 3
github.com/crunchydata/postgres-operator/internal/controller/postgrescluster/pgbouncer.go:471.2,489.52 7 4
github.com/crunchydata/postgres-operator/internal/controller/postgrescluster/pgbouncer.go:489.52,491.3 1 0
github.com/crunchydata/postgres-operator/internal/controller/postgrescluster/pgbouncer.go:492.2,501.16 4 4
github.com/crunchydata/postgres-operator/internal/controller/postgrescluster/pgbouncer.go:501.16,503.3 1 4
github.com/crunchydata/postgres-operator/internal/controller/postgrescluster/pgbouncer.go:506.2,509.114 2 4
github.com/crunchydata/postgres-operator/internal/controller/postgrescluster/pgbouncer.go:509.114,512.33 2 1
github.com/crunchydata/postgres-operator/internal/controller/postgrescluster/pgbouncer.go:512.33,515.4 1 0
github.com/crunchydata/postgres-operator/internal/controller/postgrescluster/pgbouncer.go:518.2,518.26 1 4
github.com/crunchydata/postgres-operator/internal/controller/postgrescluster/pgbouncer.go:530.9,535.15 2 0
github.com/crunchydata/postgres-operator/internal/controller/postgrescluster/pgbouncer.go:535.15,543.43 4 0
github.com/crunchydata/postgres-operator/internal/controller/postgrescluster/pgbouncer.go:543.43,544.70 1 0
github.com/crunchydata/postgres-operator/internal/controller/postgrescluster/pgbouncer.go:544.70,546.5 1 0
github.com/crunchydata/postgres-operator/internal/controller/postgrescluster/pgbouncer.go:549.3,549.23 1 0
github.com/crunchydata/postgres-operator/internal/controller/postgrescluster/pgbouncer.go:549.23,551.4 1 0
github.com/crunchydata/postgres-operator/internal/controller/postgrescluster/pgbouncer.go:551.9,561.4 1 0
github.com/crunchydata/postgres-operator/internal/controller/postgrescluster/pgbouncer.go:564.2,564.30 1 0
github.com/crunchydata/postgres-operator/internal/controller/postgrescluster/pgbouncer.go:564.30,569.17 3 0
github.com/crunchydata/postgres-operator/internal/controller/postgrescluster/pgbouncer.go:569.17,571.4 1 0
github.com/crunchydata/postgres-operator/internal/controller/postgrescluster/pgbouncer.go:572.3,572.36 1 0
github.com/crunchydata/postgres-operator/internal/controller/postgrescluster/pgbouncer.go:575.2,575.16 1 0
github.com/crunchydata/postgres-operator/internal/controller/postgrescluster/pgbouncer.go:575.16,577.3 1 0
github.com/crunchydata/postgres-operator/internal/controller/postgrescluster/pgbouncer.go:578.2,578.12 1 0
github.com/crunchydata/postgres-operator/internal/controller/postgrescluster/pgbouncer.go:590.9,591.68 1 0
github.com/crunchydata/postgres-operator/internal/controller/postgrescluster/pgbouncer.go:591.68,594.17 3 0
github.com/crunchydata/postgres-operator/internal/controller/postgrescluster/pgbouncer.go:594.17,596.4 1 0
github.com/crunchydata/postgres-operator/internal/controller/postgrescluster/pgbouncer.go:597.3,597.36 1 0
github.com/crunchydata/postgres-operator/internal/controller/postgrescluster/pgbouncer.go:600.2,600.70 1 0
github.com/crunchydata/postgres-operator/internal/controller/postgrescluster/pgbouncer.go:600.70,602.3 1 0
github.com/crunchydata/postgres-operator/internal/controller/postgrescluster/pgbouncer.go:604.2,604.50 1 0
github.com/crunchydata/postgres-operator/internal/controller/postgrescluster/pgbouncer.go:604.50,607.3 1 0
github.com/crunchydata/postgres-operator/internal/controller/postgrescluster/pgbouncer.go:608.2,615.31 3 0
github.com/crunchydata/postgres-operator/internal/controller/postgrescluster/pgbouncer.go:615.31,617.3 1 0
github.com/crunchydata/postgres-operator/internal/controller/postgrescluster/pgbouncer.go:619.2,631.16 6 0
github.com/crunchydata/postgres-operator/internal/controller/postgrescluster/pgbouncer.go:631.16,633.3 1 0
github.com/crunchydata/postgres-operator/internal/controller/postgrescluster/pgbouncer.go:635.2,635.16 1 0
github.com/crunchydata/postgres-operator/internal/controller/postgrescluster/pgbouncer.go:635.16,637.3 1 0
github.com/crunchydata/postgres-operator/internal/controller/postgrescluster/pgbouncer.go:638.2,638.12 1 0
github.com/crunchydata/postgres-operator/internal/controller/postgrescluster/pgmonitor.go:43.41,55.51 3 1
github.com/crunchydata/postgres-operator/internal/controller/postgrescluster/pgmonitor.go:55.51,57.3 1 0
github.com/crunchydata/postgres-operator/internal/controller/postgrescluster/pgmonitor.go:66.2,66.100 1 1
github.com/crunchydata/postgres-operator/internal/controller/postgrescluster/pgmonitor.go:66.100,68.17 2 0
github.com/crunchydata/postgres-operator/internal/controller/postgrescluster/pgmonitor.go:68.17,70.4 1 0
github.com/crunchydata/postgres-operator/internal/controller/postgrescluster/pgmonitor.go:72.3,72.58 1 0
github.com/crunchydata/postgres-operator/internal/controller/postgrescluster/pgmonitor.go:72.58,74.4 1 0
github.com/crunchydata/postgres-operator/internal/controller/postgrescluster/pgmonitor.go:74.9,82.4 1 0
github.com/crunchydata/postgres-operator/internal/controller/postgrescluster/pgmonitor.go:84.3,84.72 1 0
github.com/crunchydata/postgres-operator/internal/controller/postgrescluster/pgmonitor.go:84.72,85.56 1 0
github.com/crunchydata/postgres-operator/internal/controller/postgrescluster/pgmonitor.go:85.56,87.5 1 0
github.com/crunchydata/postgres-operator/internal/controller/postgrescluster/pgmonitor.go:91.3,91.23 1 0
github.com/crunchydata/postgres-operator/internal/controller/postgrescluster/pgmonitor.go:91.23,93.4 1 0
github.com/crunchydata/postgres-operator/internal/controller/postgrescluster/pgmonitor.go:99.2,99.68 1 1
github.com/crunchydata/postgres-operator/internal/controller/postgrescluster/pgmonitor.go:99.68,101.3 1 0
github.com/crunchydata/postgres-operator/internal/controller/postgrescluster/pgmonitor.go:103.2,103.102 1 1
github.com/crunchydata/postgres-operator/internal/controller/postgrescluster/pgmonitor.go:103.102,104.68 1 1
github.com/crunchydata/postgres-operator/internal/controller/postgrescluster/pgmonitor.go:104.68,106.4 1 2
github.com/crunchydata/postgres-operator/internal/controller/postgrescluster/pgmonitor.go:109.2,109.59 1 1
github.com/crunchydata/postgres-operator/internal/controller/postgrescluster/pgmonitor.go:109.59,114.11 1 1
github.com/crunchydata/postgres-operator/internal/controller/postgrescluster/pgmonitor.go:114.11,116.18 2 1
github.com/crunchydata/postgres-operator/internal/controller/postgrescluster/pgmonitor.go:116.18,119.5 1 1
github.com/crunchydata/postgres-operator/internal/controller/postgrescluster/pgmonitor.go:120.4,120.14 1 1
github.com/crunchydata/postgres-operator/internal/controller/postgrescluster/pgmonitor.go:124.2,124.16 1 1
github.com/crunchydata/postgres-operator/internal/controller/postgrescluster/pgmonitor.go:124.16,126.3 1 0
github.com/crunchydata/postgres-operator/internal/controller/postgrescluster/pgmonitor.go:128.2,128.65 1 1
github.com/crunchydata/postgres-operator/internal/controller/postgrescluster/pgmonitor.go:128.65,134.17 2 1
github.com/crunchydata/postgres-operator/internal/controller/postgrescluster/pgmonitor.go:134.17,136.56 1 1
github.com/crunchydata/postgres-operator/internal/controller/postgrescluster/pgmonitor.go:136.56,138.5 1 1
github.com/crunchydata/postgres-operator/internal/controller/postgrescluster/pgmonitor.go:140.3,140.17 1 1
github.com/crunchydata/postgres-operator/internal/controller/postgrescluster/pgmonitor.go:140.17,142.4 1 1
github.com/crunchydata/postgres-operator/internal/controller/postgrescluster/pgmonitor.go:145.2,145.12 1 1
github.com/crunchydata/postgres-operator/internal/controller/postgrescluster/pgmonitor.go:152.60,157.39 3 0
github.com/crunchydata/postgres-operator/internal/controller/postgrescluster/pgmonitor.go:157.39,159.3 1 0
github.com/crunchydata/postgres-operator/internal/controller/postgrescluster/pgmonitor.go:165.2,165.102 1 0
github.com/crunchydata/postgres-operator/internal/controller/postgrescluster/pgmonitor.go:165.102,166.17 1 0
github.com/crunchydata/postgres-operator/internal/controller/postgrescluster/pgmonitor.go:166.17,168.4 1 0
github.com/crunchydata/postgres-operator/internal/controller/postgrescluster/pgmonitor.go:169.3,169.41 1 0
github.com/crunchydata/postgres-operator/internal/controller/postgrescluster/pgmonitor.go:172.2,188.26 6 0
github.com/crunchydata/postgres-operator/internal/controller/postgrescluster/pgmonitor.go:188.26,191.3 2 0
github.com/crunchydata/postgres-operator/internal/controller/postgrescluster/pgmonitor.go:194.2,194.39 1 0
github.com/crunchydata/postgres-operator/internal/controller/postgrescluster/pgmonitor.go:194.39,196.17 2 0
github.com/crunchydata/postgres-operator/internal/controller/postgrescluster/pgmonitor.go:196.17,198.4 1 0
github.com/crunchydata/postgres-operator/internal/controller/postgrescluster/pgmonitor.go:199.3,201.32 2 0
github.com/crunchydata/postgres-operator/internal/controller/postgrescluster/pgmonitor.go:208.2,208.39 1 0
github.com/crunchydata/postgres-operator/internal/controller/postgrescluster/pgmonitor.go:208.39,210.17 2 0
github.com/crunchydata/postgres-operator/internal/controller/postgrescluster/pgmonitor.go:210.17,212.4 1 0
github.com/crunchydata/postgres-operator/internal/controller/postgrescluster/pgmonitor.go:213.3,213.45 1 0
github.com/crunchydata/postgres-operator/internal/controller/postgrescluster/pgmonitor.go:216.2,217.16 2 0
github.com/crunchydata/postgres-operator/internal/controller/postgrescluster/pgmonitor.go:217.16,219.3 1 0
github.com/crunchydata/postgres-operator/internal/controller/postgrescluster/pgmonitor.go:220.2,220.16 1 0
github.com/crunchydata/postgres-operator/internal/controller/postgrescluster/pgmonitor.go:220.16,222.3 1 0
github.com/crunchydata/postgres-operator/internal/controller/postgrescluster/pgmonitor.go:224.2,224.17 1 0
github.com/crunchydata/postgres-operator/internal/controller/postgrescluster/pgmonitor.go:236.62,238.101 1 11
github.com/crunchydata/postgres-operator/internal/controller/postgrescluster/pgmonitor.go:238.101,240.3 1 1
github.com/crunchydata/postgres-operator/internal/controller/postgrescluster/pgmonitor.go:242.2,250.9 4 10
github.com/crunchydata/postgres-operator/internal/controller/postgrescluster/pgmonitor.go:251.88,253.49 1 0
github.com/crunchydata/postgres-operator/internal/controller/postgrescluster/pgmonitor.go:254.88,257.49 1 0
github.com/crunchydata/postgres-operator/internal/controller/postgrescluster/pgmonitor.go:260.25,262.40 1 4
github.com/crunchydata/postgres-operator/internal/controller/postgrescluster/pgmonitor.go:263.10,264.62 1 6
github.com/crunchydata/postgres-operator/internal/controller/postgrescluster/pgmonitor.go:267.2,324.67 6 10
github.com/crunchydata/postgres-operator/internal/controller/postgrescluster/pgmonitor.go:324.67,335.3 2 9
github.com/crunchydata/postgres-operator/internal/controller/postgrescluster/pgmonitor.go:337.2,337.23 1 10
github.com/crunchydata/postgres-operator/internal/controller/postgrescluster/pgmonitor.go:337.23,365.3 7 4
github.com/crunchydata/postgres-operator/internal/controller/postgrescluster/pgmonitor.go:367.2,371.58 3 10
github.com/crunchydata/postgres-operator/internal/controller/postgrescluster/pgmonitor.go:376.63,378.57 1 0
github.com/crunchydata/postgres-operator/internal/controller/postgrescluster/pgmonitor.go:378.57,380.3 1 0
github.com/crunchydata/postgres-operator/internal/controller/postgrescluster/pgmonitor.go:382.2,384.39 3 0
github.com/crunchydata/postgres-operator/internal/controller/postgrescluster/pgmonitor.go:384.39,386.3 1 0
github.com/crunchydata/postgres-operator/internal/controller/postgrescluster/pgmonitor.go:388.2,390.69 1 0
github.com/crunchydata/postgres-operator/internal/controller/postgrescluster/pgmonitor.go:390.69,393.17 1 0
github.com/crunchydata/postgres-operator/internal/controller/postgrescluster/pgmonitor.go:393.17,395.4 1 0
github.com/crunchydata/postgres-operator/internal/controller/postgrescluster/pgmonitor.go:396.3,396.41 1 0
github.com/crunchydata/postgres-operator/internal/controller/postgrescluster/pgmonitor.go:399.2,427.16 6 0
github.com/crunchydata/postgres-operator/internal/controller/postgrescluster/pgmonitor.go:427.16,429.3 1 0
github.com/crunchydata/postgres-operator/internal/controller/postgrescluster/pgmonitor.go:430.2,430.16 1 0
github.com/crunchydata/postgres-operator/internal/controller/postgrescluster/pgmonitor.go:430.16,432.3 1 0
github.com/crunchydata/postgres-operator/internal/controller/postgrescluster/pgmonitor.go:434.2,434.17 1 0
github.com/crunchydata/postgres-operator/internal/controller/postgrescluster/pgmonitor.go:439.63,443.39 3 0
github.com/crunchydata/postgres-operator/internal/controller/postgrescluster/pgmonitor.go:443.39,445.3 1 0
github.com/crunchydata/postgres-operator/internal/controller/postgrescluster/pgmonitor.go:447.2,447.101 1 0
github.com/crunchydata/postgres-operator/internal/controller/postgrescluster/pgmonitor.go:447.101,450.17 1 0
github.com/crunchydata/postgres-operator/internal/controller/postgrescluster/pgmonitor.go:450.17,452.4 1 0
github.com/crunchydata/postgres-operator/internal/controller/postgrescluster/pgmonitor.go:453.3,453.41 1 0
github.com/crunchydata/postgres-operator/internal/controller/postgrescluster/pgmonitor.go:456.2,474.16 6 0
github.com/crunchydata/postgres-operator/internal/controller/postgrescluster/pgmonitor.go:474.16,476.3 1 0
github.com/crunchydata/postgres-operator/internal/controller/postgrescluster/pgmonitor.go:477.2,477.16 1 0
github.com/crunchydata/postgres-operator/internal/controller/postgrescluster/pgmonitor.go:477.16,479.3 1 0
github.com/crunchydata/postgres-operator/internal/controller/postgrescluster/pgmonitor.go:481.2,481.17 1 0
github.com/crunchydata/postgres-operator/internal/controller/postgrescluster/pki.go:39.3,49.16 6 0
github.com/crunchydata/postgres-operator/internal/controller/postgrescluster/pki.go:49.16,56.29 3 0
github.com/crunchydata/postgres-operator/internal/controller/postgrescluster/pki.go:56.29,59.4 2 0
github.com/crunchydata/postgres-operator/internal/controller/postgrescluster/pki.go:62.2,77.16 6 0
github.com/crunchydata/postgres-operator/internal/controller/postgrescluster/pki.go:77.16,79.3 1 0
github.com/crunchydata/postgres-operator/internal/controller/postgrescluster/pki.go:80.2,80.16 1 0
github.com/crunchydata/postgres-operator/internal/controller/postgrescluster/pki.go:80.16,83.3 2 0
github.com/crunchydata/postgres-operator/internal/controller/postgrescluster/pki.go:84.2,84.16 1 0
github.com/crunchydata/postgres-operator/internal/controller/postgrescluster/pki.go:84.16,87.3 2 0
github.com/crunchydata/postgres-operator/internal/controller/postgrescluster/pki.go:88.2,88.16 1 0
github.com/crunchydata/postgres-operator/internal/controller/postgrescluster/pki.go:88.16,90.3 1 0
github.com/crunchydata/postgres-operator/internal/controller/postgrescluster/pki.go:92.2,92.18 1 0
github.com/crunchydata/postgres-operator/internal/controller/postgrescluster/pki.go:113.3,115.41 1 0
github.com/crunchydata/postgres-operator/internal/controller/postgrescluster/pki.go:115.41,117.3 1 0
github.com/crunchydata/postgres-operator/internal/controller/postgrescluster/pki.go:119.2,129.16 7 0
github.com/crunchydata/postgres-operator/internal/controller/postgrescluster/pki.go:129.16,138.3 4 0
github.com/crunchydata/postgres-operator/internal/controller/postgrescluster/pki.go:140.2,153.16 7 0
github.com/crunchydata/postgres-operator/internal/controller/postgrescluster/pki.go:153.16,155.3 1 0
github.com/crunchydata/postgres-operator/internal/controller/postgrescluster/pki.go:157.2,157.16 1 0
github.com/crunchydata/postgres-operator/internal/controller/postgrescluster/pki.go:157.16,160.3 2 0
github.com/crunchydata/postgres-operator/internal/controller/postgrescluster/pki.go:161.2,161.16 1 0
github.com/crunchydata/postgres-operator/internal/controller/postgrescluster/pki.go:161.16,164.3 2 0
github.com/crunchydata/postgres-operator/internal/controller/postgrescluster/pki.go:165.2,165.16 1 0
github.com/crunchydata/postgres-operator/internal/controller/postgrescluster/pki.go:165.16,168.3 2 0
github.com/crunchydata/postgres-operator/internal/controller/postgrescluster/pki.go:174.2,174.16 1 0
github.com/crunchydata/postgres-operator/internal/controller/postgrescluster/pki.go:174.16,176.3 1 0
github.com/crunchydata/postgres-operator/internal/controller/postgrescluster/pki.go:178.2,178.49 1 0
github.com/crunchydata/postgres-operator/internal/controller/postgrescluster/pki.go:197.3,208.16 6 0
github.com/crunchydata/postgres-operator/internal/controller/postgrescluster/pki.go:208.16,217.3 4 0
github.com/crunchydata/postgres-operator/internal/controller/postgrescluster/pki.go:219.2,219.16 1 0
github.com/crunchydata/postgres-operator/internal/controller/postgrescluster/pki.go:219.16,222.3 2 0
github.com/crunchydata/postgres-operator/internal/controller/postgrescluster/pki.go:223.2,223.16 1 0
github.com/crunchydata/postgres-operator/internal/controller/postgrescluster/pki.go:223.16,226.3 2 0
github.com/crunchydata/postgres-operator/internal/controller/postgrescluster/pki.go:228.2,228.18 1 0
github.com/crunchydata/postgres-operator/internal/controller/postgrescluster/pki.go:233.87,253.2 1 0
github.com/crunchydata/postgres-operator/internal/controller/postgrescluster/pod_disruption_budget.go:29.42,40.2 4 2
github.com/crunchydata/postgres-operator/internal/controller/postgrescluster/pod_disruption_budget.go:49.23,53.25 1 6
github.com/crunchydata/postgres-operator/internal/controller/postgrescluster/pod_disruption_budget.go:53.25,55.3 1 4
github.com/crunchydata/postgres-operator/internal/controller/postgrescluster/pod_disruption_budget.go:59.2,62.18 2 2
github.com/crunchydata/postgres-operator/internal/controller/postgrescluster/pod_disruption_budget.go:62.18,64.3 1 1
github.com/crunchydata/postgres-operator/internal/controller/postgrescluster/pod_disruption_budget.go:67.2,67.53 1 2
github.com/crunchydata/postgres-operator/internal/controller/postgrescluster/postgres.go:47.105,48.17 1 10
github.com/crunchydata/postgres-operator/internal/controller/postgrescluster/postgres.go:48.17,50.3 1 1
github.com/crunchydata/postgres-operator/internal/controller/postgrescluster/postgres.go:52.2,59.31 3 9
github.com/crunchydata/postgres-operator/internal/controller/postgrescluster/postgres.go:59.31,61.3 1 1
github.com/crunchydata/postgres-operator/internal/controller/postgrescluster/postgres.go:61.8,63.3 1 8
github.com/crunchydata/postgres-operator/internal/controller/postgrescluster/postgres.go:65.2,65.29 1 9
github.com/crunchydata/postgres-operator/internal/controller/postgrescluster/postgres.go:65.29,67.3 1 1
github.com/crunchydata/postgres-operator/internal/controller/postgrescluster/postgres.go:68.2,68.25 1 9
github.com/crunchydata/postgres-operator/internal/controller/postgrescluster/postgres.go:68.25,70.3 1 3
github.com/crunchydata/postgres-operator/internal/controller/postgrescluster/postgres.go:71.2,71.27 1 9
github.com/crunchydata/postgres-operator/internal/controller/postgrescluster/postgres.go:71.27,73.34 2 1
github.com/crunchydata/postgres-operator/internal/controller/postgrescluster/postgres.go:73.34,75.4 1 1
github.com/crunchydata/postgres-operator/internal/controller/postgrescluster/postgres.go:76.3,76.23 1 1
github.com/crunchydata/postgres-operator/internal/controller/postgrescluster/postgres.go:79.2,79.15 1 9
github.com/crunchydata/postgres-operator/internal/controller/postgrescluster/postgres.go:89.25,102.56 7 4
github.com/crunchydata/postgres-operator/internal/controller/postgrescluster/postgres.go:102.56,103.34 1 2
github.com/crunchydata/postgres-operator/internal/controller/postgrescluster/postgres.go:103.34,104.23 1 4
github.com/crunchydata/postgres-operator/internal/controller/postgrescluster/postgres.go:104.23,106.5 1 0
github.com/crunchydata/postgres-operator/internal/controller/postgrescluster/postgres.go:106.10,108.5 1 4
github.com/crunchydata/postgres-operator/internal/controller/postgrescluster/postgres.go:113.2,116.34 2 4
github.com/crunchydata/postgres-operator/internal/controller/postgrescluster/postgres.go:116.34,118.3 1 1
github.com/crunchydata/postgres-operator/internal/controller/postgrescluster/postgres.go:120.2,120.15 1 4
github.com/crunchydata/postgres-operator/internal/controller/postgrescluster/postgres.go:131.26,143.77 8 7
github.com/crunchydata/postgres-operator/internal/controller/postgrescluster/postgres.go:143.77,145.3 1 4
github.com/crunchydata/postgres-operator/internal/controller/postgrescluster/postgres.go:148.2,148.50 1 7
github.com/crunchydata/postgres-operator/internal/controller/postgrescluster/postgres.go:148.50,149.39 1 5
github.com/crunchydata/postgres-operator/internal/controller/postgrescluster/postgres.go:149.39,151.4 1 9
github.com/crunchydata/postgres-operator/internal/controller/postgrescluster/postgres.go:155.2,155.30 1 7
github.com/crunchydata/postgres-operator/internal/controller/postgrescluster/postgres.go:155.30,160.47 2 7
github.com/crunchydata/postgres-operator/internal/controller/postgrescluster/postgres.go:160.47,162.73 1 77
github.com/crunchydata/postgres-operator/internal/controller/postgrescluster/postgres.go:162.73,164.5 1 3
github.com/crunchydata/postgres-operator/internal/controller/postgrescluster/postgres.go:166.4,166.20 1 77
github.com/crunchydata/postgres-operator/internal/controller/postgrescluster/postgres.go:171.2,171.63 1 7
github.com/crunchydata/postgres-operator/internal/controller/postgrescluster/postgres.go:171.63,175.41 1 7
github.com/crunchydata/postgres-operator/internal/controller/postgrescluster/postgres.go:175.41,177.4 1 1
github.com/crunchydata/postgres-operator/internal/controller/postgrescluster/postgres.go:179.3,179.50 1 7
github.com/crunchydata/postgres-operator/internal/controller/postgrescluster/postgres.go:183.2,185.15 2 7
github.com/crunchydata/postgres-operator/internal/controller/postgrescluster/postgres.go:193.27,211.21 11 13
github.com/crunchydata/postgres-operator/internal/controller/postgrescluster/postgres.go:211.21,214.3 2 5
github.com/crunchydata/postgres-operator/internal/controller/postgrescluster/postgres.go:217.2,217.39 1 13
github.com/crunchydata/postgres-operator/internal/controller/postgrescluster/postgres.go:217.39,221.27 2 11
github.com/crunchydata/postgres-operator/internal/controller/postgrescluster/postgres.go:221.27,222.30 1 1
github.com/crunchydata/postgres-operator/internal/controller/postgrescluster/postgres.go:223.50,224.49 1 1
github.com/crunchydata/postgres-operator/internal/controller/postgrescluster/postgres.go:228.3,229.17 2 11
github.com/crunchydata/postgres-operator/internal/controller/postgrescluster/postgres.go:229.17,231.4 1 0
github.com/crunchydata/postgres-operator/internal/controller/postgrescluster/postgres.go:232.3,233.32 2 11
github.com/crunchydata/postgres-operator/internal/controller/postgrescluster/postgres.go:240.2,240.39 1 13
github.com/crunchydata/postgres-operator/internal/controller/postgrescluster/postgres.go:240.39,242.17 2 12
github.com/crunchydata/postgres-operator/internal/controller/postgrescluster/postgres.go:242.17,244.4 1 0
github.com/crunchydata/postgres-operator/internal/controller/postgrescluster/postgres.go:245.3,245.45 1 12
github.com/crunchydata/postgres-operator/internal/controller/postgrescluster/postgres.go:250.2,250.29 1 13
github.com/crunchydata/postgres-operator/internal/controller/postgrescluster/postgres.go:250.29,272.3 7 3
github.com/crunchydata/postgres-operator/internal/controller/postgrescluster/postgres.go:275.2,275.70 1 13
github.com/crunchydata/postgres-operator/internal/controller/postgrescluster/postgres.go:275.70,283.30 6 2
github.com/crunchydata/postgres-operator/internal/controller/postgrescluster/postgres.go:283.30,308.4 7 1
github.com/crunchydata/postgres-operator/internal/controller/postgrescluster/postgres.go:311.2,322.20 4 13
github.com/crunchydata/postgres-operator/internal/controller/postgrescluster/postgres.go:328.9,335.16 4 0
github.com/crunchydata/postgres-operator/internal/controller/postgrescluster/postgres.go:335.16,337.3 1 0
github.com/crunchydata/postgres-operator/internal/controller/postgrescluster/postgres.go:339.2,342.10 2 0
github.com/crunchydata/postgres-operator/internal/controller/postgrescluster/postgres.go:342.10,344.3 1 0
github.com/crunchydata/postgres-operator/internal/controller/postgrescluster/postgres.go:348.2,349.31 2 0
github.com/crunchydata/postgres-operator/internal/controller/postgrescluster/postgres.go:349.31,358.37 2 0
github.com/crunchydata/postgres-operator/internal/controller/postgrescluster/postgres.go:358.37,362.4 1 0
github.com/crunchydata/postgres-operator/internal/controller/postgrescluster/postgres.go:362.9,364.4 1 0
github.com/crunchydata/postgres-operator/internal/controller/postgrescluster/postgres.go:365.8,366.43 1 0
github.com/crunchydata/postgres-operator/internal/controller/postgrescluster/postgres.go:366.43,368.4 1 0
github.com/crunchydata/postgres-operator/internal/controller/postgrescluster/postgres.go:371.2,372.68 2 0
github.com/crunchydata/postgres-operator/internal/controller/postgrescluster/postgres.go:372.68,373.75 1 0
github.com/crunchydata/postgres-operator/internal/controller/postgrescluster/postgres.go:373.75,380.4 1 0
github.com/crunchydata/postgres-operator/internal/controller/postgrescluster/postgres.go:386.3,386.40 1 0
github.com/crunchydata/postgres-operator/internal/controller/postgrescluster/postgres.go:386.40,388.4 1 0
github.com/crunchydata/postgres-operator/internal/controller/postgrescluster/postgres.go:388.9,388.96 1 0
github.com/crunchydata/postgres-operator/internal/controller/postgrescluster/postgres.go:388.96,392.4 1 0
github.com/crunchydata/postgres-operator/internal/controller/postgrescluster/postgres.go:394.3,394.79 1 0
github.com/crunchydata/postgres-operator/internal/controller/postgrescluster/postgres.go:398.2,398.59 1 0
github.com/crunchydata/postgres-operator/internal/controller/postgrescluster/postgres.go:398.59,402.11 1 0
github.com/crunchydata/postgres-operator/internal/controller/postgrescluster/postgres.go:402.11,404.34 2 0
github.com/crunchydata/postgres-operator/internal/controller/postgrescluster/postgres.go:404.34,406.5 1 0
github.com/crunchydata/postgres-operator/internal/controller/postgrescluster/postgres.go:407.4,407.14 1 0
github.com/crunchydata/postgres-operator/internal/controller/postgrescluster/postgres.go:411.2,411.63 1 0
github.com/crunchydata/postgres-operator/internal/controller/postgrescluster/postgres.go:411.63,417.3 1 0
github.com/crunchydata/postgres-operator/internal/controller/postgrescluster/postgres.go:422.2,422.16 1 0
github.com/crunchydata/postgres-operator/internal/controller/postgrescluster/postgres.go:422.16,425.3 2 0
github.com/crunchydata/postgres-operator/internal/controller/postgrescluster/postgres.go:426.2,426.49 1 0
github.com/crunchydata/postgres-operator/internal/controller/postgrescluster/postgres.go:426.49,428.3 1 0
github.com/crunchydata/postgres-operator/internal/controller/postgrescluster/postgres.go:430.2,430.12 1 0
github.com/crunchydata/postgres-operator/internal/controller/postgrescluster/postgres.go:437.9,441.16 3 0
github.com/crunchydata/postgres-operator/internal/controller/postgrescluster/postgres.go:441.16,443.3 1 0
github.com/crunchydata/postgres-operator/internal/controller/postgrescluster/postgres.go:444.2,444.16 1 0
github.com/crunchydata/postgres-operator/internal/controller/postgrescluster/postgres.go:444.16,450.3 1 0
github.com/crunchydata/postgres-operator/internal/controller/postgrescluster/postgres.go:451.2,451.12 1 0
github.com/crunchydata/postgres-operator/internal/controller/postgrescluster/postgres.go:457.78,458.34 1 5
github.com/crunchydata/postgres-operator/internal/controller/postgrescluster/postgres.go:458.34,460.3 1 2
github.com/crunchydata/postgres-operator/internal/controller/postgrescluster/postgres.go:462.2,466.36 4 3
github.com/crunchydata/postgres-operator/internal/controller/postgrescluster/postgres.go:466.36,470.43 3 7
github.com/crunchydata/postgres-operator/internal/controller/postgrescluster/postgres.go:470.43,474.4 1 3
github.com/crunchydata/postgres-operator/internal/controller/postgrescluster/postgres.go:475.3,475.43 1 7
github.com/crunchydata/postgres-operator/internal/controller/postgrescluster/postgres.go:475.43,479.4 1 2
github.com/crunchydata/postgres-operator/internal/controller/postgrescluster/postgres.go:481.3,481.20 1 7
github.com/crunchydata/postgres-operator/internal/controller/postgrescluster/postgres.go:481.20,484.4 1 5
github.com/crunchydata/postgres-operator/internal/controller/postgrescluster/postgres.go:499.3,505.22 2 0
github.com/crunchydata/postgres-operator/internal/controller/postgrescluster/postgres.go:505.22,512.37 4 0
github.com/crunchydata/postgres-operator/internal/controller/postgrescluster/postgres.go:512.37,516.4 1 0
github.com/crunchydata/postgres-operator/internal/controller/postgrescluster/postgres.go:518.3,518.40 1 0
github.com/crunchydata/postgres-operator/internal/controller/postgrescluster/postgres.go:518.40,522.4 1 0
github.com/crunchydata/postgres-operator/internal/controller/postgrescluster/postgres.go:524.3,524.25 1 0
github.com/crunchydata/postgres-operator/internal/controller/postgrescluster/postgres.go:524.25,527.4 1 0
github.com/crunchydata/postgres-operator/internal/controller/postgrescluster/postgres.go:527.9,532.4 1 0
github.com/crunchydata/postgres-operator/internal/controller/postgrescluster/postgres.go:536.2,537.27 2 0
github.com/crunchydata/postgres-operator/internal/controller/postgrescluster/postgres.go:537.27,539.3 1 0
github.com/crunchydata/postgres-operator/internal/controller/postgrescluster/postgres.go:541.2,543.16 3 0
github.com/crunchydata/postgres-operator/internal/controller/postgrescluster/postgres.go:543.16,549.3 1 0
github.com/crunchydata/postgres-operator/internal/controller/postgrescluster/postgres.go:558.2,558.48 1 0
github.com/crunchydata/postgres-operator/internal/controller/postgrescluster/postgres.go:558.48,565.30 3 0
github.com/crunchydata/postgres-operator/internal/controller/postgrescluster/postgres.go:565.30,567.4 1 0
github.com/crunchydata/postgres-operator/internal/controller/postgrescluster/postgres.go:567.9,567.37 1 0
github.com/crunchydata/postgres-operator/internal/controller/postgrescluster/postgres.go:567.37,569.4 1 0
github.com/crunchydata/postgres-operator/internal/controller/postgrescluster/postgres.go:571.3,571.93 1 0
github.com/crunchydata/postgres-operator/internal/controller/postgrescluster/postgres.go:571.93,574.4 1 0
github.com/crunchydata/postgres-operator/internal/controller/postgrescluster/postgres.go:578.3,578.91 1 0
github.com/crunchydata/postgres-operator/internal/controller/postgrescluster/postgres.go:584.2,590.16 2 0
github.com/crunchydata/postgres-operator/internal/controller/postgrescluster/postgres.go:590.16,591.32 1 0
github.com/crunchydata/postgres-operator/internal/controller/postgrescluster/postgres.go:591.32,595.60 3 0
github.com/crunchydata/postgres-operator/internal/controller/postgrescluster/postgres.go:595.60,596.41 1 0
github.com/crunchydata/postgres-operator/internal/controller/postgrescluster/postgres.go:596.41,599.6 2 0
github.com/crunchydata/postgres-operator/internal/controller/postgrescluster/postgres.go:599.11,601.6 1 0
github.com/crunchydata/postgres-operator/internal/controller/postgrescluster/postgres.go:602.10,602.25 1 0
github.com/crunchydata/postgres-operator/internal/controller/postgrescluster/postgres.go:602.25,604.5 1 0
github.com/crunchydata/postgres-operator/internal/controller/postgrescluster/postgres.go:609.2,609.40 1 0
github.com/crunchydata/postgres-operator/internal/controller/postgrescluster/postgres.go:609.40,612.51 2 0
github.com/crunchydata/postgres-operator/internal/controller/postgrescluster/postgres.go:612.51,616.4 1 0
github.com/crunchydata/postgres-operator/internal/controller/postgrescluster/postgres.go:618.3,618.17 1 0
github.com/crunchydata/postgres-operator/internal/controller/postgrescluster/postgres.go:618.17,620.4 1 0
github.com/crunchydata/postgres-operator/internal/controller/postgrescluster/postgres.go:621.3,621.17 1 0
github.com/crunchydata/postgres-operator/internal/controller/postgrescluster/postgres.go:621.17,623.4 1 0
github.com/crunchydata/postgres-operator/internal/controller/postgrescluster/postgres.go:626.2,626.36 1 0
github.com/crunchydata/postgres-operator/internal/controller/postgrescluster/postgres.go:634.9,641.48 3 0
github.com/crunchydata/postgres-operator/internal/controller/postgrescluster/postgres.go:641.48,642.76 1 0
github.com/crunchydata/postgres-operator/internal/controller/postgrescluster/postgres.go:642.76,643.12 1 0
github.com/crunchydata/postgres-operator/internal/controller/postgrescluster/postgres.go:645.3,645.68 1 0
github.com/crunchydata/postgres-operator/internal/controller/postgrescluster/postgres.go:645.68,646.12 1 0
github.com/crunchydata/postgres-operator/internal/controller/postgrescluster/postgres.go:648.3,649.49 2 0
github.com/crunchydata/postgres-operator/internal/controller/postgrescluster/postgres.go:649.49,654.12 2 0
github.com/crunchydata/postgres-operator/internal/controller/postgrescluster/postgres.go:654.12,657.5 2 0
github.com/crunchydata/postgres-operator/internal/controller/postgrescluster/postgres.go:658.4,658.9 1 0
github.com/crunchydata/postgres-operator/internal/controller/postgrescluster/postgres.go:661.2,661.24 1 0
github.com/crunchydata/postgres-operator/internal/controller/postgrescluster/postgres.go:661.24,663.3 1 0
github.com/crunchydata/postgres-operator/internal/controller/postgrescluster/postgres.go:667.2,668.36 2 0
github.com/crunchydata/postgres-operator/internal/controller/postgrescluster/postgres.go:668.36,670.3 1 0
github.com/crunchydata/postgres-operator/internal/controller/postgrescluster/postgres.go:672.2,672.67 1 0
github.com/crunchydata/postgres-operator/internal/controller/postgrescluster/postgres.go:672.67,674.3 1 0
github.com/crunchydata/postgres-operator/internal/controller/postgrescluster/postgres.go:676.2,676.59 1 0
github.com/crunchydata/postgres-operator/internal/controller/postgrescluster/postgres.go:676.59,680.11 1 0
github.com/crunchydata/postgres-operator/internal/controller/postgrescluster/postgres.go:680.11,682.34 2 0
github.com/crunchydata/postgres-operator/internal/controller/postgrescluster/postgres.go:682.34,684.5 1 0
github.com/crunchydata/postgres-operator/internal/controller/postgrescluster/postgres.go:685.4,685.14 1 0
github.com/crunchydata/postgres-operator/internal/controller/postgrescluster/postgres.go:689.2,689.60 1 0
github.com/crunchydata/postgres-operator/internal/controller/postgrescluster/postgres.go:689.60,695.3 1 0
github.com/crunchydata/postgres-operator/internal/controller/postgrescluster/postgres.go:700.2,700.16 1 0
github.com/crunchydata/postgres-operator/internal/controller/postgrescluster/postgres.go:700.16,703.3 2 0
github.com/crunchydata/postgres-operator/internal/controller/postgrescluster/postgres.go:704.2,704.16 1 0
github.com/crunchydata/postgres-operator/internal/controller/postgrescluster/postgres.go:704.16,706.3 1 0
github.com/crunchydata/postgres-operator/internal/controller/postgrescluster/postgres.go:708.2,708.12 1 0
github.com/crunchydata/postgres-operator/internal/controller/postgrescluster/postgres.go:719.42,731.27 4 0
github.com/crunchydata/postgres-operator/internal/controller/postgrescluster/postgres.go:731.27,736.3 1 0
github.com/crunchydata/postgres-operator/internal/controller/postgrescluster/postgres.go:736.8,738.3 1 0
github.com/crunchydata/postgres-operator/internal/controller/postgrescluster/postgres.go:740.2,760.122 6 0
github.com/crunchydata/postgres-operator/internal/controller/postgrescluster/postgres.go:760.122,762.17 2 0
github.com/crunchydata/postgres-operator/internal/controller/postgrescluster/postgres.go:762.17,764.23 2 0
github.com/crunchydata/postgres-operator/internal/controller/postgrescluster/postgres.go:764.23,772.5 2 0
github.com/crunchydata/postgres-operator/internal/controller/postgrescluster/postgres.go:772.10,775.5 1 0
github.com/crunchydata/postgres-operator/internal/controller/postgrescluster/postgres.go:776.9,779.4 1 0
github.com/crunchydata/postgres-operator/internal/controller/postgrescluster/postgres.go:782.2,788.16 3 0
github.com/crunchydata/postgres-operator/internal/controller/postgrescluster/postgres.go:788.16,791.3 1 0
github.com/crunchydata/postgres-operator/internal/controller/postgrescluster/postgres.go:793.2,793.17 1 0
github.com/crunchydata/postgres-operator/internal/controller/postgrescluster/postgres.go:804.66,806.54 1 0
github.com/crunchydata/postgres-operator/internal/controller/postgrescluster/postgres.go:806.54,808.3 1 0
github.com/crunchydata/postgres-operator/internal/controller/postgrescluster/postgres.go:810.2,810.43 1 0
github.com/crunchydata/postgres-operator/internal/controller/postgrescluster/postgres.go:810.43,812.3 1 0
github.com/crunchydata/postgres-operator/internal/controller/postgrescluster/postgres.go:814.2,814.53 1 0
github.com/crunchydata/postgres-operator/internal/controller/postgrescluster/postgres.go:814.53,825.28 4 0
github.com/crunchydata/postgres-operator/internal/controller/postgrescluster/postgres.go:825.28,830.4 1 0
github.com/crunchydata/postgres-operator/internal/controller/postgrescluster/postgres.go:830.9,832.4 1 0
github.com/crunchydata/postgres-operator/internal/controller/postgrescluster/postgres.go:834.3,850.17 6 0
github.com/crunchydata/postgres-operator/internal/controller/postgrescluster/postgres.go:850.17,853.4 1 0
github.com/crunchydata/postgres-operator/internal/controller/postgrescluster/postgres.go:855.3,855.17 1 0
github.com/crunchydata/postgres-operator/internal/controller/postgrescluster/postgres.go:855.17,857.4 1 0
github.com/crunchydata/postgres-operator/internal/controller/postgrescluster/postgres.go:859.3,859.53 1 0
github.com/crunchydata/postgres-operator/internal/controller/postgrescluster/postgres.go:862.2,862.8 1 0
github.com/crunchydata/postgres-operator/internal/controller/postgrescluster/postgres.go:874.42,886.27 4 0
github.com/crunchydata/postgres-operator/internal/controller/postgrescluster/postgres.go:886.27,891.3 1 0
github.com/crunchydata/postgres-operator/internal/controller/postgrescluster/postgres.go:891.8,893.3 1 0
github.com/crunchydata/postgres-operator/internal/controller/postgrescluster/postgres.go:895.2,897.44 2 0
github.com/crunchydata/postgres-operator/internal/controller/postgrescluster/postgres.go:897.44,902.17 3 0
github.com/crunchydata/postgres-operator/internal/controller/postgrescluster/postgres.go:902.17,904.4 1 0
github.com/crunchydata/postgres-operator/internal/controller/postgrescluster/postgres.go:910.3,910.35 1 0
github.com/crunchydata/postgres-operator/internal/controller/postgrescluster/postgres.go:910.35,912.4 1 0
github.com/crunchydata/postgres-operator/internal/controller/postgrescluster/postgres.go:918.3,919.49 2 0
github.com/crunchydata/postgres-operator/internal/controller/postgrescluster/postgres.go:919.49,920.88 1 0
github.com/crunchydata/postgres-operator/internal/controller/postgrescluster/postgres.go:920.88,931.5 3 0
github.com/crunchydata/postgres-operator/internal/controller/postgrescluster/postgres.go:933.3,933.81 1 0
github.com/crunchydata/postgres-operator/internal/controller/postgrescluster/postgres.go:933.81,936.4 1 0
github.com/crunchydata/postgres-operator/internal/controller/postgrescluster/postgres.go:940.3,940.18 1 0
github.com/crunchydata/postgres-operator/internal/controller/postgrescluster/postgres.go:943.2,963.16 7 0
github.com/crunchydata/postgres-operator/internal/controller/postgrescluster/postgres.go:963.16,966.3 1 0
github.com/crunchydata/postgres-operator/internal/controller/postgrescluster/postgres.go:968.2,968.17 1 0
github.com/crunchydata/postgres-operator/internal/controller/postgrescluster/postgres.go:975.72,979.41 2 0
github.com/crunchydata/postgres-operator/internal/controller/postgrescluster/postgres.go:979.41,984.3 2 0
github.com/crunchydata/postgres-operator/internal/controller/postgrescluster/postgres.go:987.2,987.43 1 0
github.com/crunchydata/postgres-operator/internal/controller/postgrescluster/postgres.go:987.43,989.3 1 0
github.com/crunchydata/postgres-operator/internal/controller/postgrescluster/postgres.go:994.2,999.49 2 0
github.com/crunchydata/postgres-operator/internal/controller/postgrescluster/postgres.go:999.49,1007.17 3 0
github.com/crunchydata/postgres-operator/internal/controller/postgrescluster/postgres.go:1007.17,1009.4 1 0
github.com/crunchydata/postgres-operator/internal/controller/postgrescluster/postgres.go:1011.3,1012.33 2 0
github.com/crunchydata/postgres-operator/internal/controller/postgrescluster/postgres.go:1012.33,1015.4 2 0
github.com/crunchydata/postgres-operator/internal/controller/postgrescluster/postgres.go:1017.3,1017.27 1 0
github.com/crunchydata/postgres-operator/internal/controller/postgrescluster/postgres.go:1020.2,1020.52 1 0
github.com/crunchydata/postgres-operator/internal/controller/postgrescluster/postgres.go:1020.52,1025.3 2 0
github.com/crunchydata/postgres-operator/internal/controller/postgrescluster/postgres.go:1029.2,1031.16 3 0
github.com/crunchydata/postgres-operator/internal/controller/postgrescluster/postgres.go:1031.16,1034.3 2 0
github.com/crunchydata/postgres-operator/internal/controller/postgrescluster/postgres.go:1036.2,1038.10 1 0
github.com/crunchydata/postgres-operator/internal/controller/postgrescluster/postgres.go:1038.10,1040.3 1 0
github.com/crunchydata/postgres-operator/internal/controller/postgrescluster/postgres.go:1044.2,1044.67 1 0
github.com/crunchydata/postgres-operator/internal/controller/postgrescluster/postgres.go:1044.67,1048.3 3 0
github.com/crunchydata/postgres-operator/internal/controller/postgrescluster/postgres.go:1051.2,1063.16 3 0
github.com/crunchydata/postgres-operator/internal/controller/postgrescluster/postgres.go:1063.16,1066.3 2 0
github.com/crunchydata/postgres-operator/internal/controller/postgrescluster/postgres.go:1068.2,1068.12 1 0
github.com/crunchydata/postgres-operator/internal/controller/postgrescluster/rbac.go:27.3,29.2 1 0
github.com/crunchydata/postgres-operator/internal/controller/postgrescluster/rbac.go:39.35,50.16 8 0
github.com/crunchydata/postgres-operator/internal/controller/postgrescluster/rbac.go:50.16,52.3 1 0
github.com/crunchydata/postgres-operator/internal/controller/postgrescluster/rbac.go:53.2,53.16 1 0
github.com/crunchydata/postgres-operator/internal/controller/postgrescluster/rbac.go:53.16,55.3 1 0
github.com/crunchydata/postgres-operator/internal/controller/postgrescluster/rbac.go:57.2,85.16 11 0
github.com/crunchydata/postgres-operator/internal/controller/postgrescluster/rbac.go:85.16,87.3 1 0
github.com/crunchydata/postgres-operator/internal/controller/postgrescluster/rbac.go:88.2,88.16 1 0
github.com/crunchydata/postgres-operator/internal/controller/postgrescluster/rbac.go:88.16,90.3 1 0
github.com/crunchydata/postgres-operator/internal/controller/postgrescluster/rbac.go:91.2,91.16 1 0
github.com/crunchydata/postgres-operator/internal/controller/postgrescluster/rbac.go:91.16,93.3 1 0
github.com/crunchydata/postgres-operator/internal/controller/postgrescluster/rbac.go:95.2,95.21 1 0
github.com/crunchydata/postgres-operator/internal/controller/postgrescluster/secrets_rotation.go:130.9,133.19 2 0
github.com/crunchydata/postgres-operator/internal/controller/postgrescluster/secrets_rotation.go:133.19,135.3 1 0
github.com/crunchydata/postgres-operator/internal/controller/postgrescluster/secrets_rotation.go:138.2,143.37 4 0
github.com/crunchydata/postgres-operator/internal/controller/postgrescluster/secrets_rotation.go:143.37,144.74 1 0
github.com/crunchydata/postgres-operator/internal/controller/postgrescluster/secrets_rotation.go:144.74,147.4 2 0
github.com/crunchydata/postgres-operator/internal/controller/postgrescluster/secrets_rotation.go:147.9,147.58 1 0
github.com/crunchydata/postgres-operator/internal/controller/postgrescluster/secrets_rotation.go:147.58,149.4 1 0
github.com/crunchydata/postgres-operator/internal/controller/postgrescluster/secrets_rotation.go:153.2,154.40 2 0
github.com/crunchydata/postgres-operator/internal/controller/postgrescluster/secrets_rotation.go:154.40,155.70 1 0
github.com/crunchydata/postgres-operator/internal/controller/postgrescluster/secrets_rotation.go:155.70,158.4 2 0
github.com/crunchydata/postgres-operator/internal/controller/postgrescluster/secrets_rotation.go:158.9,158.58 1 0
github.com/crunchydata/postgres-operator/internal/controller/postgrescluster/secrets_rotation.go:158.58,160.4 1 0
github.com/crunchydata/postgres-operator/internal/controller/postgrescluster/secrets_rotation.go:164.2,164.26 1 0
github.com/crunchydata/postgres-operator/internal/controller/postgrescluster/secrets_rotation.go:164.26,165.65 1 0
github.com/crunchydata/postgres-operator/internal/controller/postgrescluster/secrets_rotation.go:165.65,167.4 1 0
github.com/crunchydata/postgres-operator/internal/controller/postgrescluster/secrets_rotation.go:170.3,170.33 1 0
github.com/crunchydata/postgres-operator/internal/controller/postgrescluster/secrets_rotation.go:170.33,172.4 1 0
github.com/crunchydata/postgres-operator/internal/controller/postgrescluster/secrets_rotation.go:173.3,176.55 3 0
github.com/crunchydata/postgres-operator/internal/controller/postgrescluster/secrets_rotation.go:180.2,180.22 1 0
github.com/crunchydata/postgres-operator/internal/controller/postgrescluster/secrets_rotation.go:180.22,181.68 1 0
github.com/crunchydata/postgres-operator/internal/controller/postgrescluster/secrets_rotation.go:181.68,183.4 1 0
github.com/crunchydata/postgres-operator/internal/controller/postgrescluster/secrets_rotation.go:186.3,186.33 1 0
github.com/crunchydata/postgres-operator/internal/controller/postgrescluster/secrets_rotation.go:186.33,188.4 1 0
github.com/crunchydata/postgres-operator/internal/controller/postgrescluster/secrets_rotation.go:189.3,192.58 3 0
github.com/crunchydata/postgres-operator/internal/controller/postgrescluster/secrets_rotation.go:195.2,195.12 1 0
github.com/crunchydata/postgres-operator/internal/controller/postgrescluster/secrets_rotation.go:199.91,201.24 2 4
github.com/crunchydata/postgres-operator/internal/controller/postgrescluster/secrets_rotation.go:201.24,204.3 1 1
github.com/crunchydata/postgres-operator/internal/controller/postgrescluster/secrets_rotation.go:206.2,207.16 2 3
github.com/crunchydata/postgres-operator/internal/controller/postgrescluster/secrets_rotation.go:207.16,210.3 1 1
github.com/crunchydata/postgres-operator/internal/controller/postgrescluster/secrets_rotation.go:212.2,212.41 1 2
github.com/crunchydata/postgres-operator/internal/controller/postgrescluster/secrets_rotation.go:216.94,218.24 2 3
github.com/crunchydata/postgres-operator/internal/controller/postgrescluster/secrets_rotation.go:218.24,221.3 1 1
github.com/crunchydata/postgres-operator/internal/controller/postgrescluster/secrets_rotation.go:223.2,224.16 2 2
github.com/crunchydata/postgres-operator/internal/controller/postgrescluster/secrets_rotation.go:224.16,227.3 1 0
github.com/crunchydata/postgres-operator/internal/controller/postgrescluster/secrets_rotation.go:229.2,229.41 1 2
github.com/crunchydata/postgres-operator/internal/controller/postgrescluster/secrets_rotation.go:237.9,245.110 5 0
github.com/crunchydata/postgres-operator/internal/controller/postgrescluster/secrets_rotation.go:245.110,247.3 1 0
github.com/crunchydata/postgres-operator/internal/controller/postgrescluster/secrets_rotation.go:250.2,251.29 2 0
github.com/crunchydata/postgres-operator/internal/controller/postgrescluster/secrets_rotation.go:251.29,254.44 2 0
github.com/crunchydata/postgres-operator/internal/controller/postgrescluster/secrets_rotation.go:254.44,255.46 1 0
github.com/crunchydata/postgres-operator/internal/controller/postgrescluster/secrets_rotation.go:255.46,257.5 1 0
github.com/crunchydata/postgres-operator/internal/controller/postgrescluster/secrets_rotation.go:262.2,263.37 2 0
github.com/crunchydata/postgres-operator/internal/controller/postgrescluster/secrets_rotation.go:263.37,265.17 2 0
github.com/crunchydata/postgres-operator/internal/controller/postgrescluster/secrets_rotation.go:265.17,267.4 1 0
github.com/crunchydata/postgres-operator/internal/controller/postgrescluster/secrets_rotation.go:268.3,269.51 2 0
github.com/crunchydata/postgres-operator/internal/controller/postgrescluster/secrets_rotation.go:274.2,274.49 1 0
github.com/crunchydata/postgres-operator/internal/controller/postgrescluster/secrets_rotation.go:274.49,276.34 1 0
github.com/crunchydata/postgres-operator/internal/controller/postgrescluster/secrets_rotation.go:276.34,278.78 2 0
github.com/crunchydata/postgres-operator/internal/controller/postgrescluster/secrets_rotation.go:278.78,281.5 2 0
github.com/crunchydata/postgres-operator/internal/controller/postgrescluster/secrets_rotation.go:288.2,289.43 2 0
github.com/crunchydata/postgres-operator/internal/controller/postgrescluster/secrets_rotation.go:289.43,293.3 1 0
github.com/crunchydata/postgres-operator/internal/controller/postgrescluster/secrets_rotation.go:296.2,296.43 1 0
github.com/crunchydata/postgres-operator/internal/controller/postgrescluster/secrets_rotation.go:296.43,298.25 2 0
github.com/crunchydata/postgres-operator/internal/controller/postgrescluster/secrets_rotation.go:298.25,300.4 1 0
github.com/crunchydata/postgres-operator/internal/controller/postgrescluster/secrets_rotation.go:301.3,301.58 1 0
github.com/crunchydata/postgres-operator/internal/controller/postgrescluster/secrets_rotation.go:305.2,305.65 1 0
github.com/crunchydata/postgres-operator/internal/controller/postgrescluster/secrets_rotation.go:305.65,307.3 1 0
github.com/crunchydata/postgres-operator/internal/controller/postgrescluster/secrets_rotation.go:309.2,317.12 2 0
github.com/crunchydata/postgres-operator/internal/controller/postgrescluster/secrets_rotation.go:325.9,333.94 5 0
github.com/crunchydata/postgres-operator/internal/controller/postgrescluster/secrets_rotation.go:333.94,335.3 1 0
github.com/crunchydata/postgres-operator/internal/controller/postgrescluster/secrets_rotation.go:338.2,341.45 3 0
github.com/crunchydata/postgres-operator/internal/controller/postgrescluster/secrets_rotation.go:341.45,347.17 4 0
github.com/crunchydata/postgres-operator/internal/controller/postgrescluster/secrets_rotation.go:347.17,349.4 1 0
github.com/crunchydata/postgres-operator/internal/controller/postgrescluster/secrets_rotation.go:352.3,353.56 2 0
github.com/crunchydata/postgres-operator/internal/controller/postgrescluster/secrets_rotation.go:354.8,358.17 3 0
github.com/crunchydata/postgres-operator/internal/controller/postgrescluster/secrets_rotation.go:358.17,360.4 1 0
github.com/crunchydata/postgres-operator/internal/controller/postgrescluster/secrets_rotation.go:364.2,372.16 3 0
github.com/crunchydata/postgres-operator/internal/controller/postgrescluster/secrets_rotation.go:372.16,374.3 1 0
github.com/crunchydata/postgres-operator/internal/controller/postgrescluster/secrets_rotation.go:379.2,379.59 1 0
github.com/crunchydata/postgres-operator/internal/controller/postgrescluster/secrets_rotation.go:379.59,381.3 1 0
github.com/crunchydata/postgres-operator/internal/controller/postgrescluster/secrets_rotation.go:382.2,382.58 1 0
github.com/crunchydata/postgres-operator/internal/controller/postgrescluster/secrets_rotation.go:382.58,384.3 1 0
github.com/crunchydata/postgres-operator/internal/controller/postgrescluster/secrets_rotation.go:387.2,390.57 3 0
github.com/crunchydata/postgres-operator/internal/controller/postgrescluster/secrets_rotation.go:390.57,392.3 1 0
github.com/crunchydata/postgres-operator/internal/controller/postgrescluster/secrets_rotation.go:394.2,399.12 2 0
github.com/crunchydata/postgres-operator/internal/controller/postgrescluster/secrets_rotation.go:403.57,407.30 3 5
github.com/crunchydata/postgres-operator/internal/controller/postgrescluster/secrets_rotation.go:407.30,409.17 2 204
github.com/crunchydata/postgres-operator/internal/controller/postgrescluster/secrets_rotation.go:409.17,411.4 1 0
github.com/crunchydata/postgres-operator/internal/controller/postgrescluster/secrets_rotation.go:412.3,412.53 1 204
github.com/crunchydata/postgres-operator/internal/controller/postgrescluster/secrets_rotation.go:415.2,415.30 1 5
github.com/crunchydata/postgres-operator/internal/controller/postgrescluster/secrets_rotation.go:419.109,422.16 2 0
github.com/crunchydata/postgres-operator/internal/controller/postgrescluster/secrets_rotation.go:422.16,424.3 1 0
github.com/crunchydata/postgres-operator/internal/controller/postgrescluster/secrets_rotation.go:427.2,428.16 2 0
github.com/crunchydata/postgres-operator/internal/controller/postgrescluster/secrets_rotation.go:428.16,430.3 1 0
github.com/crunchydata/postgres-operator/internal/controller/postgrescluster/secrets_rotation.go:432.2,448.16 3 0
github.com/crunchydata/postgres-operator/internal/controller/postgrescluster/secrets_rotation.go:448.16,450.3 1 0
github.com/crunchydata/postgres-operator/internal/controller/postgrescluster/secrets_rotation.go:452.2,453.16 2 0
github.com/crunchydata/postgres-operator/internal/controller/postgrescluster/secrets_rotation.go:453.16,455.3 1 0
github.com/crunchydata/postgres-operator/internal/controller/postgrescluster/secrets_rotation.go:457.2,457.30 1 0
github.com/crunchydata/postgres-operator/internal/controller/postgrescluster/secrets_rotation.go:466.47,470.16 2 0
github.com/crunchydata/postgres-operator/internal/controller/postgrescluster/secrets_rotation.go:470.16,472.3 1 0
github.com/crunchydata/postgres-operator/internal/controller/postgrescluster/secrets_rotation.go:475.2,476.16 2 0
github.com/crunchydata/postgres-operator/internal/controller/postgrescluster/secrets_rotation.go:476.16,478.3 1 0
github.com/crunchydata/postgres-operator/internal/controller/postgrescluster/secrets_rotation.go:480.2,500.16 3 0
github.com/crunchydata/postgres-operator/internal/controller/postgrescluster/secrets_rotation.go:500.16,502.3 1 0
github.com/crunchydata/postgres-operator/internal/controller/postgrescluster/secrets_rotation.go:504.2,505.16 2 0
github.com/crunchydata/postgres-operator/internal/controller/postgrescluster/secrets_rotation.go:505.16,507.3 1 0
github.com/crunchydata/postgres-operator/internal/controller/postgrescluster/secrets_rotation.go:509.2,509.30 1 0
github.com/crunchydata/postgres-operator/internal/controller/postgrescluster/secrets_rotation.go:513.84,515.20 2 0
github.com/crunchydata/postgres-operator/internal/controller/postgrescluster/secrets_rotation.go:515.20,517.3 1 0
github.com/crunchydata/postgres-operator/internal/controller/postgrescluster/secrets_rotation.go:519.2,520.19 2 0
github.com/crunchydata/postgres-operator/internal/controller/postgrescluster/secrets_rotation.go:520.19,522.3 1 0
github.com/crunchydata/postgres-operator/internal/controller/postgrescluster/secrets_rotation.go:524.2,525.16 2 0
github.com/crunchydata/postgres-operator/internal/controller/postgrescluster/secrets_rotation.go:525.16,527.3 1 0
github.com/crunchydata/postgres-operator/internal/controller/postgrescluster/secrets_rotation.go:529.2,530.16 2 0
github.com/crunchydata/postgres-operator/internal/controller/postgrescluster/secrets_rotation.go:530.16,532.3 1 0
github.com/crunchydata/postgres-operator/internal/controller/postgrescluster/secrets_rotation.go:534.2,534.23 1 0
github.com/crunchydata/postgres-operator/internal/controller/postgrescluster/secrets_rotation.go:538.55,540.2 1 0
github.com/crunchydata/postgres-operator/internal/controller/postgrescluster/secrets_rotation.go:543.51,545.2 1 0
github.com/crunchydata/postgres-operator/internal/controller/postgrescluster/secrets_rotation.go:548.74,552.83 2 3
github.com/crunchydata/postgres-operator/internal/controller/postgrescluster/secrets_rotation.go:552.83,553.62 1 2
github.com/crunchydata/postgres-operator/internal/controller/postgrescluster/secrets_rotation.go:553.62,555.4 1 1
github.com/crunchydata/postgres-operator/internal/controller/postgrescluster/secrets_rotation.go:559.2,559.88 1 3
github.com/crunchydata/postgres-operator/internal/controller/postgrescluster/secrets_rotation.go:559.88,560.63 1 2
github.com/crunchydata/postgres-operator/internal/controller/postgrescluster/secrets_rotation.go:560.63,562.4 1 1
github.com/crunchydata/postgres-operator/internal/controller/postgrescluster/secrets_rotation.go:565.2,565.15 1 3
github.com/crunchydata/postgres-operator/internal/controller/postgrescluster/secrets_rotation.go:569.104,570.32 1 3
github.com/crunchydata/postgres-operator/internal/controller/postgrescluster/secrets_rotation.go:570.32,572.3 1 3
github.com/crunchydata/postgres-operator/internal/controller/postgrescluster/secrets_rotation.go:574.2,574.21 1 3
github.com/crunchydata/postgres-operator/internal/controller/postgrescluster/secrets_rotation.go:574.21,576.3 1 2
github.com/crunchydata/postgres-operator/internal/controller/postgrescluster/secrets_rotation.go:578.2,578.24 1 3
github.com/crunchydata/postgres-operator/internal/controller/postgrescluster/secrets_rotation.go:578.24,580.3 1 2
github.com/crunchydata/postgres-operator/internal/controller/postgrescluster/secrets_rotation.go:584.66,585.19 1 6
github.com/crunchydata/postgres-operator/internal/controller/postgrescluster/secrets_rotation.go:585.19,587.3 1 1
github.com/crunchydata/postgres-operator/internal/controller/postgrescluster/secrets_rotation.go:589.2,589.95 1 5
github.com/crunchydata/postgres-operator/internal/controller/postgrescluster/secrets_rotation.go:589.95,591.3 1 1
github.com/crunchydata/postgres-operator/internal/controller/postgrescluster/secrets_rotation.go:593.2,593.37 1 4
github.com/crunchydata/postgres-operator/internal/controller/postgrescluster/secrets_rotation.go:593.37,594.62 1 3
github.com/crunchydata/postgres-operator/internal/controller/postgrescluster/secrets_rotation.go:594.62,596.4 1 1
github.com/crunchydata/postgres-operator/internal/controller/postgrescluster/secrets_rotation.go:597.3,597.50 1 2
github.com/crunchydata/postgres-operator/internal/controller/postgrescluster/secrets_rotation.go:597.50,599.4 1 1
github.com/crunchydata/postgres-operator/internal/controller/postgrescluster/secrets_rotation.go:602.2,602.40 1 2
github.com/crunchydata/postgres-operator/internal/controller/postgrescluster/secrets_rotation.go:602.40,603.65 1 2
github.com/crunchydata/postgres-operator/internal/controller/postgrescluster/secrets_rotation.go:603.65,605.4 1 0
github.com/crunchydata/postgres-operator/internal/controller/postgrescluster/secrets_rotation.go:606.3,606.68 1 2
github.com/crunchydata/postgres-operator/internal/controller/postgrescluster/secrets_rotation.go:606.68,608.4 1 1
github.com/crunchydata/postgres-operator/internal/controller/postgrescluster/secrets_rotation.go:611.2,611.12 1 1
github.com/crunchydata/postgres-operator/internal/controller/postgrescluster/secrets_rotation.go:615.58,620.2 2 3
github.com/crunchydata/postgres-operator/internal/controller/postgrescluster/snapshots.go:53.85,56.52 1 0
github.com/crunchydata/postgres-operator/internal/controller/postgrescluster/snapshots.go:56.52,58.3 1 0
github.com/crunchydata/postgres-operator/internal/controller/postgrescluster/snapshots.go:62.2,64.4 1 0
github.com/crunchydata/postgres-operator/internal/controller/postgrescluster/snapshots.go:64.4,65.52 1 0
github.com/crunchydata/postgres-operator/internal/controller/postgrescluster/snapshots.go:65.52,67.4 1 0
github.com/crunchydata/postgres-operator/internal/controller/postgrescluster/snapshots.go:67.9,69.4 1 0
github.com/crunchydata/postgres-operator/internal/controller/postgrescluster/snapshots.go:75.2,76.49 1 0
github.com/crunchydata/postgres-operator/internal/controller/postgrescluster/snapshots.go:76.49,80.3 2 0
github.com/crunchydata/postgres-operator/internal/controller/postgrescluster/snapshots.go:83.2,84.16 2 0
github.com/crunchydata/postgres-operator/internal/controller/postgrescluster/snapshots.go:84.16,86.3 1 0
github.com/crunchydata/postgres-operator/internal/controller/postgrescluster/snapshots.go:89.2,89.51 1 0
github.com/crunchydata/postgres-operator/internal/controller/postgrescluster/snapshots.go:89.51,91.3 1 0
github.com/crunchydata/postgres-operator/internal/controller/postgrescluster/snapshots.go:99.2,100.36 2 0
github.com/crunchydata/postgres-operator/internal/controller/postgrescluster/snapshots.go:100.36,103.38 2 0
github.com/crunchydata/postgres-operator/internal/controller/postgrescluster/snapshots.go:103.38,105.82 1 0
github.com/crunchydata/postgres-operator/internal/controller/postgrescluster/snapshots.go:105.82,107.19 2 0
github.com/crunchydata/postgres-operator/internal/controller/postgrescluster/snapshots.go:107.19,109.6 1 0
github.com/crunchydata/postgres-operator/internal/controller/postgrescluster/snapshots.go:116.2,117.26 2 0
github.com/crunchydata/postgres-operator/internal/controller/postgrescluster/snapshots.go:117.26,119.3 1 0
github.com/crunchydata/postgres-operator/internal/controller/postgrescluster/snapshots.go:123.2,125.39 3 0
github.com/crunchydata/postgres-operator/internal/controller/postgrescluster/snapshots.go:125.39,126.92 1 0
github.com/crunchydata/postgres-operator/internal/controller/postgrescluster/snapshots.go:126.92,129.4 2 0
github.com/crunchydata/postgres-operator/internal/controller/postgrescluster/snapshots.go:134.2,135.57 1 0
github.com/crunchydata/postgres-operator/internal/controller/postgrescluster/snapshots.go:135.57,136.40 1 0
github.com/crunchydata/postgres-operator/internal/controller/postgrescluster/snapshots.go:136.40,137.38 1 0
github.com/crunchydata/postgres-operator/internal/controller/postgrescluster/snapshots.go:137.38,139.19 2 0
github.com/crunchydata/postgres-operator/internal/controller/postgrescluster/snapshots.go:139.19,141.6 1 0
github.com/crunchydata/postgres-operator/internal/controller/postgrescluster/snapshots.go:147.2,147.32 1 0
github.com/crunchydata/postgres-operator/internal/controller/postgrescluster/snapshots.go:147.32,150.17 3 0
github.com/crunchydata/postgres-operator/internal/controller/postgrescluster/snapshots.go:150.17,152.4 1 0
github.com/crunchydata/postgres-operator/internal/controller/postgrescluster/snapshots.go:155.2,155.12 1 0
github.com/crunchydata/postgres-operator/internal/controller/postgrescluster/snapshots.go:168.42,171.52 1 0
github.com/crunchydata/postgres-operator/internal/controller/postgrescluster/snapshots.go:171.52,173.3 1 0
github.com/crunchydata/postgres-operator/internal/controller/postgrescluster/snapshots.go:176.2,185.27 4 0
github.com/crunchydata/postgres-operator/internal/controller/postgrescluster/snapshots.go:185.27,190.3 1 0
github.com/crunchydata/postgres-operator/internal/controller/postgrescluster/snapshots.go:190.8,192.3 1 0
github.com/crunchydata/postgres-operator/internal/controller/postgrescluster/snapshots.go:193.2,197.43 2 0
github.com/crunchydata/postgres-operator/internal/controller/postgrescluster/snapshots.go:197.43,200.17 3 0
github.com/crunchydata/postgres-operator/internal/controller/postgrescluster/snapshots.go:200.17,202.4 1 0
github.com/crunchydata/postgres-operator/internal/controller/postgrescluster/snapshots.go:203.3,203.41 1 0
github.com/crunchydata/postgres-operator/internal/controller/postgrescluster/snapshots.go:208.2,209.16 2 0
github.com/crunchydata/postgres-operator/internal/controller/postgrescluster/snapshots.go:209.16,211.3 1 0
github.com/crunchydata/postgres-operator/internal/controller/postgrescluster/snapshots.go:217.2,218.16 2 0
github.com/crunchydata/postgres-operator/internal/controller/postgrescluster/snapshots.go:218.16,220.3 1 0
github.com/crunchydata/postgres-operator/internal/controller/postgrescluster/snapshots.go:223.2,223.22 1 0
github.com/crunchydata/postgres-operator/internal/controller/postgrescluster/snapshots.go:223.22,225.3 1 0
github.com/crunchydata/postgres-operator/internal/controller/postgrescluster/snapshots.go:229.2,230.98 2 0
github.com/crunchydata/postgres-operator/internal/controller/postgrescluster/snapshots.go:230.98,231.70 1 0
github.com/crunchydata/postgres-operator/internal/controller/postgrescluster/snapshots.go:231.70,233.4 1 0
github.com/crunchydata/postgres-operator/internal/controller/postgrescluster/snapshots.go:243.2,244.16 2 0
github.com/crunchydata/postgres-operator/internal/controller/postgrescluster/snapshots.go:244.16,246.3 1 0
github.com/crunchydata/postgres-operator/internal/controller/postgrescluster/snapshots.go:249.2,249.23 1 0
github.com/crunchydata/postgres-operator/internal/controller/postgrescluster/snapshots.go:249.23,252.3 2 0
github.com/crunchydata/postgres-operator/internal/controller/postgrescluster/snapshots.go:256.2,256.38 1 0
github.com/crunchydata/postgres-operator/internal/controller/postgrescluster/snapshots.go:256.38,257.34 1 0
github.com/crunchydata/postgres-operator/internal/controller/postgrescluster/snapshots.go:257.34,259.4 1 0
github.com/crunchydata/postgres-operator/internal/controller/postgrescluster/snapshots.go:260.3,268.17 5 0
github.com/crunchydata/postgres-operator/internal/controller/postgrescluster/snapshots.go:268.17,270.4 1 0
github.com/crunchydata/postgres-operator/internal/controller/postgrescluster/snapshots.go:272.3,273.36 2 0
github.com/crunchydata/postgres-operator/internal/controller/postgrescluster/snapshots.go:277.2,277.35 1 0
github.com/crunchydata/postgres-operator/internal/controller/postgrescluster/snapshots.go:277.35,281.3 2 0
github.com/crunchydata/postgres-operator/internal/controller/postgrescluster/snapshots.go:284.2,284.17 1 0
github.com/crunchydata/postgres-operator/internal/controller/postgrescluster/snapshots.go:292.42,311.16 6 0
github.com/crunchydata/postgres-operator/internal/controller/postgrescluster/snapshots.go:311.16,313.3 1 0
github.com/crunchydata/postgres-operator/internal/controller/postgrescluster/snapshots.go:315.2,326.16 5 0
github.com/crunchydata/postgres-operator/internal/controller/postgrescluster/snapshots.go:326.16,328.3 1 0
github.com/crunchydata/postgres-operator/internal/controller/postgrescluster/snapshots.go:330.2,330.17 1 0
github.com/crunchydata/postgres-operator/internal/controller/postgrescluster/snapshots.go:340.9,368.16 10 0
github.com/crunchydata/postgres-operator/internal/controller/postgrescluster/snapshots.go:368.16,370.3 1 0
github.com/crunchydata/postgres-operator/internal/controller/postgrescluster/snapshots.go:373.2,379.66 4 0
github.com/crunchydata/postgres-operator/internal/controller/postgrescluster/snapshots.go:379.66,381.3 1 0
github.com/crunchydata/postgres-operator/internal/controller/postgrescluster/snapshots.go:384.2,399.51 7 0
github.com/crunchydata/postgres-operator/internal/controller/postgrescluster/snapshots.go:408.45,412.16 2 0
github.com/crunchydata/postgres-operator/internal/controller/postgrescluster/snapshots.go:412.16,413.34 1 0
github.com/crunchydata/postgres-operator/internal/controller/postgrescluster/snapshots.go:413.34,415.4 1 0
github.com/crunchydata/postgres-operator/internal/controller/postgrescluster/snapshots.go:416.3,416.142 1 0
github.com/crunchydata/postgres-operator/internal/controller/postgrescluster/snapshots.go:419.2,419.22 1 0
github.com/crunchydata/postgres-operator/internal/controller/postgrescluster/snapshots.go:427.45,448.2 7 0
github.com/crunchydata/postgres-operator/internal/controller/postgrescluster/snapshots.go:455.66,460.16 3 0
github.com/crunchydata/postgres-operator/internal/controller/postgrescluster/snapshots.go:460.16,466.3 1 0
github.com/crunchydata/postgres-operator/internal/controller/postgrescluster/snapshots.go:467.2,467.16 1 0
github.com/crunchydata/postgres-operator/internal/controller/postgrescluster/snapshots.go:467.16,469.3 1 0
github.com/crunchydata/postgres-operator/internal/controller/postgrescluster/snapshots.go:472.2,472.33 1 0
github.com/crunchydata/postgres-operator/internal/controller/postgrescluster/snapshots.go:472.33,474.23 2 0
github.com/crunchydata/postgres-operator/internal/controller/postgrescluster/snapshots.go:474.23,476.4 1 0
github.com/crunchydata/postgres-operator/internal/controller/postgrescluster/snapshots.go:479.2,479.17 1 0
github.com/crunchydata/postgres-operator/internal/controller/postgrescluster/snapshots.go:485.66,490.16 3 0
github.com/crunchydata/postgres-operator/internal/controller/postgrescluster/snapshots.go:490.16,496.3 1 0
github.com/crunchydata/postgres-operator/internal/controller/postgrescluster/snapshots.go:497.2,497.16 1 0
github.com/crunchydata/postgres-operator/internal/controller/postgrescluster/snapshots.go:497.16,499.3 1 0
github.com/crunchydata/postgres-operator/internal/controller/postgrescluster/snapshots.go:501.2,508.33 3 0
github.com/crunchydata/postgres-operator/internal/controller/postgrescluster/snapshots.go:508.33,510.84 1 0
github.com/crunchydata/postgres-operator/internal/controller/postgrescluster/snapshots.go:510.84,512.4 1 0
github.com/crunchydata/postgres-operator/internal/controller/postgrescluster/snapshots.go:515.2,515.68 1 0
github.com/crunchydata/postgres-operator/internal/controller/postgrescluster/snapshots.go:515.68,517.3 1 0
github.com/crunchydata/postgres-operator/internal/controller/postgrescluster/snapshots.go:519.2,519.38 1 0
github.com/crunchydata/postgres-operator/internal/controller/postgrescluster/snapshots.go:525.112,534.37 3 5
github.com/crunchydata/postgres-operator/internal/controller/postgrescluster/snapshots.go:534.37,536.81 1 8
github.com/crunchydata/postgres-operator/internal/controller/postgrescluster/snapshots.go:536.81,538.4 1 3
github.com/crunchydata/postgres-operator/internal/controller/postgrescluster/snapshots.go:541.2,541.64 1 5
github.com/crunchydata/postgres-operator/internal/controller/postgrescluster/snapshots.go:541.64,543.3 1 3
github.com/crunchydata/postgres-operator/internal/controller/postgrescluster/snapshots.go:545.2,545.32 1 2
github.com/crunchydata/postgres-operator/internal/controller/postgrescluster/snapshots.go:550.45,553.16 2 0
github.com/crunchydata/postgres-operator/internal/controller/postgrescluster/snapshots.go:553.16,555.3 1 0
github.com/crunchydata/postgres-operator/internal/controller/postgrescluster/snapshots.go:556.2,563.53 3 0
github.com/crunchydata/postgres-operator/internal/controller/postgrescluster/snapshots.go:567.108,574.37 3 5
github.com/crunchydata/postgres-operator/internal/controller/postgrescluster/snapshots.go:574.37,576.81 1 8
github.com/crunchydata/postgres-operator/internal/controller/postgrescluster/snapshots.go:576.81,578.4 1 3
github.com/crunchydata/postgres-operator/internal/controller/postgrescluster/snapshots.go:581.2,581.62 1 5
github.com/crunchydata/postgres-operator/internal/controller/postgrescluster/snapshots.go:581.62,583.3 1 3
github.com/crunchydata/postgres-operator/internal/controller/postgrescluster/snapshots.go:585.2,585.28 1 2
github.com/crunchydata/postgres-operator/internal/controller/postgrescluster/snapshots.go:591.96,593.27 1 0
github.com/crunchydata/postgres-operator/internal/controller/postgrescluster/snapshots.go:593.27,596.17 2 0
github.com/crunchydata/postgres-operator/internal/controller/postgrescluster/snapshots.go:596.17,598.4 1 0
github.com/crunchydata/postgres-operator/internal/controller/postgrescluster/snapshots.go:600.2,600.12 1 0
github.com/crunchydata/postgres-operator/internal/controller/postgrescluster/snapshots.go:605.98,606.64 1 3
github.com/crunchydata/postgres-operator/internal/controller/postgrescluster/snapshots.go:606.64,607.45 1 3
github.com/crunchydata/postgres-operator/internal/controller/postgrescluster/snapshots.go:607.45,609.4 1 2
github.com/crunchydata/postgres-operator/internal/controller/postgrescluster/snapshots.go:611.2,611.14 1 1
github.com/crunchydata/postgres-operator/internal/controller/postgrescluster/topology.go:14.104,27.2 1 24
github.com/crunchydata/postgres-operator/internal/controller/postgrescluster/util.go:112.50,126.42 2 4
github.com/crunchydata/postgres-operator/internal/controller/postgrescluster/util.go:126.42,127.67 1 9
github.com/crunchydata/postgres-operator/internal/controller/postgrescluster/util.go:127.67,133.4 1 2
github.com/crunchydata/postgres-operator/internal/controller/postgrescluster/util.go:143.55,154.42 2 9
github.com/crunchydata/postgres-operator/internal/controller/postgrescluster/util.go:154.42,160.3 1 18
github.com/crunchydata/postgres-operator/internal/controller/postgrescluster/util.go:162.2,162.46 1 9
github.com/crunchydata/postgres-operator/internal/controller/postgrescluster/util.go:162.46,168.3 1 10
github.com/crunchydata/postgres-operator/internal/controller/postgrescluster/util.go:175.103,178.45 2 13
github.com/crunchydata/postgres-operator/internal/controller/postgrescluster/util.go:178.45,179.17 1 24
github.com/crunchydata/postgres-operator/internal/controller/postgrescluster/util.go:181.42,188.9 3 12
github.com/crunchydata/postgres-operator/internal/controller/postgrescluster/util.go:189.32,197.9 4 2
github.com/crunchydata/postgres-operator/internal/controller/postgrescluster/util.go:201.2,215.45 3 13
github.com/crunchydata/postgres-operator/internal/controller/postgrescluster/util.go:215.45,216.40 1 24
github.com/crunchydata/postgres-operator/internal/controller/postgrescluster/util.go:216.40,219.9 3 2
github.com/crunchydata/postgres-operator/internal/controller/postgrescluster/util.go:224.2,224.22 1 13
github.com/crunchydata/postgres-operator/internal/controller/postgrescluster/util.go:224.22,229.46 2 11
github.com/crunchydata/postgres-operator/internal/controller/postgrescluster/util.go:229.46,230.42 1 17
github.com/crunchydata/postgres-operator/internal/controller/postgrescluster/util.go:230.42,233.10 3 3
github.com/crunchydata/postgres-operator/internal/controller/postgrescluster/util.go:235.4,235.55 1 14
github.com/crunchydata/postgres-operator/internal/controller/postgrescluster/util.go:235.55,237.10 2 1
github.com/crunchydata/postgres-operator/internal/controller/postgrescluster/util.go:242.3,242.24 1 11
github.com/crunchydata/postgres-operator/internal/controller/postgrescluster/util.go:242.24,243.47 1 8
github.com/crunchydata/postgres-operator/internal/controller/postgrescluster/util.go:243.47,244.53 1 9
github.com/crunchydata/postgres-operator/internal/controller/postgrescluster/util.go:244.53,246.11 2 7
github.com/crunchydata/postgres-operator/internal/controller/postgrescluster/util.go:251.2,251.80 1 13
github.com/crunchydata/postgres-operator/internal/controller/postgrescluster/util.go:255.39,257.28 2 4
github.com/crunchydata/postgres-operator/internal/controller/postgrescluster/util.go:257.28,258.46 1 3
github.com/crunchydata/postgres-operator/internal/controller/postgrescluster/util.go:258.46,260.4 1 3
github.com/crunchydata/postgres-operator/internal/controller/postgrescluster/util.go:262.2,262.14 1 1
github.com/crunchydata/postgres-operator/internal/controller/postgrescluster/util.go:267.42,269.28 2 4
github.com/crunchydata/postgres-operator/internal/controller/postgrescluster/util.go:269.28,270.48 1 3
github.com/crunchydata/postgres-operator/internal/controller/postgrescluster/util.go:270.48,272.4 1 3
github.com/crunchydata/postgres-operator/internal/controller/postgrescluster/util.go:274.2,274.14 1 1
github.com/crunchydata/postgres-operator/internal/controller/postgrescluster/util.go:281.66,283.38 2 12
github.com/crunchydata/postgres-operator/internal/controller/postgrescluster/util.go:283.38,285.3 1 1
github.com/crunchydata/postgres-operator/internal/controller/postgrescluster/util.go:286.2,286.61 1 11
github.com/crunchydata/postgres-operator/internal/controller/postgrescluster/volumes.go:36.44,40.16 3 0
github.com/crunchydata/postgres-operator/internal/controller/postgrescluster/volumes.go:40.16,46.3 1 0
github.com/crunchydata/postgres-operator/internal/controller/postgrescluster/volumes.go:48.2,61.51 3 0
github.com/crunchydata/postgres-operator/internal/controller/postgrescluster/volumes.go:61.51,62.50 1 0
github.com/crunchydata/postgres-operator/internal/controller/postgrescluster/volumes.go:62.50,64.4 1 0
github.com/crunchydata/postgres-operator/internal/controller/postgrescluster/volumes.go:65.3,65.11 1 0
github.com/crunchydata/postgres-operator/internal/controller/postgrescluster/volumes.go:68.2,68.36 1 0
github.com/crunchydata/postgres-operator/internal/controller/postgrescluster/volumes.go:68.36,69.51 1 0
github.com/crunchydata/postgres-operator/internal/controller/postgrescluster/volumes.go:69.51,70.26 1 0
github.com/crunchydata/postgres-operator/internal/controller/postgrescluster/volumes.go:92.57,95.30 1 0
github.com/crunchydata/postgres-operator/internal/controller/postgrescluster/volumes.go:95.30,102.31 4 0
github.com/crunchydata/postgres-operator/internal/controller/postgrescluster/volumes.go:102.31,104.7 1 0
github.com/crunchydata/postgres-operator/internal/controller/postgrescluster/volumes.go:108.5,108.49 1 0
github.com/crunchydata/postgres-operator/internal/controller/postgrescluster/volumes.go:108.49,116.31 5 0
github.com/crunchydata/postgres-operator/internal/controller/postgrescluster/volumes.go:116.31,118.7 1 0
github.com/crunchydata/postgres-operator/internal/controller/postgrescluster/volumes.go:122.5,123.47 1 0
github.com/crunchydata/postgres-operator/internal/controller/postgrescluster/volumes.go:123.47,126.6 1 0
github.com/crunchydata/postgres-operator/internal/controller/postgrescluster/volumes.go:134.49,140.49 1 0
github.com/crunchydata/postgres-operator/internal/controller/postgrescluster/volumes.go:140.49,148.36 5 0
github.com/crunchydata/postgres-operator/internal/controller/postgrescluster/volumes.go:148.36,150.7 1 0
github.com/crunchydata/postgres-operator/internal/controller/postgrescluster/volumes.go:159.57,159.57 0 0
github.com/crunchydata/postgres-operator/internal/controller/postgrescluster/volumes.go:164.2,164.27 1 0
github.com/crunchydata/postgres-operator/internal/controller/postgrescluster/volumes.go:164.27,166.3 1 0
github.com/crunchydata/postgres-operator/internal/controller/postgrescluster/volumes.go:166.8,170.3 1 0
github.com/crunchydata/postgres-operator/internal/controller/postgrescluster/volumes.go:172.2,172.32 1 0
github.com/crunchydata/postgres-operator/internal/controller/postgrescluster/volumes.go:172.32,174.3 1 0
github.com/crunchydata/postgres-operator/internal/controller/postgrescluster/volumes.go:174.8,176.3 1 0
github.com/crunchydata/postgres-operator/internal/controller/postgrescluster/volumes.go:178.2,178.51 1 0
github.com/crunchydata/postgres-operator/internal/controller/postgrescluster/volumes.go:190.44,196.55 2 0
github.com/crunchydata/postgres-operator/internal/controller/postgrescluster/volumes.go:196.55,198.43 1 0
github.com/crunchydata/postgres-operator/internal/controller/postgrescluster/volumes.go:198.43,202.4 3 0
github.com/crunchydata/postgres-operator/internal/controller/postgrescluster/volumes.go:203.3,210.15 2 0
github.com/crunchydata/postgres-operator/internal/controller/postgrescluster/volumes.go:210.15,213.4 1 0
github.com/crunchydata/postgres-operator/internal/controller/postgrescluster/volumes.go:216.2,219.14 1 0
github.com/crunchydata/postgres-operator/internal/controller/postgrescluster/volumes.go:219.14,222.3 1 0
github.com/crunchydata/postgres-operator/internal/controller/postgrescluster/volumes.go:223.2,223.21 1 0
github.com/crunchydata/postgres-operator/internal/controller/postgrescluster/volumes.go:237.44,240.25 1 0
github.com/crunchydata/postgres-operator/internal/controller/postgrescluster/volumes.go:240.25,242.31 1 0
github.com/crunchydata/postgres-operator/internal/controller/postgrescluster/volumes.go:242.31,244.4 1 0
github.com/crunchydata/postgres-operator/internal/controller/postgrescluster/volumes.go:247.2,247.40 1 0
github.com/crunchydata/postgres-operator/internal/controller/postgrescluster/volumes.go:247.40,249.40 1 0
github.com/crunchydata/postgres-operator/internal/controller/postgrescluster/volumes.go:249.40,267.68 4 0
github.com/crunchydata/postgres-operator/internal/controller/postgrescluster/volumes.go:267.68,269.5 1 0
github.com/crunchydata/postgres-operator/internal/controller/postgrescluster/volumes.go:270.4,270.65 1 0
github.com/crunchydata/postgres-operator/internal/controller/postgrescluster/volumes.go:270.65,272.5 1 0
github.com/crunchydata/postgres-operator/internal/controller/postgrescluster/volumes.go:273.4,273.37 1 0
github.com/crunchydata/postgres-operator/internal/controller/postgrescluster/volumes.go:276.2,276.21 1 0
github.com/crunchydata/postgres-operator/internal/controller/postgrescluster/volumes.go:290.44,293.25 1 0
github.com/crunchydata/postgres-operator/internal/controller/postgrescluster/volumes.go:293.25,295.31 1 0
github.com/crunchydata/postgres-operator/internal/controller/postgrescluster/volumes.go:295.31,297.4 1 0
github.com/crunchydata/postgres-operator/internal/controller/postgrescluster/volumes.go:300.2,301.26 1 0
github.com/crunchydata/postgres-operator/internal/controller/postgrescluster/volumes.go:301.26,320.67 4 0
github.com/crunchydata/postgres-operator/internal/controller/postgrescluster/volumes.go:320.67,322.4 1 0
github.com/crunchydata/postgres-operator/internal/controller/postgrescluster/volumes.go:323.3,323.64 1 0
github.com/crunchydata/postgres-operator/internal/controller/postgrescluster/volumes.go:323.64,325.4 1 0
github.com/crunchydata/postgres-operator/internal/controller/postgrescluster/volumes.go:326.3,326.36 1 0
github.com/crunchydata/postgres-operator/internal/controller/postgrescluster/volumes.go:328.2,328.21 1 0
github.com/crunchydata/postgres-operator/internal/controller/postgrescluster/volumes.go:341.44,344.25 1 0
github.com/crunchydata/postgres-operator/internal/controller/postgrescluster/volumes.go:344.25,346.31 1 0
github.com/crunchydata/postgres-operator/internal/controller/postgrescluster/volumes.go:346.31,348.4 1 0
github.com/crunchydata/postgres-operator/internal/controller/postgrescluster/volumes.go:351.2,351.52 1 0
github.com/crunchydata/postgres-operator/internal/controller/postgrescluster/volumes.go:351.52,354.44 1 0
github.com/crunchydata/postgres-operator/internal/controller/postgrescluster/volumes.go:354.44,369.68 3 0
github.com/crunchydata/postgres-operator/internal/controller/postgrescluster/volumes.go:369.68,371.5 1 0
github.com/crunchydata/postgres-operator/internal/controller/postgrescluster/volumes.go:372.4,372.65 1 0
github.com/crunchydata/postgres-operator/internal/controller/postgrescluster/volumes.go:372.65,374.5 1 0
github.com/crunchydata/postgres-operator/internal/controller/postgrescluster/volumes.go:375.4,375.37 1 0
github.com/crunchydata/postgres-operator/internal/controller/postgrescluster/volumes.go:378.2,378.21 1 0
github.com/crunchydata/postgres-operator/internal/controller/postgrescluster/volumes.go:387.50,390.42 1 0
github.com/crunchydata/postgres-operator/internal/controller/postgrescluster/volumes.go:390.42,396.18 2 0
github.com/crunchydata/postgres-operator/internal/controller/postgrescluster/volumes.go:396.18,398.4 1 0
github.com/crunchydata/postgres-operator/internal/controller/postgrescluster/volumes.go:400.3,408.19 4 0
github.com/crunchydata/postgres-operator/internal/controller/postgrescluster/volumes.go:408.19,410.4 1 0
github.com/crunchydata/postgres-operator/internal/controller/postgrescluster/volumes.go:412.3,417.19 1 0
github.com/crunchydata/postgres-operator/internal/controller/postgrescluster/volumes.go:417.19,419.4 1 0
github.com/crunchydata/postgres-operator/internal/controller/postgrescluster/volumes.go:421.3,426.19 1 0
github.com/crunchydata/postgres-operator/internal/controller/postgrescluster/volumes.go:426.19,428.4 1 0
github.com/crunchydata/postgres-operator/internal/controller/postgrescluster/volumes.go:430.3,430.56 1 0
github.com/crunchydata/postgres-operator/internal/controller/postgrescluster/volumes.go:433.2,433.19 1 0
github.com/crunchydata/postgres-operator/internal/controller/postgrescluster/volumes.go:444.75,450.26 3 0
github.com/crunchydata/postgres-operator/internal/controller/postgrescluster/volumes.go:450.26,451.42 1 0
github.com/crunchydata/postgres-operator/internal/controller/postgrescluster/volumes.go:451.42,452.33 1 0
github.com/crunchydata/postgres-operator/internal/controller/postgrescluster/volumes.go:452.33,455.5 1 0
github.com/crunchydata/postgres-operator/internal/controller/postgrescluster/volumes.go:456.4,456.31 1 0
github.com/crunchydata/postgres-operator/internal/controller/postgrescluster/volumes.go:456.31,460.5 1 0
github.com/crunchydata/postgres-operator/internal/controller/postgrescluster/volumes.go:466.2,501.40 6 0
github.com/crunchydata/postgres-operator/internal/controller/postgrescluster/volumes.go:501.40,503.3 1 0
github.com/crunchydata/postgres-operator/internal/controller/postgrescluster/volumes.go:505.2,539.40 2 0
github.com/crunchydata/postgres-operator/internal/controller/postgrescluster/volumes.go:539.40,542.3 1 0
github.com/crunchydata/postgres-operator/internal/controller/postgrescluster/volumes.go:543.2,547.70 3 0
github.com/crunchydata/postgres-operator/internal/controller/postgrescluster/volumes.go:547.70,549.3 1 0
github.com/crunchydata/postgres-operator/internal/controller/postgrescluster/volumes.go:552.2,552.49 1 0
github.com/crunchydata/postgres-operator/internal/controller/postgrescluster/volumes.go:552.49,554.3 1 0
github.com/crunchydata/postgres-operator/internal/controller/postgrescluster/volumes.go:556.2,556.18 1 0
github.com/crunchydata/postgres-operator/internal/controller/postgrescluster/volumes.go:567.75,573.26 3 0
github.com/crunchydata/postgres-operator/internal/controller/postgrescluster/volumes.go:573.26,574.42 1 0
github.com/crunchydata/postgres-operator/internal/controller/postgrescluster/volumes.go:574.42,575.33 1 0
github.com/crunchydata/postgres-operator/internal/controller/postgrescluster/volumes.go:575.33,578.5 1 0
github.com/crunchydata/postgres-operator/internal/controller/postgrescluster/volumes.go:579.4,579.31 1 0
github.com/crunchydata/postgres-operator/internal/controller/postgrescluster/volumes.go:579.31,583.5 1 0
github.com/crunchydata/postgres-operator/internal/controller/postgrescluster/volumes.go:587.2,618.40 6 0
github.com/crunchydata/postgres-operator/internal/controller/postgrescluster/volumes.go:618.40,620.3 1 0
github.com/crunchydata/postgres-operator/internal/controller/postgrescluster/volumes.go:622.2,656.40 2 0
github.com/crunchydata/postgres-operator/internal/controller/postgrescluster/volumes.go:656.40,659.3 1 0
github.com/crunchydata/postgres-operator/internal/controller/postgrescluster/volumes.go:660.2,664.70 3 0
github.com/crunchydata/postgres-operator/internal/controller/postgrescluster/volumes.go:664.70,666.3 1 0
github.com/crunchydata/postgres-operator/internal/controller/postgrescluster/volumes.go:669.2,669.49 1 0
github.com/crunchydata/postgres-operator/internal/controller/postgrescluster/volumes.go:669.49,671.3 1 0
github.com/crunchydata/postgres-operator/internal/controller/postgrescluster/volumes.go:673.2,673.18 1 0
github.com/crunchydata/postgres-operator/internal/controller/postgrescluster/volumes.go:684.75,690.26 3 0
github.com/crunchydata/postgres-operator/internal/controller/postgrescluster/volumes.go:690.26,691.42 1 0
github.com/crunchydata/postgres-operator/internal/controller/postgrescluster/volumes.go:691.42,692.33 1 0
github.com/crunchydata/postgres-operator/internal/controller/postgrescluster/volumes.go:692.33,695.5 1 0
github.com/crunchydata/postgres-operator/internal/controller/postgrescluster/volumes.go:696.4,696.31 1 0
github.com/crunchydata/postgres-operator/internal/controller/postgrescluster/volumes.go:696.31,700.5 1 0
github.com/crunchydata/postgres-operator/internal/controller/postgrescluster/volumes.go:704.2,740.53 6 0
github.com/crunchydata/postgres-operator/internal/controller/postgrescluster/volumes.go:740.53,742.3 1 0
github.com/crunchydata/postgres-operator/internal/controller/postgrescluster/volumes.go:744.2,777.75 2 0
github.com/crunchydata/postgres-operator/internal/controller/postgrescluster/volumes.go:777.75,779.3 1 0
github.com/crunchydata/postgres-operator/internal/controller/postgrescluster/volumes.go:780.2,784.70 3 0
github.com/crunchydata/postgres-operator/internal/controller/postgrescluster/volumes.go:784.70,786.3 1 0
github.com/crunchydata/postgres-operator/internal/controller/postgrescluster/volumes.go:789.2,789.49 1 0
github.com/crunchydata/postgres-operator/internal/controller/postgrescluster/volumes.go:789.49,791.3 1 0
github.com/crunchydata/postgres-operator/internal/controller/postgrescluster/volumes.go:792.2,792.18 1 0
github.com/crunchydata/postgres-operator/internal/controller/postgrescluster/volumes.go:800.9,802.59 2 6
github.com/crunchydata/postgres-operator/internal/controller/postgrescluster/volumes.go:802.59,804.3 1 5
github.com/crunchydata/postgres-operator/internal/controller/postgrescluster/volumes.go:806.2,806.34 1 6
github.com/crunchydata/postgres-operator/internal/controller/postgrescluster/volumes.go:806.34,815.3 1 3
github.com/crunchydata/postgres-operator/internal/controller/postgrescluster/volumes.go:817.2,817.33 1 6
github.com/crunchydata/postgres-operator/internal/controller/postgrescluster/volumes.go:817.33,820.3 1 5
github.com/crunchydata/postgres-operator/internal/controller/postgrescluster/volumes.go:826.2,826.32 1 6
github.com/crunchydata/postgres-operator/internal/controller/postgrescluster/volumes.go:826.32,830.3 3 1
github.com/crunchydata/postgres-operator/internal/controller/postgrescluster/volumes.go:832.2,832.55 1 5
github.com/crunchydata/postgres-operator/internal/controller/postgrescluster/volumes.go:832.55,834.47 2 4
github.com/crunchydata/postgres-operator/internal/controller/postgrescluster/volumes.go:834.47,835.11 1 5
github.com/crunchydata/postgres-operator/internal/controller/postgrescluster/volumes.go:846.28,847.21 1 2
github.com/crunchydata/postgres-operator/internal/controller/postgrescluster/volumes.go:854.55,856.21 2 2
github.com/crunchydata/postgres-operator/internal/controller/postgrescluster/volumes.go:858.12,859.24 1 1
github.com/crunchydata/postgres-operator/internal/controller/postgrescluster/volumes.go:863.3,863.54 1 4
github.com/crunchydata/postgres-operator/internal/controller/postgrescluster/volumes.go:863.54,866.4 1 3
github.com/crunchydata/postgres-operator/internal/controller/postgrescluster/volumes.go:869.2,869.12 1 2
github.com/crunchydata/postgres-operator/internal/controller/postgrescluster/volumes.go:877.21,880.61 2 7
github.com/crunchydata/postgres-operator/internal/controller/postgrescluster/volumes.go:880.61,881.39 1 3
github.com/crunchydata/postgres-operator/internal/controller/postgrescluster/volumes.go:881.39,882.59 1 4
github.com/crunchydata/postgres-operator/internal/controller/postgrescluster/volumes.go:882.59,884.10 2 3
github.com/crunchydata/postgres-operator/internal/controller/postgrescluster/volumes.go:889.2,889.17 1 7
github.com/crunchydata/postgres-operator/internal/controller/postgrescluster/volumes.go:893.91,894.30 1 2
github.com/crunchydata/postgres-operator/internal/controller/postgrescluster/volumes.go:894.30,895.52 1 3
github.com/crunchydata/postgres-operator/internal/controller/postgrescluster/volumes.go:895.52,897.4 1 2
github.com/crunchydata/postgres-operator/internal/controller/postgrescluster/volumes.go:899.2,899.11 1 0
github.com/crunchydata/postgres-operator/internal/controller/postgrescluster/watches.go:21.46,23.121 1 1
github.com/crunchydata/postgres-operator/internal/controller/postgrescluster/watches.go:23.121,32.46 3 13
github.com/crunchydata/postgres-operator/internal/controller/postgrescluster/watches.go:32.46,38.5 2 1
github.com/crunchydata/postgres-operator/internal/controller/postgrescluster/watches.go:42.4,44.47 1 12
github.com/crunchydata/postgres-operator/internal/controller/postgrescluster/watches.go:44.47,50.5 2 3
github.com/crunchydata/postgres-operator/internal/controller/postgrescluster/watches.go:54.4,56.39 1 9
github.com/crunchydata/postgres-operator/internal/controller/postgrescluster/watches.go:56.39,62.5 2 0
github.com/crunchydata/postgres-operator/internal/controller/postgrescluster/watches.go:65.4,78.49 4 9
github.com/crunchydata/postgres-operator/internal/controller/postgrescluster/watches.go:78.49,80.86 1 43
github.com/crunchydata/postgres-operator/internal/controller/postgrescluster/watches.go:80.86,86.6 2 5
